[2m2026-03-08T16:54:30.403088Z[0m [32m INFO[0m [2mcompute_history[0m[2m:[0m compute_history: ACTIVE_STRATEGY = super_entry
[2m2026-03-08T16:54:30.403208Z[0m [32m INFO[0m [2mcompute_history[0m[2m:[0m compute_history: MODE: indicators + raw_signals + super_entry_signals (ZERO-COPY)
[2m2026-03-08T16:54:30.403219Z[0m [32m INFO[0m [2mcompute_history[0m[2m:[0m compute_history: SUPER_ENTRY_ENABLED=true
[2m2026-03-08T16:54:30.433607Z[0m [33m WARN[0m [2msqlx::postgres::notice[0m[2m:[0m there is already a transaction in progress
[2m2026-03-08T16:54:30.434708Z[0m [33m WARN[0m [2msqlx::postgres::notice[0m[2m:[0m there is no transaction in progress
[2m2026-03-08T16:54:32.229041Z[0m [33m WARN[0m [2msqlx::query[0m[2m:[0m slow statement: execution time exceeded alert threshold [3msummary[0m[2m=[0m"-- database/ddl/030_market_indicators.sql CREATE SCHEMA …" [3mdb.statement[0m[2m=[0m"\n\n-- database/ddl/030_market_indicators.sql\nCREATE SCHEMA IF NOT EXISTS market;\nCREATE EXTENSION IF NOT EXISTS timescaledb;\n\nDROP TABLE IF EXISTS market.indicators_wide CASCADE;\n\nCREATE TABLE IF NOT EXISTS market.indicators_wide (\n    time            TIMESTAMPTZ NOT NULL,\n    time_ms         BIGINT      NOT NULL,\n    symbol_id       BIGINT      NOT NULL,\n    symbol          TEXT        NOT NULL,\n    tf_minutes      SMALLINT    NOT NULL,\n\n    -- Momentum\n    rsi             REAL,\n    cci             REAL,\n    stoch_k         REAL,\n    stoch_d         REAL,\n    williams        REAL,\n    \n    -- Trend\n    macd            REAL,\n    macd_signal     REAL,\n    macd_hist       REAL,\n    adx             REAL,\n    sma             REAL,\n    ema_20          REAL,\n    ema_50          REAL,\n    ema_200         REAL,\n    \n    -- Volatility\n    bb_upper        REAL,\n    bb_mid          REAL,\n    bb_lower        REAL,\n    atr             REAL,\n    \n    -- Volume\n    obv             DOUBLE PRECISION,\n    vwap            DOUBLE PRECISION,\n    volume_spike    REAL,\n    \n    -- Alligator\n    alligator_jaw   REAL,\n    alligator_teeth REAL,\n    alligator_lips  REAL,\n    \n    -- Other\n    trend           SMALLINT,\n    trend_short     SMALLINT,\n    poc             REAL,\n    \n    -- New indicators (v2)\n    mfi             REAL,        -- Money Flow Index (0-100)\n    fibo_pivot      REAL,        -- Fibonacci Pivot\n    fibo_r1         REAL,        -- Fibonacci R1\n    fibo_s1         REAL,        -- Fibonacci S1\n    supertrend      REAL,        -- SuperTrend value\n    supertrend_dir  SMALLINT,    -- SuperTrend direction (1=bullish, -1=bearish)\n    cmf             REAL,        -- Chaikin Money Flow (-1 to +1)\n    \n    -- Complex data\n    sr_levels       JSONB,\n    \n    -- Meta\n    candle_is_final BOOLEAN     NOT NULL DEFAULT TRUE,\n    calc_source     SMALLINT    NOT NULL DEFAULT 1,\n    event_time_ms   BIGINT,\n\n    created_at      TIMESTAMPTZ NOT NULL DEFAULT now(),\n    updated_at      TIMESTAMPTZ NOT NULL DEFAULT now(),\n    \n    PRIMARY KEY (symbol_id, tf_minutes, time)\n);\n\n-- Hypertable\nSELECT create_hypertable('market.indicators_wide', 'time', if_not_exists => TRUE, chunk_time_interval => INTERVAL '7 days');\n\n-- Indexes\nCREATE INDEX IF NOT EXISTS idx_indicators_wide_sym_tf_time ON market.indicators_wide (symbol_id, tf_minutes, time DESC);\nCREATE INDEX IF NOT EXISTS idx_indicators_wide_time_ms ON market.indicators_wide (time_ms DESC);\nCREATE INDEX IF NOT EXISTS idx_indicators_wide_symbol ON market.indicators_wide(symbol);\n\n-- Compression\nALTER TABLE market.indicators_wide SET (\n    timescaledb.compress, \n    timescaledb.compress_segmentby = 'symbol_id, tf_minutes',\n    timescaledb.compress_orderby = 'time DESC'\n);\nSELECT add_compression_policy('market.indicators_wide', INTERVAL '3 days');\n" [3mrows_affected[0m[2m=[0m0 [3mrows_returned[0m[2m=[0m0 [3melapsed[0m[2m=[0m1.792937398s [3melapsed_secs[0m[2m=[0m1.7929373979999998 [3mslow_threshold[0m[2m=[0m1s
[2m2026-03-08T16:54:32.229084Z[0m [33m WARN[0m [2mdatabase_lib::init_db[0m[2m:[0m DDL file #6 error (may be safe to ignore if objects already exist): error returned from database: cache lookup failed for relation 8977581
[2m2026-03-08T16:54:36.669077Z[0m [33m WARN[0m [2msqlx::query[0m[2m:[0m slow statement: execution time exceeded alert threshold [3msummary[0m[2m=[0m"-- 045_add_symbol_column.sql -- Add …" [3mdb.statement[0m[2m=[0m"\n\n-- 045_add_symbol_column.sql\n-- Add symbol column to all relevant tables for improved readability\n\n-- Add symbol column to all candle tables\nALTER TABLE market.candles_1m ADD COLUMN IF NOT EXISTS symbol TEXT;\nALTER TABLE market.candles_5m ADD COLUMN IF NOT EXISTS symbol TEXT;\nALTER TABLE market.candles_15m ADD COLUMN IF NOT EXISTS symbol TEXT;\nALTER TABLE market.candles_1h ADD COLUMN IF NOT EXISTS symbol TEXT;\nALTER TABLE market.candles_4h ADD COLUMN IF NOT EXISTS symbol TEXT;\nALTER TABLE market.candles_1d ADD COLUMN IF NOT EXISTS symbol TEXT;\n-- Also add to the live candles table\nALTER TABLE market.candles_live ADD COLUMN IF NOT EXISTS symbol TEXT;\nALTER TABLE market.indicators_wide ADD COLUMN IF NOT EXISTS symbol TEXT;\n\n-- Add symbol column to all indicator tables\n\n\n-- Add symbol column to raw_signals table\nALTER TABLE market.raw_signals ADD COLUMN IF NOT EXISTS symbol TEXT;\n\n-- Update the sync functions to populate the symbol column automatically\nCREATE OR REPLACE FUNCTION market.sync_candle_time()\nRETURNS TRIGGER AS $$\nDECLARE\n    sym TEXT;\nBEGIN\n    -- Основное время\n    NEW.time := to_timestamp(NEW.time_ms / 1000.0);\n\n    -- Автоматически заполняем символ, если его нет\n    IF NEW.symbol IS NULL OR NEW.symbol = '' THEN\n        SELECT symbol INTO sym FROM market.pairs WHERE symbol_id = NEW.symbol_id;\n        IF FOUND THEN\n            NEW.symbol := sym;\n        END IF;\n    END IF;\n\n    RETURN NEW;\nEND;\n$$ LANGUAGE plpgsql;\n\nCREATE OR REPLACE FUNCTION market.sync_indicator_time()\nRETURNS TRIGGER AS $$\nDECLARE\n    sym TEXT;\nBEGIN\n    -- Основное время\n    NEW.time := to_timestamp(NEW.time_ms / 1000.0);\n\n    -- Логика для updated_at\n    IF NEW.updated_at_ms IS NULL THEN\n        NEW.updated_at := now();\n    ELSE\n        NEW.updated_at := to_timestamp(NEW.updated_at_ms / 1000.0);\n    END IF;\n\n    -- Автоматически заполняем символ, если его нет\n    IF NEW.symbol IS NULL OR NEW.symbol = '' THEN\n        SELECT symbol INTO sym FROM market.pairs WHERE symbol_id = NEW.symbol_id;\n        IF FOUND THEN\n            NEW.symbol := sym;\n        END IF;\n    END IF;\n\n    RETURN NEW;\nEND;\n$$ LANGUAGE plpgsql;\n\nCREATE OR REPLACE FUNCTION market.sync_raw_signals_time()\nRETURNS TRIGGER AS $$\nDECLARE\n    sym TEXT;\nBEGIN\n    -- Основное время\n    NEW.time := to_timestamp(NEW.time_ms / 1000.0);\n\n    -- Логика для created_at\n    IF NEW.created_at_ms IS NULL THEN\n        NEW.created_at := now();\n    ELSE\n        NEW.created_at := to_timestamp(NEW.created_at_ms / 1000.0);\n    END IF;\n\n    -- Автоматически заполняем символ, если его нет\n    IF NEW.symbol IS NULL OR NEW.symbol = '' THEN\n        SELECT symbol INTO sym FROM market.pairs WHERE symbol_id = NEW.symbol_id;\n        IF FOUND THEN\n            NEW.symbol := sym;\n        END IF;\n    END IF;\n\n    RETURN NEW;\nEND;\n$$ LANGUAGE plpgsql;\n\n-- Create a sync function for live candles\nCREATE OR REPLACE FUNCTION market.sync_candles_live_time()\nRETURNS TRIGGER AS $$\nDECLARE\n    sym TEXT;\nBEGIN\n    -- Automatically populate symbol if it's not provided\n    IF NEW.symbol IS NULL OR NEW.symbol = '' THEN\n        SELECT symbol INTO sym FROM market.pairs WHERE symbol = NEW.symbol; -- NEW.symbol should already be provided\n        IF FOUND THEN\n            NEW.symbol := sym;\n        END IF;\n    END IF;\n\n    RETURN NEW;\nEND;\n$$ LANGUAGE plpgsql;\n\n-- Populate the symbol column with values from the pairs table\n-- For candles tables\nUPDATE market.candles_1m SET symbol = p.symbol\nFROM market.pairs p\nWHERE market.candles_1m.symbol_id = p.symbol_id AND (market.candles_1m.symbol IS NULL OR market.candles_1m.symbol = '');\n\nUPDATE market.candles_5m SET symbol = p.symbol\nFROM market.pairs p\nWHERE market.candles_5m.symbol_id = p.symbol_id AND (market.candles_5m.symbol IS NULL OR market.candles_5m.symbol = '');\n\nUPDATE market.candles_15m SET symbol = p.symbol\nFROM market.pairs p\nWHERE market.candles_15m.symbol_id = p.symbol_id AND (market.candles_15m.symbol IS NULL OR market.candles_15m.symbol = '');\n\nUPDATE market.candles_1h SET symbol = p.symbol\nFROM market.pairs p\nWHERE market.candles_1h.symbol_id = p.symbol_id AND (market.candles_1h.symbol IS NULL OR market.candles_1h.symbol = '');\n\nUPDATE market.candles_4h SET symbol = p.symbol\nFROM market.pairs p\nWHERE market.candles_4h.symbol_id = p.symbol_id AND (market.candles_4h.symbol IS NULL OR market.candles_4h.symbol = '');\n\nUPDATE market.candles_1d SET symbol = p.symbol\nFROM market.pairs p\nWHERE market.candles_1d.symbol_id = p.symbol_id AND (market.candles_1d.symbol IS NULL OR market.candles_1d.symbol = '');\n\n-- For live candles table (symbol is already part of the data)\nUPDATE market.candles_live SET symbol = p.symbol\nFROM market.pairs p\nWHERE market.candles_live.symbol = p.symbol AND (market.candles_live.symbol IS NULL OR market.candles_live.symbol = '');\n\n-- For indicators tables\nUPDATE market.indicators_wide SET symbol = p.symbol\nFROM market.pairs p\nWHERE market.indicators_wide.symbol_id = p.symbol_id AND (market.indicators_wide.symbol IS NULL OR market.indicators_wide.symbol = '');\n\n\n-- For raw_signals table\nUPDATE market.raw_signals SET symbol = p.symbol\nFROM market.pairs p\nWHERE market.raw_signals.symbol_id = p.symbol_id AND (market.raw_signals.symbol IS NULL OR market.raw_signals.symbol = '');\n\n-- Create indexes for the new symbol column to improve query performance\nCREATE INDEX IF NOT EXISTS ix_candles_1m_symbol ON market.candles_1m (symbol);\nCREATE INDEX IF NOT EXISTS ix_candles_5m_symbol ON market.candles_5m (symbol);\nCREATE INDEX IF NOT EXISTS ix_candles_15m_symbol ON market.candles_15m (symbol);\nCREATE INDEX IF NOT EXISTS ix_candles_1h_symbol ON market.candles_1h (symbol);\nCREATE INDEX IF NOT EXISTS ix_candles_4h_symbol ON market.candles_4h (symbol);\nCREATE INDEX IF NOT EXISTS ix_candles_1d_symbol ON market.candles_1d (symbol);\nCREATE INDEX IF NOT EXISTS ix_candles_live_symbol ON market.candles_live (symbol);\n\nCREATE INDEX IF NOT EXISTS ix_indicators_wide_symbol ON market.indicators_wide (symbol);\n\nCREATE INDEX IF NOT EXISTS ix_raw_signals_symbol ON market.raw_signals (symbol);\n" [3mrows_affected[0m[2m=[0m0 [3mrows_returned[0m[2m=[0m0 [3melapsed[0m[2m=[0m4.395355221s [3melapsed_secs[0m[2m=[0m4.395355221 [3mslow_threshold[0m[2m=[0m1s
[2m2026-03-08T16:54:36.669149Z[0m [33m WARN[0m [2mdatabase_lib::init_db[0m[2m:[0m DDL file #8 error (may be safe to ignore if objects already exist): error returned from database: tuple decompression limit exceeded by operation
[2m2026-03-08T16:54:36.685111Z[0m [33m WARN[0m [2mdatabase_lib::init_db[0m[2m:[0m DDL file #9 error (may be safe to ignore if objects already exist): error returned from database: trigger "trg_sync_final_signals" for relation "final_signals" already exists
[2m2026-03-08T16:54:36.720853Z[0m [33m WARN[0m [2mdatabase_lib::init_db[0m[2m:[0m DDL file #10 error (may be safe to ignore if objects already exist): error returned from database: constraint "chk_final_tf" for relation "final_signals" already exists
[2m2026-03-08T16:54:42.679109Z[0m [33m WARN[0m [2msqlx::postgres::notice[0m[2m:[0m compression policy already exists for hypertable "indicators_wide"
[2m2026-03-08T16:54:42.679153Z[0m [33m WARN[0m [2msqlx::query[0m[2m:[0m slow statement: execution time exceeded alert threshold [3msummary[0m[2m=[0m"-- 060_policies.sql -- retention: …" [3mdb.statement[0m[2m=[0m"\n\n-- 060_policies.sql\n-- retention: target ~12 000 bars per pair per TF for ML training (super_entry)\n-- 1m:  12000 мин ≈ 8.3 days  -> 10 days (1m/5m kept as-is for now, can lower if needed)\n-- 5m:  12000*5 = 60000 мин ≈ 41.7 days -> 45 days\n-- 15m: 12000*15 = 125 days -> 130 days\n-- 1h:  12000*60 = 500 days -> 510 days\n-- 4h:  12000*240 = 2000 days -> 2000 days\n-- 1d:  3700 days -> 3700 days (~10 years)\n\n-- свечи\nSELECT add_retention_policy('market.candles_1m', INTERVAL '10 days',   if_not_exists=>TRUE);\nSELECT add_retention_policy('market.candles_5m', INTERVAL '45 days',   if_not_exists=>TRUE);\nSELECT add_retention_policy('market.candles_15m',INTERVAL '130 days',  if_not_exists=>TRUE);\nSELECT add_retention_policy('market.candles_1h', INTERVAL '510 days',  if_not_exists=>TRUE);\nSELECT add_retention_policy('market.candles_4h', INTERVAL '2000 days', if_not_exists=>TRUE);\nSELECT add_retention_policy('market.candles_1d', INTERVAL '3700 days', if_not_exists=>TRUE);\n\n-- индикаторы snapshot (match 4h retention — 2000 days covers all TFs)\nSELECT add_retention_policy('market.indicators_wide', INTERVAL '2000 days', if_not_exists=>TRUE);\n\n-- raw_signals (храним меньше, чтобы не пухло)\nSELECT add_retention_policy('market.raw_signals', INTERVAL '60 days', if_not_exists=>TRUE);\n\n-- trade.final_signals (можно дольше)\nSELECT add_retention_policy('trade.final_signals', INTERVAL '365 days', if_not_exists=>TRUE);\n\n-- ml_train_examples (по желанию; можно держать дольше, но пока ограничим)\nSELECT add_retention_policy('trade.ml_train_examples', INTERVAL '365 days', if_not_exists=>TRUE);\n\n\n-- Compression (сильно экономит место)\n-- candles\nALTER TABLE market.candles_1m SET (timescaledb.compress, timescaledb.compress_segmentby = 'symbol_id');\nALTER TABLE market.candles_5m SET (timescaledb.compress, timescaledb.compress_segmentby = 'symbol_id');\nALTER TABLE market.candles_15m SET (timescaledb.compress, timescaledb.compress_segmentby = 'symbol_id');\nALTER TABLE market.candles_1h SET (timescaledb.compress, timescaledb.compress_segmentby = 'symbol_id');\nALTER TABLE market.candles_4h SET (timescaledb.compress, timescaledb.compress_segmentby = 'symbol_id');\nALTER TABLE market.candles_1d SET (timescaledb.compress, timescaledb.compress_segmentby = 'symbol_id');\n\nSELECT add_compression_policy('market.candles_1m', INTERVAL '6 hours',  if_not_exists=>TRUE);\nSELECT add_compression_policy('market.candles_5m', INTERVAL '1 day',    if_not_exists=>TRUE);\nSELECT add_compression_policy('market.candles_15m',INTERVAL '2 days',   if_not_exists=>TRUE);\nSELECT add_compression_policy('market.candles_1h', INTERVAL '7 days',   if_not_exists=>TRUE);\nSELECT add_compression_policy('market.candles_4h', INTERVAL '14 days',  if_not_exists=>TRUE);\nSELECT add_compression_policy('market.candles_1d', INTERVAL '30 days',  if_not_exists=>TRUE);\n\n-- indicators\nALTER TABLE market.indicators_wide SET (timescaledb.compress, timescaledb.compress_segmentby = 'symbol_id');\n\n\nSELECT add_compression_policy('market.indicators_wide', INTERVAL '20 days',  if_not_exists=>TRUE);\n\n" [3mrows_affected[0m[2m=[0m17 [3mrows_returned[0m[2m=[0m17 [3melapsed[0m[2m=[0m5.941908847s [3melapsed_secs[0m[2m=[0m5.941908847 [3mslow_threshold[0m[2m=[0m1s
[2m2026-03-08T16:54:42.752362Z[0m [33m WARN[0m [2msqlx::postgres::notice[0m[2m:[0m there is already a transaction in progress
[2m2026-03-08T16:54:42.757600Z[0m [33m WARN[0m [2mdatabase_lib::init_db[0m[2m:[0m DDL file #20 error (may be safe to ignore if objects already exist): error returned from database: functions in index predicate must be marked IMMUTABLE
[2m2026-03-08T16:54:42.785698Z[0m [32m INFO[0m [2mcompute_history[0m[2m:[0m compute_history: Setting up SuperEntryStage for ZERO-COPY history pipeline
[2m2026-03-08T16:54:42.979077Z[0m [32m INFO[0m [2mcompute_history[0m[2m:[0m compute_history: ✅ SuperEntryStage spawned — ZERO-COPY pipeline active
[2m2026-03-08T16:54:43.002417Z[0m [32m INFO[0m [2mcompute_history[0m[2m:[0m Found 117 active symbols
[2m2026-03-08T16:54:43.002448Z[0m [32m INFO[0m [2mcompute_history[0m[2m:[0m compute_history (super_entry): will persist indicators for: [Symbol("BTCUSDT"), Symbol("XRPUSDT"), Symbol("LTCUSDT"), Symbol("TRXUSDT"), Symbol("ETCUSDT"), Symbol("LINKUSDT"), Symbol("XLMUSDT"), Symbol("ADAUSDT"), Symbol("RENDERUSDT"), Symbol("POLUSDT"), Symbol("VIRTUALUSDT"), Symbol("PENGUUSDT"), Symbol("FARTCOINUSDT"), Symbol("PHAUSDT"), Symbol("BIOUSDT"), Symbol("ARCUSDT"), Symbol("TRUMPUSDT"), Symbol("ETHUSDT"), Symbol("BCHUSDT"), Symbol("XMRUSDT"), Symbol("DASHUSDT"), Symbol("ZECUSDT"), Symbol("BNBUSDT"), Symbol("ATOMUSDT"), Symbol("ALGOUSDT"), Symbol("DOGEUSDT"), Symbol("KAVAUSDT"), Symbol("DOTUSDT"), Symbol("CRVUSDT"), Symbol("SOLUSDT"), Symbol("UNIUSDT"), Symbol("AVAXUSDT"), Symbol("NEARUSDT"), Symbol("AAVEUSDT"), Symbol("FILUSDT"), Symbol("AXSUSDT"), Symbol("CHZUSDT"), Symbol("HBARUSDT"), Symbol("1000SHIBUSDT"), Symbol("GALAUSDT"), Symbol("FLOWUSDT"), Symbol("OPUSDT"), Symbol("INJUSDT"), Symbol("LDOUSDT"), Symbol("ICPUSDT"), Symbol("APTUSDT"), Symbol("FETUSDT"), Symbol("ARBUSDT"), Symbol("SUIUSDT"), Symbol("1000PEPEUSDT"), Symbol("WLDUSDT"), Symbol("AGLDUSDT"), Symbol("SEIUSDT"), Symbol("TIAUSDT"), Symbol("STEEMUSDT"), Symbol("1000BONKUSDT"), Symbol("MOVRUSDT"), Symbol("WIFUSDT"), Symbol("ONDOUSDT"), Symbol("JUPUSDT"), Symbol("TONUSDT"), Symbol("ENAUSDT"), Symbol("TAOUSDT"), Symbol("ZROUSDT"), Symbol("BANANAUSDT"), Symbol("MBOXUSDT"), Symbol("COSUSDT"), Symbol("GRASSUSDT"), Symbol("AKTUSDT"), Symbol("DEGOUSDT"), Symbol("PIPPINUSDT"), Symbol("VVVUSDT"), Symbol("BERAUSDT"), Symbol("IPUSDT"), Symbol("SIRENUSDT"), Symbol("BANANAS31USDT"), Symbol("PLUMEUSDT"), Symbol("JELLYJELLYUSDT"), Symbol("MLNUSDT"), Symbol("BABYUSDT"), Symbol("FHEUSDT"), Symbol("SIGNUSDT"), Symbol("HUMAUSDT"), Symbol("HYPEUSDT"), Symbol("LAUSDT"), Symbol("HOMEUSDT"), Symbol("RESOLVUSDT"), Symbol("SQDUSDT"), Symbol("MYXUSDT"), Symbol("HUSDT"), Symbol("SAHARAUSDT"), Symbol("PUMPUSDT"), Symbol("NAORISUSDT"), Symbol("ASTERUSDT"), Symbol("HANAUSDT"), Symbol("FFUSDT"), Symbol("LYNUSDT"), Symbol("ENSOUSDT"), Symbol("RIVERUSDT"), Symbol("KITEUSDT"), Symbol("UAIUSDT"), Symbol("STABLEUSDT"), Symbol("BEATUSDT"), Symbol("SENTUSDT"), Symbol("POWERUSDT"), Symbol("LITUSDT"), Symbol("SKRUSDT"), Symbol("SPACEUSDT"), Symbol("XPLUSDT"), Symbol("WLFIUSDT"), Symbol("0GUSDT"), Symbol("BARDUSDT"), Symbol("TRIAUSDT"), Symbol("ESPUSDT"), Symbol("OPNUSDT"), Symbol("ROBOUSDT"), Symbol("MANTRAUSDT")]
[2m2026-03-08T16:54:43.002481Z[0m [32m INFO[0m [2mcompute_history[0m[2m:[0m compute_history (super_entry): fast mode enabled (idle_cycles=6, poll=30s, initial_wait=120s)
[2m2026-03-08T16:54:43.002489Z[0m [32m INFO[0m [2mcompute_history[0m[2m:[0m compute_history (super_entry): FILTERED timeframes for indicator compute: ["15m", "1h", "4h", "1d"] (from SUPER_ENTRY_TIMEFRAMES)
[2m2026-03-08T16:54:43.002498Z[0m [32m INFO[0m [2mcompute_history[0m[2m:[0m Waiting 120s for ingestor to populate candle data...
[2m2026-03-08T16:56:43.041328Z[0m [32m INFO[0m [2mcompute_history[0m[2m:[0m compute_history (super_entry): BTCUSDT 15m - candles: Some(5181), indicators: Some(0)
[2m2026-03-08T16:56:43.077926Z[0m [32m INFO[0m [2mcompute_history[0m[2m:[0m compute_history (super_entry): XRPUSDT 15m - candles: Some(5181), indicators: Some(0)
[2m2026-03-08T16:56:43.114332Z[0m [32m INFO[0m [2mcompute_history[0m[2m:[0m compute_history (super_entry): LTCUSDT 15m - candles: Some(5181), indicators: Some(0)
[2m2026-03-08T16:56:43.118756Z[0m [32m INFO[0m [2mcompute_history[0m[2m:[0m compute_history (super_entry): TRXUSDT 15m - candles: Some(5181), indicators: Some(0)
[2m2026-03-08T16:56:43.122959Z[0m [32m INFO[0m [2mcompute_history[0m[2m:[0m compute_history (super_entry): ETCUSDT 15m - candles: Some(5181), indicators: Some(0)
[2m2026-03-08T16:56:43.127048Z[0m [32m INFO[0m [2mcompute_history[0m[2m:[0m compute_history (super_entry): LINKUSDT 15m - candles: Some(5181), indicators: Some(0)
[2m2026-03-08T16:56:43.131242Z[0m [32m INFO[0m [2mcompute_history[0m[2m:[0m compute_history (super_entry): XLMUSDT 15m - candles: Some(5181), indicators: Some(0)
[2m2026-03-08T16:56:43.135224Z[0m [32m INFO[0m [2mcompute_history[0m[2m:[0m compute_history (super_entry): ADAUSDT 15m - candles: Some(5181), indicators: Some(0)
[2m2026-03-08T16:56:43.139229Z[0m [32m INFO[0m [2mcompute_history[0m[2m:[0m compute_history (super_entry): RENDERUSDT 15m - candles: Some(5181), indicators: Some(0)
[2m2026-03-08T16:56:43.144307Z[0m [32m INFO[0m [2mcompute_history[0m[2m:[0m compute_history (super_entry): POLUSDT 15m - candles: Some(5181), indicators: Some(0)
[2m2026-03-08T16:56:43.148352Z[0m [32m INFO[0m [2mcompute_history[0m[2m:[0m compute_history (super_entry): VIRTUALUSDT 15m - candles: Some(5181), indicators: Some(0)
[2m2026-03-08T16:56:43.152231Z[0m [32m INFO[0m [2mcompute_history[0m[2m:[0m compute_history (super_entry): PENGUUSDT 15m - candles: Some(5181), indicators: Some(0)
[2m2026-03-08T16:56:43.156189Z[0m [32m INFO[0m [2mcompute_history[0m[2m:[0m compute_history (super_entry): FARTCOINUSDT 15m - candles: Some(5181), indicators: Some(0)
[2m2026-03-08T16:56:43.160021Z[0m [32m INFO[0m [2mcompute_history[0m[2m:[0m compute_history (super_entry): PHAUSDT 15m - candles: Some(5181), indicators: Some(0)
[2m2026-03-08T16:56:43.163856Z[0m [32m INFO[0m [2mcompute_history[0m[2m:[0m compute_history (super_entry): BIOUSDT 15m - candles: Some(5181), indicators: Some(0)
[2m2026-03-08T16:56:43.167924Z[0m [32m INFO[0m [2mcompute_history[0m[2m:[0m compute_history (super_entry): ARCUSDT 15m - candles: Some(5181), indicators: Some(0)
[2m2026-03-08T16:56:43.171900Z[0m [32m INFO[0m [2mcompute_history[0m[2m:[0m compute_history (super_entry): TRUMPUSDT 15m - candles: Some(5181), indicators: Some(0)
[2m2026-03-08T16:56:43.175980Z[0m [32m INFO[0m [2mcompute_history[0m[2m:[0m compute_history (super_entry): ETHUSDT 15m - candles: Some(5181), indicators: Some(0)
[2m2026-03-08T16:56:43.177782Z[0m [32m INFO[0m [2mcompute_history[0m[2m:[0m compute_history (super_entry): BCHUSDT 15m - candles: Some(5181), indicators: Some(0)
[2m2026-03-08T16:56:43.179714Z[0m [32m INFO[0m [2mcompute_history[0m[2m:[0m compute_history (super_entry): XMRUSDT 15m - candles: Some(5181), indicators: Some(0)
[2m2026-03-08T16:56:43.181474Z[0m [32m INFO[0m [2mcompute_history[0m[2m:[0m compute_history (super_entry): DASHUSDT 15m - candles: Some(5181), indicators: Some(0)
[2m2026-03-08T16:56:43.183210Z[0m [32m INFO[0m [2mcompute_history[0m[2m:[0m compute_history (super_entry): ZECUSDT 15m - candles: Some(5181), indicators: Some(0)
[2m2026-03-08T16:56:43.184940Z[0m [32m INFO[0m [2mcompute_history[0m[2m:[0m compute_history (super_entry): BNBUSDT 15m - candles: Some(5181), indicators: Some(0)
[2m2026-03-08T16:56:43.186823Z[0m [32m INFO[0m [2mcompute_history[0m[2m:[0m compute_history (super_entry): ATOMUSDT 15m - candles: Some(5181), indicators: Some(0)
[2m2026-03-08T16:56:43.188550Z[0m [32m INFO[0m [2mcompute_history[0m[2m:[0m compute_history (super_entry): ALGOUSDT 15m - candles: Some(5181), indicators: Some(0)
[2m2026-03-08T16:56:43.190442Z[0m [32m INFO[0m [2mcompute_history[0m[2m:[0m compute_history (super_entry): DOGEUSDT 15m - candles: Some(5181), indicators: Some(0)
[2m2026-03-08T16:56:43.192223Z[0m [32m INFO[0m [2mcompute_history[0m[2m:[0m compute_history (super_entry): KAVAUSDT 15m - candles: Some(5181), indicators: Some(0)
[2m2026-03-08T16:56:43.194028Z[0m [32m INFO[0m [2mcompute_history[0m[2m:[0m compute_history (super_entry): DOTUSDT 15m - candles: Some(5181), indicators: Some(0)
[2m2026-03-08T16:56:43.195754Z[0m [32m INFO[0m [2mcompute_history[0m[2m:[0m compute_history (super_entry): CRVUSDT 15m - candles: Some(5181), indicators: Some(0)
[2m2026-03-08T16:56:43.197620Z[0m [32m INFO[0m [2mcompute_history[0m[2m:[0m compute_history (super_entry): SOLUSDT 15m - candles: Some(5181), indicators: Some(0)
[2m2026-03-08T16:56:43.199307Z[0m [32m INFO[0m [2mcompute_history[0m[2m:[0m compute_history (super_entry): UNIUSDT 15m - candles: Some(5181), indicators: Some(0)
[2m2026-03-08T16:56:43.200945Z[0m [32m INFO[0m [2mcompute_history[0m[2m:[0m compute_history (super_entry): AVAXUSDT 15m - candles: Some(5181), indicators: Some(0)
[2m2026-03-08T16:56:43.202893Z[0m [32m INFO[0m [2mcompute_history[0m[2m:[0m compute_history (super_entry): NEARUSDT 15m - candles: Some(5181), indicators: Some(0)
[2m2026-03-08T16:56:43.204694Z[0m [32m INFO[0m [2mcompute_history[0m[2m:[0m compute_history (super_entry): AAVEUSDT 15m - candles: Some(5181), indicators: Some(0)
[2m2026-03-08T16:56:43.206717Z[0m [32m INFO[0m [2mcompute_history[0m[2m:[0m compute_history (super_entry): FILUSDT 15m - candles: Some(5181), indicators: Some(0)
[2m2026-03-08T16:56:43.208525Z[0m [32m INFO[0m [2mcompute_history[0m[2m:[0m compute_history (super_entry): AXSUSDT 15m - candles: Some(5181), indicators: Some(0)
[2m2026-03-08T16:56:43.210194Z[0m [32m INFO[0m [2mcompute_history[0m[2m:[0m compute_history (super_entry): CHZUSDT 15m - candles: Some(5181), indicators: Some(0)
[2m2026-03-08T16:56:43.211930Z[0m [32m INFO[0m [2mcompute_history[0m[2m:[0m compute_history (super_entry): HBARUSDT 15m - candles: Some(5181), indicators: Some(0)
[2m2026-03-08T16:56:43.213595Z[0m [32m INFO[0m [2mcompute_history[0m[2m:[0m compute_history (super_entry): 1000SHIBUSDT 15m - candles: Some(5181), indicators: Some(0)
[2m2026-03-08T16:56:43.215364Z[0m [32m INFO[0m [2mcompute_history[0m[2m:[0m compute_history (super_entry): GALAUSDT 15m - candles: Some(5181), indicators: Some(0)
[2m2026-03-08T16:56:43.216444Z[0m [32m INFO[0m [2mcompute_history[0m[2m:[0m compute_history (super_entry): FLOWUSDT 15m - candles: Some(0), indicators: Some(0)
[2m2026-03-08T16:56:43.218030Z[0m [32m INFO[0m [2mcompute_history[0m[2m:[0m compute_history (super_entry): OPUSDT 15m - candles: Some(5181), indicators: Some(0)
[2m2026-03-08T16:56:43.219715Z[0m [32m INFO[0m [2mcompute_history[0m[2m:[0m compute_history (super_entry): INJUSDT 15m - candles: Some(5181), indicators: Some(0)
[2m2026-03-08T16:56:43.221361Z[0m [32m INFO[0m [2mcompute_history[0m[2m:[0m compute_history (super_entry): LDOUSDT 15m - candles: Some(5181), indicators: Some(0)
[2m2026-03-08T16:56:43.223009Z[0m [32m INFO[0m [2mcompute_history[0m[2m:[0m compute_history (super_entry): ICPUSDT 15m - candles: Some(5181), indicators: Some(0)
[2m2026-03-08T16:56:43.224687Z[0m [32m INFO[0m [2mcompute_history[0m[2m:[0m compute_history (super_entry): APTUSDT 15m - candles: Some(5181), indicators: Some(0)
[2m2026-03-08T16:56:43.226567Z[0m [32m INFO[0m [2mcompute_history[0m[2m:[0m compute_history (super_entry): FETUSDT 15m - candles: Some(5181), indicators: Some(0)
[2m2026-03-08T16:56:43.228387Z[0m [32m INFO[0m [2mcompute_history[0m[2m:[0m compute_history (super_entry): ARBUSDT 15m - candles: Some(5181), indicators: Some(0)
[2m2026-03-08T16:56:43.230198Z[0m [32m INFO[0m [2mcompute_history[0m[2m:[0m compute_history (super_entry): SUIUSDT 15m - candles: Some(5181), indicators: Some(0)
[2m2026-03-08T16:56:43.231906Z[0m [32m INFO[0m [2mcompute_history[0m[2m:[0m compute_history (super_entry): 1000PEPEUSDT 15m - candles: Some(5181), indicators: Some(0)
[2m2026-03-08T16:56:43.233667Z[0m [32m INFO[0m [2mcompute_history[0m[2m:[0m compute_history (super_entry): WLDUSDT 15m - candles: Some(5181), indicators: Some(0)
[2m2026-03-08T16:56:43.237596Z[0m [32m INFO[0m [2mcompute_history[0m[2m:[0m compute_history (super_entry): AGLDUSDT 15m - candles: Some(12146), indicators: Some(0)
[2m2026-03-08T16:56:43.239295Z[0m [32m INFO[0m [2mcompute_history[0m[2m:[0m compute_history (super_entry): SEIUSDT 15m - candles: Some(5181), indicators: Some(0)
[2m2026-03-08T16:56:43.240858Z[0m [32m INFO[0m [2mcompute_history[0m[2m:[0m compute_history (super_entry): TIAUSDT 15m - candles: Some(5181), indicators: Some(0)
[2m2026-03-08T16:56:43.242033Z[0m [32m INFO[0m [2mcompute_history[0m[2m:[0m compute_history (super_entry): STEEMUSDT 15m - candles: Some(0), indicators: Some(0)
[2m2026-03-08T16:56:43.243588Z[0m [32m INFO[0m [2mcompute_history[0m[2m:[0m compute_history (super_entry): 1000BONKUSDT 15m - candles: Some(5181), indicators: Some(0)
[2m2026-03-08T16:56:43.244774Z[0m [32m INFO[0m [2mcompute_history[0m[2m:[0m compute_history (super_entry): MOVRUSDT 15m - candles: Some(0), indicators: Some(0)
[2m2026-03-08T16:56:43.246653Z[0m [32m INFO[0m [2mcompute_history[0m[2m:[0m compute_history (super_entry): WIFUSDT 15m - candles: Some(5181), indicators: Some(0)
[2m2026-03-08T16:56:43.248511Z[0m [32m INFO[0m [2mcompute_history[0m[2m:[0m compute_history (super_entry): ONDOUSDT 15m - candles: Some(5181), indicators: Some(0)
[2m2026-03-08T16:56:43.250443Z[0m [32m INFO[0m [2mcompute_history[0m[2m:[0m compute_history (super_entry): JUPUSDT 15m - candles: Some(5181), indicators: Some(0)
[2m2026-03-08T16:56:43.252012Z[0m [32m INFO[0m [2mcompute_history[0m[2m:[0m compute_history (super_entry): TONUSDT 15m - candles: Some(5181), indicators: Some(0)
[2m2026-03-08T16:56:43.254013Z[0m [32m INFO[0m [2mcompute_history[0m[2m:[0m compute_history (super_entry): ENAUSDT 15m - candles: Some(5181), indicators: Some(0)
[2m2026-03-08T16:56:43.255755Z[0m [32m INFO[0m [2mcompute_history[0m[2m:[0m compute_history (super_entry): TAOUSDT 15m - candles: Some(5181), indicators: Some(0)
[2m2026-03-08T16:56:43.257283Z[0m [32m INFO[0m [2mcompute_history[0m[2m:[0m compute_history (super_entry): ZROUSDT 15m - candles: Some(5181), indicators: Some(0)
[2m2026-03-08T16:56:43.258426Z[0m [32m INFO[0m [2mcompute_history[0m[2m:[0m compute_history (super_entry): BANANAUSDT 15m - candles: Some(0), indicators: Some(0)
[2m2026-03-08T16:56:43.259517Z[0m [32m INFO[0m [2mcompute_history[0m[2m:[0m compute_history (super_entry): MBOXUSDT 15m - candles: Some(0), indicators: Some(0)
[2m2026-03-08T16:56:43.260409Z[0m [32m INFO[0m [2mcompute_history[0m[2m:[0m compute_history (super_entry): COSUSDT 15m - candles: Some(0), indicators: Some(0)
[2m2026-03-08T16:56:43.261465Z[0m [32m INFO[0m [2mcompute_history[0m[2m:[0m compute_history (super_entry): GRASSUSDT 15m - candles: Some(0), indicators: Some(0)
[2m2026-03-08T16:56:43.262440Z[0m [32m INFO[0m [2mcompute_history[0m[2m:[0m compute_history (super_entry): AKTUSDT 15m - candles: Some(0), indicators: Some(0)
[2m2026-03-08T16:56:43.263407Z[0m [32m INFO[0m [2mcompute_history[0m[2m:[0m compute_history (super_entry): DEGOUSDT 15m - candles: Some(0), indicators: Some(0)
[2m2026-03-08T16:56:43.265082Z[0m [32m INFO[0m [2mcompute_history[0m[2m:[0m compute_history (super_entry): PIPPINUSDT 15m - candles: Some(5181), indicators: Some(0)
[2m2026-03-08T16:56:43.266779Z[0m [32m INFO[0m [2mcompute_history[0m[2m:[0m compute_history (super_entry): VVVUSDT 15m - candles: Some(5181), indicators: Some(0)
[2m2026-03-08T16:56:43.268452Z[0m [32m INFO[0m [2mcompute_history[0m[2m:[0m compute_history (super_entry): BERAUSDT 15m - candles: Some(5181), indicators: Some(0)
[2m2026-03-08T16:56:43.270356Z[0m [32m INFO[0m [2mcompute_history[0m[2m:[0m compute_history (super_entry): IPUSDT 15m - candles: Some(5181), indicators: Some(0)
[2m2026-03-08T16:56:43.272281Z[0m [32m INFO[0m [2mcompute_history[0m[2m:[0m compute_history (super_entry): SIRENUSDT 15m - candles: Some(5181), indicators: Some(0)
[2m2026-03-08T16:56:43.273879Z[0m [32m INFO[0m [2mcompute_history[0m[2m:[0m compute_history (super_entry): BANANAS31USDT 15m - candles: Some(5181), indicators: Some(0)
[2m2026-03-08T16:56:43.274945Z[0m [32m INFO[0m [2mcompute_history[0m[2m:[0m compute_history (super_entry): PLUMEUSDT 15m - candles: Some(0), indicators: Some(0)
[2m2026-03-08T16:56:43.276781Z[0m [32m INFO[0m [2mcompute_history[0m[2m:[0m compute_history (super_entry): JELLYJELLYUSDT 15m - candles: Some(5181), indicators: Some(0)
[2m2026-03-08T16:56:43.277957Z[0m [32m INFO[0m [2mcompute_history[0m[2m:[0m compute_history (super_entry): MLNUSDT 15m - candles: Some(0), indicators: Some(0)
[2m2026-03-08T16:56:43.278982Z[0m [32m INFO[0m [2mcompute_history[0m[2m:[0m compute_history (super_entry): BABYUSDT 15m - candles: Some(0), indicators: Some(0)
[2m2026-03-08T16:56:43.280123Z[0m [32m INFO[0m [2mcompute_history[0m[2m:[0m compute_history (super_entry): FHEUSDT 15m - candles: Some(0), indicators: Some(0)
[2m2026-03-08T16:56:43.281702Z[0m [32m INFO[0m [2mcompute_history[0m[2m:[0m compute_history (super_entry): SIGNUSDT 15m - candles: Some(5181), indicators: Some(0)
[2m2026-03-08T16:56:43.283435Z[0m [32m INFO[0m [2mcompute_history[0m[2m:[0m compute_history (super_entry): HUMAUSDT 15m - candles: Some(5181), indicators: Some(0)
[2m2026-03-08T16:56:43.285102Z[0m [32m INFO[0m [2mcompute_history[0m[2m:[0m compute_history (super_entry): HYPEUSDT 15m - candles: Some(5181), indicators: Some(0)
[2m2026-03-08T16:56:43.286188Z[0m [32m INFO[0m [2mcompute_history[0m[2m:[0m compute_history (super_entry): LAUSDT 15m - candles: Some(0), indicators: Some(0)
[2m2026-03-08T16:56:43.287199Z[0m [32m INFO[0m [2mcompute_history[0m[2m:[0m compute_history (super_entry): HOMEUSDT 15m - candles: Some(0), indicators: Some(0)
[2m2026-03-08T16:56:43.288909Z[0m [32m INFO[0m [2mcompute_history[0m[2m:[0m compute_history (super_entry): RESOLVUSDT 15m - candles: Some(5181), indicators: Some(0)
[2m2026-03-08T16:56:43.290066Z[0m [32m INFO[0m [2mcompute_history[0m[2m:[0m compute_history (super_entry): SQDUSDT 15m - candles: Some(0), indicators: Some(0)
[2m2026-03-08T16:56:43.291776Z[0m [32m INFO[0m [2mcompute_history[0m[2m:[0m compute_history (super_entry): MYXUSDT 15m - candles: Some(5181), indicators: Some(0)
[2m2026-03-08T16:56:43.293525Z[0m [32m INFO[0m [2mcompute_history[0m[2m:[0m compute_history (super_entry): HUSDT 15m - candles: Some(5181), indicators: Some(0)
[2m2026-03-08T16:56:43.295310Z[0m [32m INFO[0m [2mcompute_history[0m[2m:[0m compute_history (super_entry): SAHARAUSDT 15m - candles: Some(5181), indicators: Some(0)
[2m2026-03-08T16:56:43.297089Z[0m [32m INFO[0m [2mcompute_history[0m[2m:[0m compute_history (super_entry): PUMPUSDT 15m - candles: Some(5181), indicators: Some(0)
[2m2026-03-08T16:56:43.298241Z[0m [32m INFO[0m [2mcompute_history[0m[2m:[0m compute_history (super_entry): NAORISUSDT 15m - candles: Some(0), indicators: Some(0)
[2m2026-03-08T16:56:43.299983Z[0m [32m INFO[0m [2mcompute_history[0m[2m:[0m compute_history (super_entry): ASTERUSDT 15m - candles: Some(5181), indicators: Some(0)
[2m2026-03-08T16:56:43.300998Z[0m [32m INFO[0m [2mcompute_history[0m[2m:[0m compute_history (super_entry): HANAUSDT 15m - candles: Some(0), indicators: Some(0)
[2m2026-03-08T16:56:43.302107Z[0m [32m INFO[0m [2mcompute_history[0m[2m:[0m compute_history (super_entry): FFUSDT 15m - candles: Some(0), indicators: Some(0)
[2m2026-03-08T16:56:43.303597Z[0m [32m INFO[0m [2mcompute_history[0m[2m:[0m compute_history (super_entry): LYNUSDT 15m - candles: Some(5027), indicators: Some(0)
[2m2026-03-08T16:56:43.305173Z[0m [32m INFO[0m [2mcompute_history[0m[2m:[0m compute_history (super_entry): ENSOUSDT 15m - candles: Some(5181), indicators: Some(0)
[2m2026-03-08T16:56:43.307148Z[0m [32m INFO[0m [2mcompute_history[0m[2m:[0m compute_history (super_entry): RIVERUSDT 15m - candles: Some(5181), indicators: Some(0)
[2m2026-03-08T16:56:43.308782Z[0m [32m INFO[0m [2mcompute_history[0m[2m:[0m compute_history (super_entry): KITEUSDT 15m - candles: Some(5181), indicators: Some(0)
[2m2026-03-08T16:56:43.309872Z[0m [32m INFO[0m [2mcompute_history[0m[2m:[0m compute_history (super_entry): UAIUSDT 15m - candles: Some(0), indicators: Some(0)
[2m2026-03-08T16:56:43.311637Z[0m [32m INFO[0m [2mcompute_history[0m[2m:[0m compute_history (super_entry): STABLEUSDT 15m - candles: Some(5181), indicators: Some(0)
[2m2026-03-08T16:56:43.312738Z[0m [32m INFO[0m [2mcompute_history[0m[2m:[0m compute_history (super_entry): BEATUSDT 15m - candles: Some(0), indicators: Some(0)
[2m2026-03-08T16:56:43.313748Z[0m [32m INFO[0m [2mcompute_history[0m[2m:[0m compute_history (super_entry): SENTUSDT 15m - candles: Some(0), indicators: Some(0)
[2m2026-03-08T16:56:43.315528Z[0m [32m INFO[0m [2mcompute_history[0m[2m:[0m compute_history (super_entry): POWERUSDT 15m - candles: Some(5181), indicators: Some(0)
[2m2026-03-08T16:56:43.317108Z[0m [32m INFO[0m [2mcompute_history[0m[2m:[0m compute_history (super_entry): LITUSDT 15m - candles: Some(5181), indicators: Some(0)
[2m2026-03-08T16:56:43.318550Z[0m [32m INFO[0m [2mcompute_history[0m[2m:[0m compute_history (super_entry): SKRUSDT 15m - candles: Some(4209), indicators: Some(0)
[2m2026-03-08T16:56:43.319641Z[0m [32m INFO[0m [2mcompute_history[0m[2m:[0m compute_history (super_entry): SPACEUSDT 15m - candles: Some(0), indicators: Some(0)
[2m2026-03-08T16:56:43.321373Z[0m [32m INFO[0m [2mcompute_history[0m[2m:[0m compute_history (super_entry): XPLUSDT 15m - candles: Some(5181), indicators: Some(0)
[2m2026-03-08T16:56:43.322953Z[0m [32m INFO[0m [2mcompute_history[0m[2m:[0m compute_history (super_entry): WLFIUSDT 15m - candles: Some(5181), indicators: Some(0)
[2m2026-03-08T16:56:43.324625Z[0m [32m INFO[0m [2mcompute_history[0m[2m:[0m compute_history (super_entry): 0GUSDT 15m - candles: Some(5027), indicators: Some(0)
[2m2026-03-08T16:56:43.326374Z[0m [32m INFO[0m [2mcompute_history[0m[2m:[0m compute_history (super_entry): BARDUSDT 15m - candles: Some(5181), indicators: Some(0)
[2m2026-03-08T16:56:43.327659Z[0m [32m INFO[0m [2mcompute_history[0m[2m:[0m compute_history (super_entry): TRIAUSDT 15m - candles: Some(2764), indicators: Some(0)
[2m2026-03-08T16:56:43.329152Z[0m [32m INFO[0m [2mcompute_history[0m[2m:[0m compute_history (super_entry): ESPUSDT 15m - candles: Some(2396), indicators: Some(0)
[2m2026-03-08T16:56:43.330356Z[0m [32m INFO[0m [2mcompute_history[0m[2m:[0m compute_history (super_entry): OPNUSDT 15m - candles: Some(1312), indicators: Some(0)
[2m2026-03-08T16:56:43.331465Z[0m [32m INFO[0m [2mcompute_history[0m[2m:[0m compute_history (super_entry): ROBOUSDT 15m - candles: Some(761), indicators: Some(0)
[2m2026-03-08T16:56:43.332607Z[0m [32m INFO[0m [2mcompute_history[0m[2m:[0m compute_history (super_entry): MANTRAUSDT 15m - candles: Some(284), indicators: Some(0)
[2m2026-03-08T16:56:43.363543Z[0m [32m INFO[0m [2mcompute_history[0m[2m:[0m compute_history (super_entry): BTCUSDT 1h - candles: Some(12223), indicators: Some(0)
[2m2026-03-08T16:56:43.393087Z[0m [32m INFO[0m [2mcompute_history[0m[2m:[0m compute_history (super_entry): XRPUSDT 1h - candles: Some(12223), indicators: Some(0)
[2m2026-03-08T16:56:43.420959Z[0m [32m INFO[0m [2mcompute_history[0m[2m:[0m compute_history (super_entry): LTCUSDT 1h - candles: Some(12223), indicators: Some(0)
[2m2026-03-08T16:56:43.425433Z[0m [32m INFO[0m [2mcompute_history[0m[2m:[0m compute_history (super_entry): TRXUSDT 1h - candles: Some(12223), indicators: Some(0)
[2m2026-03-08T16:56:43.429981Z[0m [32m INFO[0m [2mcompute_history[0m[2m:[0m compute_history (super_entry): ETCUSDT 1h - candles: Some(12223), indicators: Some(0)
[2m2026-03-08T16:56:43.434049Z[0m [32m INFO[0m [2mcompute_history[0m[2m:[0m compute_history (super_entry): LINKUSDT 1h - candles: Some(12223), indicators: Some(0)
[2m2026-03-08T16:56:43.438625Z[0m [32m INFO[0m [2mcompute_history[0m[2m:[0m compute_history (super_entry): XLMUSDT 1h - candles: Some(12223), indicators: Some(0)
[2m2026-03-08T16:56:43.442993Z[0m [32m INFO[0m [2mcompute_history[0m[2m:[0m compute_history (super_entry): ADAUSDT 1h - candles: Some(12223), indicators: Some(0)
[2m2026-03-08T16:56:43.447343Z[0m [32m INFO[0m [2mcompute_history[0m[2m:[0m compute_history (super_entry): RENDERUSDT 1h - candles: Some(12223), indicators: Some(0)
[2m2026-03-08T16:56:43.451949Z[0m [32m INFO[0m [2mcompute_history[0m[2m:[0m compute_history (super_entry): POLUSDT 1h - candles: Some(12223), indicators: Some(0)
[2m2026-03-08T16:56:43.456285Z[0m [32m INFO[0m [2mcompute_history[0m[2m:[0m compute_history (super_entry): VIRTUALUSDT 1h - candles: Some(10843), indicators: Some(0)
[2m2026-03-08T16:56:43.460214Z[0m [32m INFO[0m [2mcompute_history[0m[2m:[0m compute_history (super_entry): PENGUUSDT 1h - candles: Some(10671), indicators: Some(0)
[2m2026-03-08T16:56:43.464355Z[0m [32m INFO[0m [2mcompute_history[0m[2m:[0m compute_history (super_entry): FARTCOINUSDT 1h - candles: Some(10597), indicators: Some(0)
[2m2026-03-08T16:56:43.468628Z[0m [32m INFO[0m [2mcompute_history[0m[2m:[0m compute_history (super_entry): PHAUSDT 1h - candles: Some(10364), indicators: Some(0)
[2m2026-03-08T16:56:43.472797Z[0m [32m INFO[0m [2mcompute_history[0m[2m:[0m compute_history (super_entry): BIOUSDT 1h - candles: Some(10267), indicators: Some(0)
[2m2026-03-08T16:56:43.476896Z[0m [32m INFO[0m [2mcompute_history[0m[2m:[0m compute_history (super_entry): ARCUSDT 1h - candles: Some(9930), indicators: Some(0)
[2m2026-03-08T16:56:43.481030Z[0m [32m INFO[0m [2mcompute_history[0m[2m:[0m compute_history (super_entry): TRUMPUSDT 1h - candles: Some(9906), indicators: Some(0)
[2m2026-03-08T16:56:43.485187Z[0m [32m INFO[0m [2mcompute_history[0m[2m:[0m compute_history (super_entry): ETHUSDT 1h - candles: Some(12223), indicators: Some(0)
[2m2026-03-08T16:56:43.487448Z[0m [32m INFO[0m [2mcompute_history[0m[2m:[0m compute_history (super_entry): BCHUSDT 1h - candles: Some(12223), indicators: Some(0)
[2m2026-03-08T16:56:43.489947Z[0m [32m INFO[0m [2mcompute_history[0m[2m:[0m compute_history (super_entry): XMRUSDT 1h - candles: Some(12223), indicators: Some(0)
[2m2026-03-08T16:56:43.492156Z[0m [32m INFO[0m [2mcompute_history[0m[2m:[0m compute_history (super_entry): DASHUSDT 1h - candles: Some(12223), indicators: Some(0)
[2m2026-03-08T16:56:43.494498Z[0m [32m INFO[0m [2mcompute_history[0m[2m:[0m compute_history (super_entry): ZECUSDT 1h - candles: Some(12223), indicators: Some(0)
[2m2026-03-08T16:56:43.496760Z[0m [32m INFO[0m [2mcompute_history[0m[2m:[0m compute_history (super_entry): BNBUSDT 1h - candles: Some(12223), indicators: Some(0)
[2m2026-03-08T16:56:43.499224Z[0m [32m INFO[0m [2mcompute_history[0m[2m:[0m compute_history (super_entry): ATOMUSDT 1h - candles: Some(12223), indicators: Some(0)
[2m2026-03-08T16:56:43.501297Z[0m [32m INFO[0m [2mcompute_history[0m[2m:[0m compute_history (super_entry): ALGOUSDT 1h - candles: Some(12223), indicators: Some(0)
[2m2026-03-08T16:56:43.503450Z[0m [32m INFO[0m [2mcompute_history[0m[2m:[0m compute_history (super_entry): DOGEUSDT 1h - candles: Some(12223), indicators: Some(0)
[2m2026-03-08T16:56:43.505663Z[0m [32m INFO[0m [2mcompute_history[0m[2m:[0m compute_history (super_entry): KAVAUSDT 1h - candles: Some(12223), indicators: Some(0)
[2m2026-03-08T16:56:43.507967Z[0m [32m INFO[0m [2mcompute_history[0m[2m:[0m compute_history (super_entry): DOTUSDT 1h - candles: Some(12223), indicators: Some(0)
[2m2026-03-08T16:56:43.510322Z[0m [32m INFO[0m [2mcompute_history[0m[2m:[0m compute_history (super_entry): CRVUSDT 1h - candles: Some(12223), indicators: Some(0)
[2m2026-03-08T16:56:43.512538Z[0m [32m INFO[0m [2mcompute_history[0m[2m:[0m compute_history (super_entry): SOLUSDT 1h - candles: Some(12223), indicators: Some(0)
[2m2026-03-08T16:56:43.514963Z[0m [32m INFO[0m [2mcompute_history[0m[2m:[0m compute_history (super_entry): UNIUSDT 1h - candles: Some(12223), indicators: Some(0)
[2m2026-03-08T16:56:43.517131Z[0m [32m INFO[0m [2mcompute_history[0m[2m:[0m compute_history (super_entry): AVAXUSDT 1h - candles: Some(12223), indicators: Some(0)
[2m2026-03-08T16:56:43.519286Z[0m [32m INFO[0m [2mcompute_history[0m[2m:[0m compute_history (super_entry): NEARUSDT 1h - candles: Some(12223), indicators: Some(0)
[2m2026-03-08T16:56:43.521384Z[0m [32m INFO[0m [2mcompute_history[0m[2m:[0m compute_history (super_entry): AAVEUSDT 1h - candles: Some(12223), indicators: Some(0)
[2m2026-03-08T16:56:43.523511Z[0m [32m INFO[0m [2mcompute_history[0m[2m:[0m compute_history (super_entry): FILUSDT 1h - candles: Some(12223), indicators: Some(0)
[2m2026-03-08T16:56:43.525969Z[0m [32m INFO[0m [2mcompute_history[0m[2m:[0m compute_history (super_entry): AXSUSDT 1h - candles: Some(12223), indicators: Some(0)
[2m2026-03-08T16:56:43.528160Z[0m [32m INFO[0m [2mcompute_history[0m[2m:[0m compute_history (super_entry): CHZUSDT 1h - candles: Some(12223), indicators: Some(0)
[2m2026-03-08T16:56:43.530368Z[0m [32m INFO[0m [2mcompute_history[0m[2m:[0m compute_history (super_entry): HBARUSDT 1h - candles: Some(12223), indicators: Some(0)
[2m2026-03-08T16:56:43.532475Z[0m [32m INFO[0m [2mcompute_history[0m[2m:[0m compute_history (super_entry): 1000SHIBUSDT 1h - candles: Some(12223), indicators: Some(0)
[2m2026-03-08T16:56:43.534693Z[0m [32m INFO[0m [2mcompute_history[0m[2m:[0m compute_history (super_entry): GALAUSDT 1h - candles: Some(12223), indicators: Some(0)
[2m2026-03-08T16:56:43.535629Z[0m [32m INFO[0m [2mcompute_history[0m[2m:[0m compute_history (super_entry): FLOWUSDT 1h - candles: Some(0), indicators: Some(0)
[2m2026-03-08T16:56:43.537810Z[0m [32m INFO[0m [2mcompute_history[0m[2m:[0m compute_history (super_entry): OPUSDT 1h - candles: Some(12223), indicators: Some(0)
[2m2026-03-08T16:56:43.540082Z[0m [32m INFO[0m [2mcompute_history[0m[2m:[0m compute_history (super_entry): INJUSDT 1h - candles: Some(12223), indicators: Some(0)
[2m2026-03-08T16:56:43.542366Z[0m [32m INFO[0m [2mcompute_history[0m[2m:[0m compute_history (super_entry): LDOUSDT 1h - candles: Some(12223), indicators: Some(0)
[2m2026-03-08T16:56:43.544541Z[0m [32m INFO[0m [2mcompute_history[0m[2m:[0m compute_history (super_entry): ICPUSDT 1h - candles: Some(12223), indicators: Some(0)
[2m2026-03-08T16:56:43.546829Z[0m [32m INFO[0m [2mcompute_history[0m[2m:[0m compute_history (super_entry): APTUSDT 1h - candles: Some(12223), indicators: Some(0)
[2m2026-03-08T16:56:43.549228Z[0m [32m INFO[0m [2mcompute_history[0m[2m:[0m compute_history (super_entry): FETUSDT 1h - candles: Some(12223), indicators: Some(0)
[2m2026-03-08T16:56:43.551505Z[0m [32m INFO[0m [2mcompute_history[0m[2m:[0m compute_history (super_entry): ARBUSDT 1h - candles: Some(12223), indicators: Some(0)
[2m2026-03-08T16:56:43.553808Z[0m [32m INFO[0m [2mcompute_history[0m[2m:[0m compute_history (super_entry): SUIUSDT 1h - candles: Some(12223), indicators: Some(0)
[2m2026-03-08T16:56:43.556049Z[0m [32m INFO[0m [2mcompute_history[0m[2m:[0m compute_history (super_entry): 1000PEPEUSDT 1h - candles: Some(12223), indicators: Some(0)
[2m2026-03-08T16:56:43.558460Z[0m [32m INFO[0m [2mcompute_history[0m[2m:[0m compute_history (super_entry): WLDUSDT 1h - candles: Some(12223), indicators: Some(0)
[2m2026-03-08T16:56:43.560331Z[0m [32m INFO[0m [2mcompute_history[0m[2m:[0m compute_history (super_entry): AGLDUSDT 1h - candles: Some(9037), indicators: Some(0)
[2m2026-03-08T16:56:43.562469Z[0m [32m INFO[0m [2mcompute_history[0m[2m:[0m compute_history (super_entry): SEIUSDT 1h - candles: Some(12223), indicators: Some(0)
[2m2026-03-08T16:56:43.564620Z[0m [32m INFO[0m [2mcompute_history[0m[2m:[0m compute_history (super_entry): TIAUSDT 1h - candles: Some(12223), indicators: Some(0)
[2m2026-03-08T16:56:43.565714Z[0m [32m INFO[0m [2mcompute_history[0m[2m:[0m compute_history (super_entry): STEEMUSDT 1h - candles: Some(0), indicators: Some(0)
[2m2026-03-08T16:56:43.568270Z[0m [32m INFO[0m [2mcompute_history[0m[2m:[0m compute_history (super_entry): 1000BONKUSDT 1h - candles: Some(12223), indicators: Some(0)
[2m2026-03-08T16:56:43.569234Z[0m [32m INFO[0m [2mcompute_history[0m[2m:[0m compute_history (super_entry): MOVRUSDT 1h - candles: Some(0), indicators: Some(0)
[2m2026-03-08T16:56:43.571305Z[0m [32m INFO[0m [2mcompute_history[0m[2m:[0m compute_history (super_entry): WIFUSDT 1h - candles: Some(12223), indicators: Some(0)
[2m2026-03-08T16:56:43.573562Z[0m [32m INFO[0m [2mcompute_history[0m[2m:[0m compute_history (super_entry): ONDOUSDT 1h - candles: Some(12223), indicators: Some(0)
[2m2026-03-08T16:56:43.576016Z[0m [32m INFO[0m [2mcompute_history[0m[2m:[0m compute_history (super_entry): JUPUSDT 1h - candles: Some(12223), indicators: Some(0)
[2m2026-03-08T16:56:43.578249Z[0m [32m INFO[0m [2mcompute_history[0m[2m:[0m compute_history (super_entry): TONUSDT 1h - candles: Some(12223), indicators: Some(0)
[2m2026-03-08T16:56:43.580531Z[0m [32m INFO[0m [2mcompute_history[0m[2m:[0m compute_history (super_entry): ENAUSDT 1h - candles: Some(12223), indicators: Some(0)
[2m2026-03-08T16:56:43.582930Z[0m [32m INFO[0m [2mcompute_history[0m[2m:[0m compute_history (super_entry): TAOUSDT 1h - candles: Some(12223), indicators: Some(0)
[2m2026-03-08T16:56:43.585302Z[0m [32m INFO[0m [2mcompute_history[0m[2m:[0m compute_history (super_entry): ZROUSDT 1h - candles: Some(12223), indicators: Some(0)
[2m2026-03-08T16:56:43.586354Z[0m [32m INFO[0m [2mcompute_history[0m[2m:[0m compute_history (super_entry): BANANAUSDT 1h - candles: Some(0), indicators: Some(0)
[2m2026-03-08T16:56:43.587385Z[0m [32m INFO[0m [2mcompute_history[0m[2m:[0m compute_history (super_entry): MBOXUSDT 1h - candles: Some(0), indicators: Some(0)
[2m2026-03-08T16:56:43.588311Z[0m [32m INFO[0m [2mcompute_history[0m[2m:[0m compute_history (super_entry): COSUSDT 1h - candles: Some(0), indicators: Some(0)
[2m2026-03-08T16:56:43.589360Z[0m [32m INFO[0m [2mcompute_history[0m[2m:[0m compute_history (super_entry): GRASSUSDT 1h - candles: Some(0), indicators: Some(0)
[2m2026-03-08T16:56:43.590343Z[0m [32m INFO[0m [2mcompute_history[0m[2m:[0m compute_history (super_entry): AKTUSDT 1h - candles: Some(0), indicators: Some(0)
[2m2026-03-08T16:56:43.591300Z[0m [32m INFO[0m [2mcompute_history[0m[2m:[0m compute_history (super_entry): DEGOUSDT 1h - candles: Some(0), indicators: Some(0)
[2m2026-03-08T16:56:43.593351Z[0m [32m INFO[0m [2mcompute_history[0m[2m:[0m compute_history (super_entry): PIPPINUSDT 1h - candles: Some(9765), indicators: Some(0)
[2m2026-03-08T16:56:43.595611Z[0m [32m INFO[0m [2mcompute_history[0m[2m:[0m compute_history (super_entry): VVVUSDT 1h - candles: Some(9647), indicators: Some(0)
[2m2026-03-08T16:56:43.597777Z[0m [32m INFO[0m [2mcompute_history[0m[2m:[0m compute_history (super_entry): BERAUSDT 1h - candles: Some(9448), indicators: Some(0)
[2m2026-03-08T16:56:43.599781Z[0m [32m INFO[0m [2mcompute_history[0m[2m:[0m compute_history (super_entry): IPUSDT 1h - candles: Some(9278), indicators: Some(0)
[2m2026-03-08T16:56:43.601787Z[0m [32m INFO[0m [2mcompute_history[0m[2m:[0m compute_history (super_entry): SIRENUSDT 1h - candles: Some(8398), indicators: Some(0)
[2m2026-03-08T16:56:43.603690Z[0m [32m INFO[0m [2mcompute_history[0m[2m:[0m compute_history (super_entry): BANANAS31USDT 1h - candles: Some(8398), indicators: Some(0)
[2m2026-03-08T16:56:43.604706Z[0m [32m INFO[0m [2mcompute_history[0m[2m:[0m compute_history (super_entry): PLUMEUSDT 1h - candles: Some(0), indicators: Some(0)
[2m2026-03-08T16:56:43.606562Z[0m [32m INFO[0m [2mcompute_history[0m[2m:[0m compute_history (super_entry): JELLYJELLYUSDT 1h - candles: Some(8295), indicators: Some(0)
[2m2026-03-08T16:56:43.607609Z[0m [32m INFO[0m [2mcompute_history[0m[2m:[0m compute_history (super_entry): MLNUSDT 1h - candles: Some(0), indicators: Some(0)
[2m2026-03-08T16:56:43.608559Z[0m [32m INFO[0m [2mcompute_history[0m[2m:[0m compute_history (super_entry): BABYUSDT 1h - candles: Some(0), indicators: Some(0)
[2m2026-03-08T16:56:43.609521Z[0m [32m INFO[0m [2mcompute_history[0m[2m:[0m compute_history (super_entry): FHEUSDT 1h - candles: Some(0), indicators: Some(0)
[2m2026-03-08T16:56:43.611409Z[0m [32m INFO[0m [2mcompute_history[0m[2m:[0m compute_history (super_entry): SIGNUSDT 1h - candles: Some(7508), indicators: Some(0)
[2m2026-03-08T16:56:43.613071Z[0m [32m INFO[0m [2mcompute_history[0m[2m:[0m compute_history (super_entry): HUMAUSDT 1h - candles: Some(6834), indicators: Some(0)
[2m2026-03-08T16:56:43.614805Z[0m [32m INFO[0m [2mcompute_history[0m[2m:[0m compute_history (super_entry): HYPEUSDT 1h - candles: Some(6741), indicators: Some(0)
[2m2026-03-08T16:56:43.615946Z[0m [32m INFO[0m [2mcompute_history[0m[2m:[0m compute_history (super_entry): LAUSDT 1h - candles: Some(0), indicators: Some(0)
[2m2026-03-08T16:56:43.617046Z[0m [32m INFO[0m [2mcompute_history[0m[2m:[0m compute_history (super_entry): HOMEUSDT 1h - candles: Some(0), indicators: Some(0)
[2m2026-03-08T16:56:43.618539Z[0m [32m INFO[0m [2mcompute_history[0m[2m:[0m compute_history (super_entry): RESOLVUSDT 1h - candles: Some(6474), indicators: Some(0)
[2m2026-03-08T16:56:43.619449Z[0m [32m INFO[0m [2mcompute_history[0m[2m:[0m compute_history (super_entry): SQDUSDT 1h - candles: Some(0), indicators: Some(0)
[2m2026-03-08T16:56:43.621101Z[0m [32m INFO[0m [2mcompute_history[0m[2m:[0m compute_history (super_entry): MYXUSDT 1h - candles: Some(6283), indicators: Some(0)
[2m2026-03-08T16:56:43.622685Z[0m [32m INFO[0m [2mcompute_history[0m[2m:[0m compute_history (super_entry): HUSDT 1h - candles: Some(6118), indicators: Some(0)
[2m2026-03-08T16:56:43.624496Z[0m [32m INFO[0m [2mcompute_history[0m[2m:[0m compute_history (super_entry): SAHARAUSDT 1h - candles: Some(6091), indicators: Some(0)
[2m2026-03-08T16:56:43.626033Z[0m [32m INFO[0m [2mcompute_history[0m[2m:[0m compute_history (super_entry): PUMPUSDT 1h - candles: Some(5760), indicators: Some(0)
[2m2026-03-08T16:56:43.627067Z[0m [32m INFO[0m [2mcompute_history[0m[2m:[0m compute_history (super_entry): NAORISUSDT 1h - candles: Some(0), indicators: Some(0)
[2m2026-03-08T16:56:43.628309Z[0m [32m INFO[0m [2mcompute_history[0m[2m:[0m compute_history (super_entry): ASTERUSDT 1h - candles: Some(4051), indicators: Some(0)
[2m2026-03-08T16:56:43.629339Z[0m [32m INFO[0m [2mcompute_history[0m[2m:[0m compute_history (super_entry): HANAUSDT 1h - candles: Some(0), indicators: Some(0)
[2m2026-03-08T16:56:43.630245Z[0m [32m INFO[0m [2mcompute_history[0m[2m:[0m compute_history (super_entry): FFUSDT 1h - candles: Some(0), indicators: Some(0)
[2m2026-03-08T16:56:43.631592Z[0m [32m INFO[0m [2mcompute_history[0m[2m:[0m compute_history (super_entry): LYNUSDT 1h - candles: Some(3609), indicators: Some(0)
[2m2026-03-08T16:56:43.633015Z[0m [32m INFO[0m [2mcompute_history[0m[2m:[0m compute_history (super_entry): ENSOUSDT 1h - candles: Some(3454), indicators: Some(0)
[2m2026-03-08T16:56:43.634338Z[0m [32m INFO[0m [2mcompute_history[0m[2m:[0m compute_history (super_entry): RIVERUSDT 1h - candles: Some(3377), indicators: Some(0)
[2m2026-03-08T16:56:43.635486Z[0m [32m INFO[0m [2mcompute_history[0m[2m:[0m compute_history (super_entry): KITEUSDT 1h - candles: Some(3093), indicators: Some(0)
[2m2026-03-08T16:56:43.636611Z[0m [32m INFO[0m [2mcompute_history[0m[2m:[0m compute_history (super_entry): UAIUSDT 1h - candles: Some(0), indicators: Some(0)
[2m2026-03-08T16:56:43.638032Z[0m [32m INFO[0m [2mcompute_history[0m[2m:[0m compute_history (super_entry): STABLEUSDT 1h - candles: Some(2899), indicators: Some(0)
[2m2026-03-08T16:56:43.639077Z[0m [32m INFO[0m [2mcompute_history[0m[2m:[0m compute_history (super_entry): BEATUSDT 1h - candles: Some(0), indicators: Some(0)
[2m2026-03-08T16:56:43.639913Z[0m [32m INFO[0m [2mcompute_history[0m[2m:[0m compute_history (super_entry): SENTUSDT 1h - candles: Some(0), indicators: Some(0)
[2m2026-03-08T16:56:43.641085Z[0m [32m INFO[0m [2mcompute_history[0m[2m:[0m compute_history (super_entry): POWERUSDT 1h - candles: Some(2182), indicators: Some(0)
[2m2026-03-08T16:56:43.642211Z[0m [32m INFO[0m [2mcompute_history[0m[2m:[0m compute_history (super_entry): LITUSDT 1h - candles: Some(1766), indicators: Some(0)
[2m2026-03-08T16:56:43.643389Z[0m [32m INFO[0m [2mcompute_history[0m[2m:[0m compute_history (super_entry): SKRUSDT 1h - candles: Some(1053), indicators: Some(0)
[2m2026-03-08T16:56:43.644307Z[0m [32m INFO[0m [2mcompute_history[0m[2m:[0m compute_history (super_entry): SPACEUSDT 1h - candles: Some(0), indicators: Some(0)
[2m2026-03-08T16:56:43.645809Z[0m [32m INFO[0m [2mcompute_history[0m[2m:[0m compute_history (super_entry): XPLUSDT 1h - candles: Some(4726), indicators: Some(0)
[2m2026-03-08T16:56:43.647447Z[0m [32m INFO[0m [2mcompute_history[0m[2m:[0m compute_history (super_entry): WLFIUSDT 1h - candles: Some(4703), indicators: Some(0)
[2m2026-03-08T16:56:43.648714Z[0m [32m INFO[0m [2mcompute_history[0m[2m:[0m compute_history (super_entry): 0GUSDT 1h - candles: Some(4057), indicators: Some(0)
[2m2026-03-08T16:56:43.650156Z[0m [32m INFO[0m [2mcompute_history[0m[2m:[0m compute_history (super_entry): BARDUSDT 1h - candles: Some(4076), indicators: Some(0)
[2m2026-03-08T16:56:43.651326Z[0m [32m INFO[0m [2mcompute_history[0m[2m:[0m compute_history (super_entry): TRIAUSDT 1h - candles: Some(691), indicators: Some(0)
[2m2026-03-08T16:56:43.652198Z[0m [32m INFO[0m [2mcompute_history[0m[2m:[0m compute_history (super_entry): ESPUSDT 1h - candles: Some(599), indicators: Some(0)
[2m2026-03-08T16:56:43.653182Z[0m [32m INFO[0m [2mcompute_history[0m[2m:[0m compute_history (super_entry): OPNUSDT 1h - candles: Some(328), indicators: Some(0)
[2m2026-03-08T16:56:43.654198Z[0m [32m INFO[0m [2mcompute_history[0m[2m:[0m compute_history (super_entry): ROBOUSDT 1h - candles: Some(191), indicators: Some(0)
[2m2026-03-08T16:56:43.655088Z[0m [32m INFO[0m [2mcompute_history[0m[2m:[0m compute_history (super_entry): MANTRAUSDT 1h - candles: Some(71), indicators: Some(0)
[2m2026-03-08T16:56:43.704734Z[0m [32m INFO[0m [2mcompute_history[0m[2m:[0m compute_history (super_entry): BTCUSDT 4h - candles: Some(5001), indicators: Some(0)
[2m2026-03-08T16:56:43.754010Z[0m [32m INFO[0m [2mcompute_history[0m[2m:[0m compute_history (super_entry): XRPUSDT 4h - candles: Some(5001), indicators: Some(0)
[2m2026-03-08T16:56:43.799871Z[0m [32m INFO[0m [2mcompute_history[0m[2m:[0m compute_history (super_entry): LTCUSDT 4h - candles: Some(5001), indicators: Some(0)
[2m2026-03-08T16:56:43.805331Z[0m [32m INFO[0m [2mcompute_history[0m[2m:[0m compute_history (super_entry): TRXUSDT 4h - candles: Some(5001), indicators: Some(0)
[2m2026-03-08T16:56:43.810475Z[0m [32m INFO[0m [2mcompute_history[0m[2m:[0m compute_history (super_entry): ETCUSDT 4h - candles: Some(5001), indicators: Some(0)
[2m2026-03-08T16:56:43.815629Z[0m [32m INFO[0m [2mcompute_history[0m[2m:[0m compute_history (super_entry): LINKUSDT 4h - candles: Some(5001), indicators: Some(0)
[2m2026-03-08T16:56:43.820747Z[0m [32m INFO[0m [2mcompute_history[0m[2m:[0m compute_history (super_entry): XLMUSDT 4h - candles: Some(5001), indicators: Some(0)
[2m2026-03-08T16:56:43.825836Z[0m [32m INFO[0m [2mcompute_history[0m[2m:[0m compute_history (super_entry): ADAUSDT 4h - candles: Some(5001), indicators: Some(0)
[2m2026-03-08T16:56:43.830787Z[0m [32m INFO[0m [2mcompute_history[0m[2m:[0m compute_history (super_entry): RENDERUSDT 4h - candles: Some(3524), indicators: Some(0)
[2m2026-03-08T16:56:43.835560Z[0m [32m INFO[0m [2mcompute_history[0m[2m:[0m compute_history (super_entry): POLUSDT 4h - candles: Some(3229), indicators: Some(0)
[2m2026-03-08T16:56:43.840644Z[0m [32m INFO[0m [2mcompute_history[0m[2m:[0m compute_history (super_entry): VIRTUALUSDT 4h - candles: Some(2701), indicators: Some(0)
[2m2026-03-08T16:56:43.845480Z[0m [32m INFO[0m [2mcompute_history[0m[2m:[0m compute_history (super_entry): PENGUUSDT 4h - candles: Some(2658), indicators: Some(0)
[2m2026-03-08T16:56:43.850085Z[0m [32m INFO[0m [2mcompute_history[0m[2m:[0m compute_history (super_entry): FARTCOINUSDT 4h - candles: Some(2640), indicators: Some(0)
[2m2026-03-08T16:56:43.854588Z[0m [32m INFO[0m [2mcompute_history[0m[2m:[0m compute_history (super_entry): PHAUSDT 4h - candles: Some(2582), indicators: Some(0)
[2m2026-03-08T16:56:43.859293Z[0m [32m INFO[0m [2mcompute_history[0m[2m:[0m compute_history (super_entry): BIOUSDT 4h - candles: Some(2557), indicators: Some(0)
[2m2026-03-08T16:56:43.863907Z[0m [32m INFO[0m [2mcompute_history[0m[2m:[0m compute_history (super_entry): ARCUSDT 4h - candles: Some(2473), indicators: Some(0)
[2m2026-03-08T16:56:43.868567Z[0m [32m INFO[0m [2mcompute_history[0m[2m:[0m compute_history (super_entry): TRUMPUSDT 4h - candles: Some(2467), indicators: Some(0)
[2m2026-03-08T16:56:43.873816Z[0m [32m INFO[0m [2mcompute_history[0m[2m:[0m compute_history (super_entry): ETHUSDT 4h - candles: Some(5001), indicators: Some(0)
[2m2026-03-08T16:56:43.875721Z[0m [32m INFO[0m [2mcompute_history[0m[2m:[0m compute_history (super_entry): BCHUSDT 4h - candles: Some(5001), indicators: Some(0)
[2m2026-03-08T16:56:43.877796Z[0m [32m INFO[0m [2mcompute_history[0m[2m:[0m compute_history (super_entry): XMRUSDT 4h - candles: Some(5001), indicators: Some(0)
[2m2026-03-08T16:56:43.879901Z[0m [32m INFO[0m [2mcompute_history[0m[2m:[0m compute_history (super_entry): DASHUSDT 4h - candles: Some(5001), indicators: Some(0)
[2m2026-03-08T16:56:43.882046Z[0m [32m INFO[0m [2mcompute_history[0m[2m:[0m compute_history (super_entry): ZECUSDT 4h - candles: Some(5001), indicators: Some(0)
[2m2026-03-08T16:56:43.884342Z[0m [32m INFO[0m [2mcompute_history[0m[2m:[0m compute_history (super_entry): BNBUSDT 4h - candles: Some(5001), indicators: Some(0)
[2m2026-03-08T16:56:43.886270Z[0m [32m INFO[0m [2mcompute_history[0m[2m:[0m compute_history (super_entry): ATOMUSDT 4h - candles: Some(5001), indicators: Some(0)
[2m2026-03-08T16:56:43.888441Z[0m [32m INFO[0m [2mcompute_history[0m[2m:[0m compute_history (super_entry): ALGOUSDT 4h - candles: Some(5001), indicators: Some(0)
[2m2026-03-08T16:56:43.890366Z[0m [32m INFO[0m [2mcompute_history[0m[2m:[0m compute_history (super_entry): DOGEUSDT 4h - candles: Some(5001), indicators: Some(0)
[2m2026-03-08T16:56:43.892305Z[0m [32m INFO[0m [2mcompute_history[0m[2m:[0m compute_history (super_entry): KAVAUSDT 4h - candles: Some(5001), indicators: Some(0)
[2m2026-03-08T16:56:43.894291Z[0m [32m INFO[0m [2mcompute_history[0m[2m:[0m compute_history (super_entry): DOTUSDT 4h - candles: Some(5001), indicators: Some(0)
[2m2026-03-08T16:56:43.896288Z[0m [32m INFO[0m [2mcompute_history[0m[2m:[0m compute_history (super_entry): CRVUSDT 4h - candles: Some(5001), indicators: Some(0)
[2m2026-03-08T16:56:43.898185Z[0m [32m INFO[0m [2mcompute_history[0m[2m:[0m compute_history (super_entry): SOLUSDT 4h - candles: Some(5001), indicators: Some(0)
[2m2026-03-08T16:56:43.900219Z[0m [32m INFO[0m [2mcompute_history[0m[2m:[0m compute_history (super_entry): UNIUSDT 4h - candles: Some(5001), indicators: Some(0)
[2m2026-03-08T16:56:43.902307Z[0m [32m INFO[0m [2mcompute_history[0m[2m:[0m compute_history (super_entry): AVAXUSDT 4h - candles: Some(5001), indicators: Some(0)
[2m2026-03-08T16:56:43.904300Z[0m [32m INFO[0m [2mcompute_history[0m[2m:[0m compute_history (super_entry): NEARUSDT 4h - candles: Some(5001), indicators: Some(0)
[2m2026-03-08T16:56:43.906188Z[0m [32m INFO[0m [2mcompute_history[0m[2m:[0m compute_history (super_entry): AAVEUSDT 4h - candles: Some(5001), indicators: Some(0)
[2m2026-03-08T16:56:43.908225Z[0m [32m INFO[0m [2mcompute_history[0m[2m:[0m compute_history (super_entry): FILUSDT 4h - candles: Some(5001), indicators: Some(0)
[2m2026-03-08T16:56:43.910264Z[0m [32m INFO[0m [2mcompute_history[0m[2m:[0m compute_history (super_entry): AXSUSDT 4h - candles: Some(5001), indicators: Some(0)
[2m2026-03-08T16:56:43.912258Z[0m [32m INFO[0m [2mcompute_history[0m[2m:[0m compute_history (super_entry): CHZUSDT 4h - candles: Some(5001), indicators: Some(0)
[2m2026-03-08T16:56:43.914352Z[0m [32m INFO[0m [2mcompute_history[0m[2m:[0m compute_history (super_entry): HBARUSDT 4h - candles: Some(5001), indicators: Some(0)
[2m2026-03-08T16:56:43.916224Z[0m [32m INFO[0m [2mcompute_history[0m[2m:[0m compute_history (super_entry): 1000SHIBUSDT 4h - candles: Some(5001), indicators: Some(0)
[2m2026-03-08T16:56:43.918207Z[0m [32m INFO[0m [2mcompute_history[0m[2m:[0m compute_history (super_entry): GALAUSDT 4h - candles: Some(5001), indicators: Some(0)
[2m2026-03-08T16:56:43.919688Z[0m [32m INFO[0m [2mcompute_history[0m[2m:[0m compute_history (super_entry): FLOWUSDT 4h - candles: Some(0), indicators: Some(0)
[2m2026-03-08T16:56:43.921559Z[0m [32m INFO[0m [2mcompute_history[0m[2m:[0m compute_history (super_entry): OPUSDT 4h - candles: Some(5001), indicators: Some(0)
[2m2026-03-08T16:56:43.923667Z[0m [32m INFO[0m [2mcompute_history[0m[2m:[0m compute_history (super_entry): INJUSDT 4h - candles: Some(5001), indicators: Some(0)
[2m2026-03-08T16:56:43.925525Z[0m [32m INFO[0m [2mcompute_history[0m[2m:[0m compute_history (super_entry): LDOUSDT 4h - candles: Some(5001), indicators: Some(0)
[2m2026-03-08T16:56:43.927631Z[0m [32m INFO[0m [2mcompute_history[0m[2m:[0m compute_history (super_entry): ICPUSDT 4h - candles: Some(5001), indicators: Some(0)
[2m2026-03-08T16:56:43.929602Z[0m [32m INFO[0m [2mcompute_history[0m[2m:[0m compute_history (super_entry): APTUSDT 4h - candles: Some(5001), indicators: Some(0)
[2m2026-03-08T16:56:43.931722Z[0m [32m INFO[0m [2mcompute_history[0m[2m:[0m compute_history (super_entry): FETUSDT 4h - candles: Some(5001), indicators: Some(0)
[2m2026-03-08T16:56:43.933768Z[0m [32m INFO[0m [2mcompute_history[0m[2m:[0m compute_history (super_entry): ARBUSDT 4h - candles: Some(5001), indicators: Some(0)
[2m2026-03-08T16:56:43.936028Z[0m [32m INFO[0m [2mcompute_history[0m[2m:[0m compute_history (super_entry): SUIUSDT 4h - candles: Some(5001), indicators: Some(0)
[2m2026-03-08T16:56:43.937989Z[0m [32m INFO[0m [2mcompute_history[0m[2m:[0m compute_history (super_entry): 1000PEPEUSDT 4h - candles: Some(5001), indicators: Some(0)
[2m2026-03-08T16:56:43.940107Z[0m [32m INFO[0m [2mcompute_history[0m[2m:[0m compute_history (super_entry): WLDUSDT 4h - candles: Some(5001), indicators: Some(0)
[2m2026-03-08T16:56:43.942443Z[0m [32m INFO[0m [2mcompute_history[0m[2m:[0m compute_history (super_entry): AGLDUSDT 4h - candles: Some(5704), indicators: Some(0)
[2m2026-03-08T16:56:43.944399Z[0m [32m INFO[0m [2mcompute_history[0m[2m:[0m compute_history (super_entry): SEIUSDT 4h - candles: Some(5001), indicators: Some(0)
[2m2026-03-08T16:56:43.946384Z[0m [32m INFO[0m [2mcompute_history[0m[2m:[0m compute_history (super_entry): TIAUSDT 4h - candles: Some(5001), indicators: Some(0)
[2m2026-03-08T16:56:43.947732Z[0m [32m INFO[0m [2mcompute_history[0m[2m:[0m compute_history (super_entry): STEEMUSDT 4h - candles: Some(0), indicators: Some(0)
[2m2026-03-08T16:56:43.949738Z[0m [32m INFO[0m [2mcompute_history[0m[2m:[0m compute_history (super_entry): 1000BONKUSDT 4h - candles: Some(5001), indicators: Some(0)
[2m2026-03-08T16:56:43.951047Z[0m [32m INFO[0m [2mcompute_history[0m[2m:[0m compute_history (super_entry): MOVRUSDT 4h - candles: Some(0), indicators: Some(0)
[2m2026-03-08T16:56:43.953029Z[0m [32m INFO[0m [2mcompute_history[0m[2m:[0m compute_history (super_entry): WIFUSDT 4h - candles: Some(4663), indicators: Some(0)
[2m2026-03-08T16:56:43.954921Z[0m [32m INFO[0m [2mcompute_history[0m[2m:[0m compute_history (super_entry): ONDOUSDT 4h - candles: Some(4651), indicators: Some(0)
[2m2026-03-08T16:56:43.956896Z[0m [32m INFO[0m [2mcompute_history[0m[2m:[0m compute_history (super_entry): JUPUSDT 4h - candles: Some(4584), indicators: Some(0)
[2m2026-03-08T16:56:43.958856Z[0m [32m INFO[0m [2mcompute_history[0m[2m:[0m compute_history (super_entry): TONUSDT 4h - candles: Some(4405), indicators: Some(0)
[2m2026-03-08T16:56:43.960715Z[0m [32m INFO[0m [2mcompute_history[0m[2m:[0m compute_history (super_entry): ENAUSDT 4h - candles: Some(4213), indicators: Some(0)
[2m2026-03-08T16:56:43.962629Z[0m [32m INFO[0m [2mcompute_history[0m[2m:[0m compute_history (super_entry): TAOUSDT 4h - candles: Some(4159), indicators: Some(0)
[2m2026-03-08T16:56:43.964585Z[0m [32m INFO[0m [2mcompute_history[0m[2m:[0m compute_history (super_entry): ZROUSDT 4h - candles: Some(3739), indicators: Some(0)
[2m2026-03-08T16:56:43.965804Z[0m [32m INFO[0m [2mcompute_history[0m[2m:[0m compute_history (super_entry): BANANAUSDT 4h - candles: Some(0), indicators: Some(0)
[2m2026-03-08T16:56:43.967078Z[0m [32m INFO[0m [2mcompute_history[0m[2m:[0m compute_history (super_entry): MBOXUSDT 4h - candles: Some(0), indicators: Some(0)
[2m2026-03-08T16:56:43.968246Z[0m [32m INFO[0m [2mcompute_history[0m[2m:[0m compute_history (super_entry): COSUSDT 4h - candles: Some(0), indicators: Some(0)
[2m2026-03-08T16:56:43.969369Z[0m [32m INFO[0m [2mcompute_history[0m[2m:[0m compute_history (super_entry): GRASSUSDT 4h - candles: Some(0), indicators: Some(0)
[2m2026-03-08T16:56:43.970513Z[0m [32m INFO[0m [2mcompute_history[0m[2m:[0m compute_history (super_entry): AKTUSDT 4h - candles: Some(0), indicators: Some(0)
[2m2026-03-08T16:56:43.971683Z[0m [32m INFO[0m [2mcompute_history[0m[2m:[0m compute_history (super_entry): DEGOUSDT 4h - candles: Some(0), indicators: Some(0)
[2m2026-03-08T16:56:43.973284Z[0m [32m INFO[0m [2mcompute_history[0m[2m:[0m compute_history (super_entry): PIPPINUSDT 4h - candles: Some(2432), indicators: Some(0)
[2m2026-03-08T16:56:43.974824Z[0m [32m INFO[0m [2mcompute_history[0m[2m:[0m compute_history (super_entry): VVVUSDT 4h - candles: Some(2402), indicators: Some(0)
[2m2026-03-08T16:56:43.976561Z[0m [32m INFO[0m [2mcompute_history[0m[2m:[0m compute_history (super_entry): BERAUSDT 4h - candles: Some(2353), indicators: Some(0)
[2m2026-03-08T16:56:43.978240Z[0m [32m INFO[0m [2mcompute_history[0m[2m:[0m compute_history (super_entry): IPUSDT 4h - candles: Some(2310), indicators: Some(0)
[2m2026-03-08T16:56:43.979778Z[0m [32m INFO[0m [2mcompute_history[0m[2m:[0m compute_history (super_entry): SIRENUSDT 4h - candles: Some(2090), indicators: Some(0)
[2m2026-03-08T16:56:43.981377Z[0m [32m INFO[0m [2mcompute_history[0m[2m:[0m compute_history (super_entry): BANANAS31USDT 4h - candles: Some(2090), indicators: Some(0)
[2m2026-03-08T16:56:43.982647Z[0m [32m INFO[0m [2mcompute_history[0m[2m:[0m compute_history (super_entry): PLUMEUSDT 4h - candles: Some(0), indicators: Some(0)
[2m2026-03-08T16:56:43.984242Z[0m [32m INFO[0m [2mcompute_history[0m[2m:[0m compute_history (super_entry): JELLYJELLYUSDT 4h - candles: Some(2064), indicators: Some(0)
[2m2026-03-08T16:56:43.985411Z[0m [32m INFO[0m [2mcompute_history[0m[2m:[0m compute_history (super_entry): MLNUSDT 4h - candles: Some(0), indicators: Some(0)
[2m2026-03-08T16:56:43.986511Z[0m [32m INFO[0m [2mcompute_history[0m[2m:[0m compute_history (super_entry): BABYUSDT 4h - candles: Some(0), indicators: Some(0)
[2m2026-03-08T16:56:43.987720Z[0m [32m INFO[0m [2mcompute_history[0m[2m:[0m compute_history (super_entry): FHEUSDT 4h - candles: Some(0), indicators: Some(0)
[2m2026-03-08T16:56:43.989332Z[0m [32m INFO[0m [2mcompute_history[0m[2m:[0m compute_history (super_entry): SIGNUSDT 4h - candles: Some(1868), indicators: Some(0)
[2m2026-03-08T16:56:43.990707Z[0m [32m INFO[0m [2mcompute_history[0m[2m:[0m compute_history (super_entry): HUMAUSDT 4h - candles: Some(1699), indicators: Some(0)
[2m2026-03-08T16:56:43.992235Z[0m [32m INFO[0m [2mcompute_history[0m[2m:[0m compute_history (super_entry): HYPEUSDT 4h - candles: Some(1676), indicators: Some(0)
[2m2026-03-08T16:56:43.993392Z[0m [32m INFO[0m [2mcompute_history[0m[2m:[0m compute_history (super_entry): LAUSDT 4h - candles: Some(0), indicators: Some(0)
[2m2026-03-08T16:56:43.994528Z[0m [32m INFO[0m [2mcompute_history[0m[2m:[0m compute_history (super_entry): HOMEUSDT 4h - candles: Some(0), indicators: Some(0)
[2m2026-03-08T16:56:43.995804Z[0m [32m INFO[0m [2mcompute_history[0m[2m:[0m compute_history (super_entry): RESOLVUSDT 4h - candles: Some(1609), indicators: Some(0)
[2m2026-03-08T16:56:43.997073Z[0m [32m INFO[0m [2mcompute_history[0m[2m:[0m compute_history (super_entry): SQDUSDT 4h - candles: Some(0), indicators: Some(0)
[2m2026-03-08T16:56:43.998478Z[0m [32m INFO[0m [2mcompute_history[0m[2m:[0m compute_history (super_entry): MYXUSDT 4h - candles: Some(1561), indicators: Some(0)
[2m2026-03-08T16:56:43.999765Z[0m [32m INFO[0m [2mcompute_history[0m[2m:[0m compute_history (super_entry): HUSDT 4h - candles: Some(1520), indicators: Some(0)
[2m2026-03-08T16:56:44.001297Z[0m [32m INFO[0m [2mcompute_history[0m[2m:[0m compute_history (super_entry): SAHARAUSDT 4h - candles: Some(1513), indicators: Some(0)
[2m2026-03-08T16:56:44.002629Z[0m [32m INFO[0m [2mcompute_history[0m[2m:[0m compute_history (super_entry): PUMPUSDT 4h - candles: Some(1431), indicators: Some(0)
[2m2026-03-08T16:56:44.003840Z[0m [32m INFO[0m [2mcompute_history[0m[2m:[0m compute_history (super_entry): NAORISUSDT 4h - candles: Some(0), indicators: Some(0)
[2m2026-03-08T16:56:44.005203Z[0m [32m INFO[0m [2mcompute_history[0m[2m:[0m compute_history (super_entry): ASTERUSDT 4h - candles: Some(1003), indicators: Some(0)
[2m2026-03-08T16:56:44.006401Z[0m [32m INFO[0m [2mcompute_history[0m[2m:[0m compute_history (super_entry): HANAUSDT 4h - candles: Some(0), indicators: Some(0)
[2m2026-03-08T16:56:44.007466Z[0m [32m INFO[0m [2mcompute_history[0m[2m:[0m compute_history (super_entry): FFUSDT 4h - candles: Some(0), indicators: Some(0)
[2m2026-03-08T16:56:44.008734Z[0m [32m INFO[0m [2mcompute_history[0m[2m:[0m compute_history (super_entry): LYNUSDT 4h - candles: Some(901), indicators: Some(0)
[2m2026-03-08T16:56:44.010140Z[0m [32m INFO[0m [2mcompute_history[0m[2m:[0m compute_history (super_entry): ENSOUSDT 4h - candles: Some(854), indicators: Some(0)
[2m2026-03-08T16:56:44.011462Z[0m [32m INFO[0m [2mcompute_history[0m[2m:[0m compute_history (super_entry): RIVERUSDT 4h - candles: Some(835), indicators: Some(0)
[2m2026-03-08T16:56:44.012683Z[0m [32m INFO[0m [2mcompute_history[0m[2m:[0m compute_history (super_entry): KITEUSDT 4h - candles: Some(764), indicators: Some(0)
[2m2026-03-08T16:56:44.013973Z[0m [32m INFO[0m [2mcompute_history[0m[2m:[0m compute_history (super_entry): UAIUSDT 4h - candles: Some(0), indicators: Some(0)
[2m2026-03-08T16:56:44.015319Z[0m [32m INFO[0m [2mcompute_history[0m[2m:[0m compute_history (super_entry): STABLEUSDT 4h - candles: Some(715), indicators: Some(0)
[2m2026-03-08T16:56:44.016407Z[0m [32m INFO[0m [2mcompute_history[0m[2m:[0m compute_history (super_entry): BEATUSDT 4h - candles: Some(0), indicators: Some(0)
[2m2026-03-08T16:56:44.017469Z[0m [32m INFO[0m [2mcompute_history[0m[2m:[0m compute_history (super_entry): SENTUSDT 4h - candles: Some(0), indicators: Some(0)
[2m2026-03-08T16:56:44.018775Z[0m [32m INFO[0m [2mcompute_history[0m[2m:[0m compute_history (super_entry): POWERUSDT 4h - candles: Some(536), indicators: Some(0)
[2m2026-03-08T16:56:44.020176Z[0m [32m INFO[0m [2mcompute_history[0m[2m:[0m compute_history (super_entry): LITUSDT 4h - candles: Some(432), indicators: Some(0)
[2m2026-03-08T16:56:44.021362Z[0m [32m INFO[0m [2mcompute_history[0m[2m:[0m compute_history (super_entry): SKRUSDT 4h - candles: Some(254), indicators: Some(0)
[2m2026-03-08T16:56:44.022396Z[0m [32m INFO[0m [2mcompute_history[0m[2m:[0m compute_history (super_entry): SPACEUSDT 4h - candles: Some(0), indicators: Some(0)
[2m2026-03-08T16:56:44.023737Z[0m [32m INFO[0m [2mcompute_history[0m[2m:[0m compute_history (super_entry): XPLUSDT 4h - candles: Some(1172), indicators: Some(0)
[2m2026-03-08T16:56:44.025191Z[0m [32m INFO[0m [2mcompute_history[0m[2m:[0m compute_history (super_entry): WLFIUSDT 4h - candles: Some(1166), indicators: Some(0)
[2m2026-03-08T16:56:44.026482Z[0m [32m INFO[0m [2mcompute_history[0m[2m:[0m compute_history (super_entry): 0GUSDT 4h - candles: Some(1013), indicators: Some(0)
[2m2026-03-08T16:56:44.027970Z[0m [32m INFO[0m [2mcompute_history[0m[2m:[0m compute_history (super_entry): BARDUSDT 4h - candles: Some(1010), indicators: Some(0)
[2m2026-03-08T16:56:44.029226Z[0m [32m INFO[0m [2mcompute_history[0m[2m:[0m compute_history (super_entry): TRIAUSDT 4h - candles: Some(163), indicators: Some(0)
[2m2026-03-08T16:56:44.030527Z[0m [32m INFO[0m [2mcompute_history[0m[2m:[0m compute_history (super_entry): ESPUSDT 4h - candles: Some(140), indicators: Some(0)
[2m2026-03-08T16:56:44.031669Z[0m [32m INFO[0m [2mcompute_history[0m[2m:[0m compute_history (super_entry): OPNUSDT 4h - candles: Some(73), indicators: Some(0)
[2m2026-03-08T16:56:44.033154Z[0m [32m INFO[0m [2mcompute_history[0m[2m:[0m compute_history (super_entry): ROBOUSDT 4h - candles: Some(38), indicators: Some(0)
[2m2026-03-08T16:56:44.035008Z[0m [32m INFO[0m [2mcompute_history[0m[2m:[0m compute_history (super_entry): MANTRAUSDT 4h - candles: Some(8), indicators: Some(0)
[2m2026-03-08T16:56:44.079536Z[0m [32m INFO[0m [2mcompute_history[0m[2m:[0m compute_history (super_entry): BTCUSDT 1d - candles: Some(1999), indicators: Some(0)
[2m2026-03-08T16:56:44.121410Z[0m [32m INFO[0m [2mcompute_history[0m[2m:[0m compute_history (super_entry): XRPUSDT 1d - candles: Some(1999), indicators: Some(0)
[2m2026-03-08T16:56:44.163987Z[0m [32m INFO[0m [2mcompute_history[0m[2m:[0m compute_history (super_entry): LTCUSDT 1d - candles: Some(1999), indicators: Some(0)
[2m2026-03-08T16:56:44.169240Z[0m [32m INFO[0m [2mcompute_history[0m[2m:[0m compute_history (super_entry): TRXUSDT 1d - candles: Some(1999), indicators: Some(0)
[2m2026-03-08T16:56:44.174294Z[0m [32m INFO[0m [2mcompute_history[0m[2m:[0m compute_history (super_entry): ETCUSDT 1d - candles: Some(1999), indicators: Some(0)
[2m2026-03-08T16:56:44.179161Z[0m [32m INFO[0m [2mcompute_history[0m[2m:[0m compute_history (super_entry): LINKUSDT 1d - candles: Some(1999), indicators: Some(0)
[2m2026-03-08T16:56:44.183920Z[0m [32m INFO[0m [2mcompute_history[0m[2m:[0m compute_history (super_entry): XLMUSDT 1d - candles: Some(1999), indicators: Some(0)
[2m2026-03-08T16:56:44.188883Z[0m [32m INFO[0m [2mcompute_history[0m[2m:[0m compute_history (super_entry): ADAUSDT 1d - candles: Some(1999), indicators: Some(0)
[2m2026-03-08T16:56:44.192996Z[0m [32m INFO[0m [2mcompute_history[0m[2m:[0m compute_history (super_entry): RENDERUSDT 1d - candles: Some(587), indicators: Some(0)
[2m2026-03-08T16:56:44.196851Z[0m [32m INFO[0m [2mcompute_history[0m[2m:[0m compute_history (super_entry): POLUSDT 1d - candles: Some(538), indicators: Some(0)
[2m2026-03-08T16:56:44.200646Z[0m [32m INFO[0m [2mcompute_history[0m[2m:[0m compute_history (super_entry): VIRTUALUSDT 1d - candles: Some(450), indicators: Some(0)
[2m2026-03-08T16:56:44.204664Z[0m [32m INFO[0m [2mcompute_history[0m[2m:[0m compute_history (super_entry): PENGUUSDT 1d - candles: Some(443), indicators: Some(0)
[2m2026-03-08T16:56:44.208429Z[0m [32m INFO[0m [2mcompute_history[0m[2m:[0m compute_history (super_entry): FARTCOINUSDT 1d - candles: Some(440), indicators: Some(0)
[2m2026-03-08T16:56:44.212191Z[0m [32m INFO[0m [2mcompute_history[0m[2m:[0m compute_history (super_entry): PHAUSDT 1d - candles: Some(430), indicators: Some(0)
[2m2026-03-08T16:56:44.216032Z[0m [32m INFO[0m [2mcompute_history[0m[2m:[0m compute_history (super_entry): BIOUSDT 1d - candles: Some(426), indicators: Some(0)
[2m2026-03-08T16:56:44.219751Z[0m [32m INFO[0m [2mcompute_history[0m[2m:[0m compute_history (super_entry): ARCUSDT 1d - candles: Some(412), indicators: Some(0)
[2m2026-03-08T16:56:44.223571Z[0m [32m INFO[0m [2mcompute_history[0m[2m:[0m compute_history (super_entry): TRUMPUSDT 1d - candles: Some(411), indicators: Some(0)
[2m2026-03-08T16:56:44.228609Z[0m [32m INFO[0m [2mcompute_history[0m[2m:[0m compute_history (super_entry): ETHUSDT 1d - candles: Some(1999), indicators: Some(0)
[2m2026-03-08T16:56:44.230579Z[0m [32m INFO[0m [2mcompute_history[0m[2m:[0m compute_history (super_entry): BCHUSDT 1d - candles: Some(1999), indicators: Some(0)
[2m2026-03-08T16:56:44.232464Z[0m [32m INFO[0m [2mcompute_history[0m[2m:[0m compute_history (super_entry): XMRUSDT 1d - candles: Some(1999), indicators: Some(0)
[2m2026-03-08T16:56:44.234388Z[0m [32m INFO[0m [2mcompute_history[0m[2m:[0m compute_history (super_entry): DASHUSDT 1d - candles: Some(1999), indicators: Some(0)
[2m2026-03-08T16:56:44.236381Z[0m [32m INFO[0m [2mcompute_history[0m[2m:[0m compute_history (super_entry): ZECUSDT 1d - candles: Some(1999), indicators: Some(0)
[2m2026-03-08T16:56:44.238432Z[0m [32m INFO[0m [2mcompute_history[0m[2m:[0m compute_history (super_entry): BNBUSDT 1d - candles: Some(1999), indicators: Some(0)
[2m2026-03-08T16:56:44.240395Z[0m [32m INFO[0m [2mcompute_history[0m[2m:[0m compute_history (super_entry): ATOMUSDT 1d - candles: Some(1999), indicators: Some(0)
[2m2026-03-08T16:56:44.242253Z[0m [32m INFO[0m [2mcompute_history[0m[2m:[0m compute_history (super_entry): ALGOUSDT 1d - candles: Some(1999), indicators: Some(0)
[2m2026-03-08T16:56:44.244354Z[0m [32m INFO[0m [2mcompute_history[0m[2m:[0m compute_history (super_entry): DOGEUSDT 1d - candles: Some(1999), indicators: Some(0)
[2m2026-03-08T16:56:44.246369Z[0m [32m INFO[0m [2mcompute_history[0m[2m:[0m compute_history (super_entry): KAVAUSDT 1d - candles: Some(1999), indicators: Some(0)
[2m2026-03-08T16:56:44.248343Z[0m [32m INFO[0m [2mcompute_history[0m[2m:[0m compute_history (super_entry): DOTUSDT 1d - candles: Some(1999), indicators: Some(0)
[2m2026-03-08T16:56:44.250386Z[0m [32m INFO[0m [2mcompute_history[0m[2m:[0m compute_history (super_entry): CRVUSDT 1d - candles: Some(1999), indicators: Some(0)
[2m2026-03-08T16:56:44.252476Z[0m [32m INFO[0m [2mcompute_history[0m[2m:[0m compute_history (super_entry): SOLUSDT 1d - candles: Some(1998), indicators: Some(0)
[2m2026-03-08T16:56:44.254524Z[0m [32m INFO[0m [2mcompute_history[0m[2m:[0m compute_history (super_entry): UNIUSDT 1d - candles: Some(1994), indicators: Some(0)
[2m2026-03-08T16:56:44.256480Z[0m [32m INFO[0m [2mcompute_history[0m[2m:[0m compute_history (super_entry): AVAXUSDT 1d - candles: Some(1989), indicators: Some(0)
[2m2026-03-08T16:56:44.258575Z[0m [32m INFO[0m [2mcompute_history[0m[2m:[0m compute_history (super_entry): NEARUSDT 1d - candles: Some(1967), indicators: Some(0)
[2m2026-03-08T16:56:44.260487Z[0m [32m INFO[0m [2mcompute_history[0m[2m:[0m compute_history (super_entry): AAVEUSDT 1d - candles: Some(1966), indicators: Some(0)
[2m2026-03-08T16:56:44.262610Z[0m [32m INFO[0m [2mcompute_history[0m[2m:[0m compute_history (super_entry): FILUSDT 1d - candles: Some(1966), indicators: Some(0)
[2m2026-03-08T16:56:44.264690Z[0m [32m INFO[0m [2mcompute_history[0m[2m:[0m compute_history (super_entry): AXSUSDT 1d - candles: Some(1931), indicators: Some(0)
[2m2026-03-08T16:56:44.266741Z[0m [32m INFO[0m [2mcompute_history[0m[2m:[0m compute_history (super_entry): CHZUSDT 1d - candles: Some(1869), indicators: Some(0)
[2m2026-03-08T16:56:44.268741Z[0m [32m INFO[0m [2mcompute_history[0m[2m:[0m compute_history (super_entry): HBARUSDT 1d - candles: Some(1814), indicators: Some(0)
[2m2026-03-08T16:56:44.270647Z[0m [32m INFO[0m [2mcompute_history[0m[2m:[0m compute_history (super_entry): 1000SHIBUSDT 1d - candles: Some(1760), indicators: Some(0)
[2m2026-03-08T16:56:44.272668Z[0m [32m INFO[0m [2mcompute_history[0m[2m:[0m compute_history (super_entry): GALAUSDT 1d - candles: Some(1629), indicators: Some(0)
[2m2026-03-08T16:56:44.273795Z[0m [32m INFO[0m [2mcompute_history[0m[2m:[0m compute_history (super_entry): FLOWUSDT 1d - candles: Some(0), indicators: Some(0)
[2m2026-03-08T16:56:44.275556Z[0m [32m INFO[0m [2mcompute_history[0m[2m:[0m compute_history (super_entry): OPUSDT 1d - candles: Some(1373), indicators: Some(0)
[2m2026-03-08T16:56:44.277226Z[0m [32m INFO[0m [2mcompute_history[0m[2m:[0m compute_history (super_entry): INJUSDT 1d - candles: Some(1296), indicators: Some(0)
[2m2026-03-08T16:56:44.278886Z[0m [32m INFO[0m [2mcompute_history[0m[2m:[0m compute_history (super_entry): LDOUSDT 1d - candles: Some(1260), indicators: Some(0)
[2m2026-03-08T16:56:44.280455Z[0m [32m INFO[0m [2mcompute_history[0m[2m:[0m compute_history (super_entry): ICPUSDT 1d - candles: Some(1255), indicators: Some(0)
[2m2026-03-08T16:56:44.282049Z[0m [32m INFO[0m [2mcompute_history[0m[2m:[0m compute_history (super_entry): APTUSDT 1d - candles: Some(1233), indicators: Some(0)
[2m2026-03-08T16:56:44.283742Z[0m [32m INFO[0m [2mcompute_history[0m[2m:[0m compute_history (super_entry): FETUSDT 1d - candles: Some(1143), indicators: Some(0)
[2m2026-03-08T16:56:44.285374Z[0m [32m INFO[0m [2mcompute_history[0m[2m:[0m compute_history (super_entry): ARBUSDT 1d - candles: Some(1078), indicators: Some(0)
[2m2026-03-08T16:56:44.286875Z[0m [32m INFO[0m [2mcompute_history[0m[2m:[0m compute_history (super_entry): SUIUSDT 1d - candles: Some(1037), indicators: Some(0)
[2m2026-03-08T16:56:44.288461Z[0m [32m INFO[0m [2mcompute_history[0m[2m:[0m compute_history (super_entry): 1000PEPEUSDT 1d - candles: Some(1035), indicators: Some(0)
[2m2026-03-08T16:56:44.290075Z[0m [32m INFO[0m [2mcompute_history[0m[2m:[0m compute_history (super_entry): WLDUSDT 1d - candles: Some(955), indicators: Some(0)
[2m2026-03-08T16:56:44.291447Z[0m [32m INFO[0m [2mcompute_history[0m[2m:[0m compute_history (super_entry): AGLDUSDT 1d - candles: Some(950), indicators: Some(0)
[2m2026-03-08T16:56:44.293096Z[0m [32m INFO[0m [2mcompute_history[0m[2m:[0m compute_history (super_entry): SEIUSDT 1d - candles: Some(931), indicators: Some(0)
[2m2026-03-08T16:56:44.294570Z[0m [32m INFO[0m [2mcompute_history[0m[2m:[0m compute_history (super_entry): TIAUSDT 1d - candles: Some(856), indicators: Some(0)
[2m2026-03-08T16:56:44.295585Z[0m [32m INFO[0m [2mcompute_history[0m[2m:[0m compute_history (super_entry): STEEMUSDT 1d - candles: Some(0), indicators: Some(0)
[2m2026-03-08T16:56:44.296898Z[0m [32m INFO[0m [2mcompute_history[0m[2m:[0m compute_history (super_entry): 1000BONKUSDT 1d - candles: Some(834), indicators: Some(0)
[2m2026-03-08T16:56:44.298006Z[0m [32m INFO[0m [2mcompute_history[0m[2m:[0m compute_history (super_entry): MOVRUSDT 1d - candles: Some(0), indicators: Some(0)
[2m2026-03-08T16:56:44.299391Z[0m [32m INFO[0m [2mcompute_history[0m[2m:[0m compute_history (super_entry): WIFUSDT 1d - candles: Some(777), indicators: Some(0)
[2m2026-03-08T16:56:44.300662Z[0m [32m INFO[0m [2mcompute_history[0m[2m:[0m compute_history (super_entry): ONDOUSDT 1d - candles: Some(775), indicators: Some(0)
[2m2026-03-08T16:56:44.302185Z[0m [32m INFO[0m [2mcompute_history[0m[2m:[0m compute_history (super_entry): JUPUSDT 1d - candles: Some(764), indicators: Some(0)
[2m2026-03-08T16:56:44.303650Z[0m [32m INFO[0m [2mcompute_history[0m[2m:[0m compute_history (super_entry): TONUSDT 1d - candles: Some(734), indicators: Some(0)
[2m2026-03-08T16:56:44.305109Z[0m [32m INFO[0m [2mcompute_history[0m[2m:[0m compute_history (super_entry): ENAUSDT 1d - candles: Some(702), indicators: Some(0)
[2m2026-03-08T16:56:44.306488Z[0m [32m INFO[0m [2mcompute_history[0m[2m:[0m compute_history (super_entry): TAOUSDT 1d - candles: Some(693), indicators: Some(0)
[2m2026-03-08T16:56:44.307816Z[0m [32m INFO[0m [2mcompute_history[0m[2m:[0m compute_history (super_entry): ZROUSDT 1d - candles: Some(623), indicators: Some(0)
[2m2026-03-08T16:56:44.308951Z[0m [32m INFO[0m [2mcompute_history[0m[2m:[0m compute_history (super_entry): BANANAUSDT 1d - candles: Some(0), indicators: Some(0)
[2m2026-03-08T16:56:44.309893Z[0m [32m INFO[0m [2mcompute_history[0m[2m:[0m compute_history (super_entry): MBOXUSDT 1d - candles: Some(0), indicators: Some(0)
[2m2026-03-08T16:56:44.310940Z[0m [32m INFO[0m [2mcompute_history[0m[2m:[0m compute_history (super_entry): COSUSDT 1d - candles: Some(0), indicators: Some(0)
[2m2026-03-08T16:56:44.311822Z[0m [32m INFO[0m [2mcompute_history[0m[2m:[0m compute_history (super_entry): GRASSUSDT 1d - candles: Some(0), indicators: Some(0)
[2m2026-03-08T16:56:44.312863Z[0m [32m INFO[0m [2mcompute_history[0m[2m:[0m compute_history (super_entry): AKTUSDT 1d - candles: Some(0), indicators: Some(0)
[2m2026-03-08T16:56:44.313990Z[0m [32m INFO[0m [2mcompute_history[0m[2m:[0m compute_history (super_entry): DEGOUSDT 1d - candles: Some(0), indicators: Some(0)
[2m2026-03-08T16:56:44.315233Z[0m [32m INFO[0m [2mcompute_history[0m[2m:[0m compute_history (super_entry): PIPPINUSDT 1d - candles: Some(405), indicators: Some(0)
[2m2026-03-08T16:56:44.316328Z[0m [32m INFO[0m [2mcompute_history[0m[2m:[0m compute_history (super_entry): VVVUSDT 1d - candles: Some(400), indicators: Some(0)
[2m2026-03-08T16:56:44.317479Z[0m [32m INFO[0m [2mcompute_history[0m[2m:[0m compute_history (super_entry): BERAUSDT 1d - candles: Some(392), indicators: Some(0)
[2m2026-03-08T16:56:44.318584Z[0m [32m INFO[0m [2mcompute_history[0m[2m:[0m compute_history (super_entry): IPUSDT 1d - candles: Some(385), indicators: Some(0)
[2m2026-03-08T16:56:44.319657Z[0m [32m INFO[0m [2mcompute_history[0m[2m:[0m compute_history (super_entry): SIRENUSDT 1d - candles: Some(348), indicators: Some(0)
[2m2026-03-08T16:56:44.320890Z[0m [32m INFO[0m [2mcompute_history[0m[2m:[0m compute_history (super_entry): BANANAS31USDT 1d - candles: Some(348), indicators: Some(0)
[2m2026-03-08T16:56:44.322009Z[0m [32m INFO[0m [2mcompute_history[0m[2m:[0m compute_history (super_entry): PLUMEUSDT 1d - candles: Some(0), indicators: Some(0)
[2m2026-03-08T16:56:44.323130Z[0m [32m INFO[0m [2mcompute_history[0m[2m:[0m compute_history (super_entry): JELLYJELLYUSDT 1d - candles: Some(344), indicators: Some(0)
[2m2026-03-08T16:56:44.324082Z[0m [32m INFO[0m [2mcompute_history[0m[2m:[0m compute_history (super_entry): MLNUSDT 1d - candles: Some(0), indicators: Some(0)
[2m2026-03-08T16:56:44.325137Z[0m [32m INFO[0m [2mcompute_history[0m[2m:[0m compute_history (super_entry): BABYUSDT 1d - candles: Some(0), indicators: Some(0)
[2m2026-03-08T16:56:44.326177Z[0m [32m INFO[0m [2mcompute_history[0m[2m:[0m compute_history (super_entry): FHEUSDT 1d - candles: Some(0), indicators: Some(0)
[2m2026-03-08T16:56:44.327427Z[0m [32m INFO[0m [2mcompute_history[0m[2m:[0m compute_history (super_entry): SIGNUSDT 1d - candles: Some(311), indicators: Some(0)
[2m2026-03-08T16:56:44.328507Z[0m [32m INFO[0m [2mcompute_history[0m[2m:[0m compute_history (super_entry): HUMAUSDT 1d - candles: Some(283), indicators: Some(0)
[2m2026-03-08T16:56:44.329721Z[0m [32m INFO[0m [2mcompute_history[0m[2m:[0m compute_history (super_entry): HYPEUSDT 1d - candles: Some(279), indicators: Some(0)
[2m2026-03-08T16:56:44.330813Z[0m [32m INFO[0m [2mcompute_history[0m[2m:[0m compute_history (super_entry): LAUSDT 1d - candles: Some(0), indicators: Some(0)
[2m2026-03-08T16:56:44.331917Z[0m [32m INFO[0m [2mcompute_history[0m[2m:[0m compute_history (super_entry): HOMEUSDT 1d - candles: Some(0), indicators: Some(0)
[2m2026-03-08T16:56:44.333178Z[0m [32m INFO[0m [2mcompute_history[0m[2m:[0m compute_history (super_entry): RESOLVUSDT 1d - candles: Some(268), indicators: Some(0)
[2m2026-03-08T16:56:44.334225Z[0m [32m INFO[0m [2mcompute_history[0m[2m:[0m compute_history (super_entry): SQDUSDT 1d - candles: Some(0), indicators: Some(0)
[2m2026-03-08T16:56:44.335247Z[0m [32m INFO[0m [2mcompute_history[0m[2m:[0m compute_history (super_entry): MYXUSDT 1d - candles: Some(260), indicators: Some(0)
[2m2026-03-08T16:56:44.336343Z[0m [32m INFO[0m [2mcompute_history[0m[2m:[0m compute_history (super_entry): HUSDT 1d - candles: Some(253), indicators: Some(0)
[2m2026-03-08T16:56:44.337477Z[0m [32m INFO[0m [2mcompute_history[0m[2m:[0m compute_history (super_entry): SAHARAUSDT 1d - candles: Some(252), indicators: Some(0)
[2m2026-03-08T16:56:44.338559Z[0m [32m INFO[0m [2mcompute_history[0m[2m:[0m compute_history (super_entry): PUMPUSDT 1d - candles: Some(238), indicators: Some(0)
[2m2026-03-08T16:56:44.339624Z[0m [32m INFO[0m [2mcompute_history[0m[2m:[0m compute_history (super_entry): NAORISUSDT 1d - candles: Some(0), indicators: Some(0)
[2m2026-03-08T16:56:44.340736Z[0m [32m INFO[0m [2mcompute_history[0m[2m:[0m compute_history (super_entry): ASTERUSDT 1d - candles: Some(167), indicators: Some(0)
[2m2026-03-08T16:56:44.341814Z[0m [32m INFO[0m [2mcompute_history[0m[2m:[0m compute_history (super_entry): HANAUSDT 1d - candles: Some(0), indicators: Some(0)
[2m2026-03-08T16:56:44.342898Z[0m [32m INFO[0m [2mcompute_history[0m[2m:[0m compute_history (super_entry): FFUSDT 1d - candles: Some(0), indicators: Some(0)
[2m2026-03-08T16:56:44.344014Z[0m [32m INFO[0m [2mcompute_history[0m[2m:[0m compute_history (super_entry): LYNUSDT 1d - candles: Some(150), indicators: Some(0)
[2m2026-03-08T16:56:44.345116Z[0m [32m INFO[0m [2mcompute_history[0m[2m:[0m compute_history (super_entry): ENSOUSDT 1d - candles: Some(142), indicators: Some(0)
[2m2026-03-08T16:56:44.346322Z[0m [32m INFO[0m [2mcompute_history[0m[2m:[0m compute_history (super_entry): RIVERUSDT 1d - candles: Some(139), indicators: Some(0)
[2m2026-03-08T16:56:44.347374Z[0m [32m INFO[0m [2mcompute_history[0m[2m:[0m compute_history (super_entry): KITEUSDT 1d - candles: Some(127), indicators: Some(0)
[2m2026-03-08T16:56:44.348414Z[0m [32m INFO[0m [2mcompute_history[0m[2m:[0m compute_history (super_entry): UAIUSDT 1d - candles: Some(0), indicators: Some(0)
[2m2026-03-08T16:56:44.349399Z[0m [32m INFO[0m [2mcompute_history[0m[2m:[0m compute_history (super_entry): STABLEUSDT 1d - candles: Some(119), indicators: Some(0)
[2m2026-03-08T16:56:44.350401Z[0m [32m INFO[0m [2mcompute_history[0m[2m:[0m compute_history (super_entry): BEATUSDT 1d - candles: Some(0), indicators: Some(0)
[2m2026-03-08T16:56:44.351401Z[0m [32m INFO[0m [2mcompute_history[0m[2m:[0m compute_history (super_entry): SENTUSDT 1d - candles: Some(0), indicators: Some(0)
[2m2026-03-08T16:56:44.352390Z[0m [32m INFO[0m [2mcompute_history[0m[2m:[0m compute_history (super_entry): POWERUSDT 1d - candles: Some(89), indicators: Some(0)
[2m2026-03-08T16:56:44.353338Z[0m [32m INFO[0m [2mcompute_history[0m[2m:[0m compute_history (super_entry): LITUSDT 1d - candles: Some(72), indicators: Some(0)
[2m2026-03-08T16:56:44.354345Z[0m [32m INFO[0m [2mcompute_history[0m[2m:[0m compute_history (super_entry): SKRUSDT 1d - candles: Some(42), indicators: Some(0)
[2m2026-03-08T16:56:44.355358Z[0m [32m INFO[0m [2mcompute_history[0m[2m:[0m compute_history (super_entry): SPACEUSDT 1d - candles: Some(0), indicators: Some(0)
[2m2026-03-08T16:56:44.356455Z[0m [32m INFO[0m [2mcompute_history[0m[2m:[0m compute_history (super_entry): XPLUSDT 1d - candles: Some(195), indicators: Some(0)
[2m2026-03-08T16:56:44.357496Z[0m [32m INFO[0m [2mcompute_history[0m[2m:[0m compute_history (super_entry): WLFIUSDT 1d - candles: Some(194), indicators: Some(0)
[2m2026-03-08T16:56:44.358458Z[0m [32m INFO[0m [2mcompute_history[0m[2m:[0m compute_history (super_entry): 0GUSDT 1d - candles: Some(169), indicators: Some(0)
[2m2026-03-08T16:56:44.359470Z[0m [32m INFO[0m [2mcompute_history[0m[2m:[0m compute_history (super_entry): BARDUSDT 1d - candles: Some(168), indicators: Some(0)
[2m2026-03-08T16:56:44.360449Z[0m [32m INFO[0m [2mcompute_history[0m[2m:[0m compute_history (super_entry): TRIAUSDT 1d - candles: Some(27), indicators: Some(0)
[2m2026-03-08T16:56:44.361408Z[0m [32m INFO[0m [2mcompute_history[0m[2m:[0m compute_history (super_entry): ESPUSDT 1d - candles: Some(23), indicators: Some(0)
[2m2026-03-08T16:56:44.362353Z[0m [32m INFO[0m [2mcompute_history[0m[2m:[0m compute_history (super_entry): OPNUSDT 1d - candles: Some(12), indicators: Some(0)
[2m2026-03-08T16:56:44.363336Z[0m [32m INFO[0m [2mcompute_history[0m[2m:[0m compute_history (super_entry): ROBOUSDT 1d - candles: Some(6), indicators: Some(0)
[2m2026-03-08T16:56:44.364384Z[0m [32m INFO[0m [2mcompute_history[0m[2m:[0m compute_history (super_entry): MANTRAUSDT 1d - candles: Some(1), indicators: Some(0)
[2m2026-03-08T16:56:44.389567Z[0m [32m INFO[0m [2mcompute_history[0m[2m:[0m Gap detected: BTCUSDT 15m gap_candles=5181 total_fetch=5381
Processing feature batch for BTCUSDT on 15m, bars=5181, cols=34, realtime: false
[2m2026-03-08T16:56:44.425805Z[0m [32m INFO[0m [2mcompute_history[0m[2m:[0m Gap detected: XRPUSDT 15m gap_candles=5181 total_fetch=5381
  Persisting 175254 indicator records for BTCUSDT on 15m (bars 19..5180, skipped 19 warmup bars)
[2m2026-03-08T16:56:44.473585Z[0m [32m INFO[0m [2mcompute_history[0m[2m:[0m Gap detected: LTCUSDT 15m gap_candles=5181 total_fetch=5381
Processing feature batch for XRPUSDT on 15m, bars=5181, cols=34, realtime: false
  Persisting 175254 indicator records for XRPUSDT on 15m (bars 19..5180, skipped 19 warmup bars)
[2m2026-03-08T16:56:44.505455Z[0m [32m INFO[0m [2mcompute_history[0m[2m:[0m Gap detected: TRXUSDT 15m gap_candles=5181 total_fetch=5381
Processing feature batch for LTCUSDT on 15m, bars=5181, cols=34, realtime: false
[2m2026-03-08T16:56:44.550543Z[0m [32m INFO[0m [2mcompute_history[0m[2m:[0m Gap detected: ETCUSDT 15m gap_candles=5181 total_fetch=5381
  Persisting 175254 indicator records for LTCUSDT on 15m (bars 19..5180, skipped 19 warmup bars)
[2m2026-03-08T16:56:44.592567Z[0m [32m INFO[0m [2mcompute_history[0m[2m:[0m Gap detected: LINKUSDT 15m gap_candles=5181 total_fetch=5381
Processing feature batch for TRXUSDT on 15m, bars=5181, cols=34, realtime: false
[2m2026-03-08T16:56:44.619962Z[0m [32m INFO[0m [2mcompute_history[0m[2m:[0m Gap detected: XLMUSDT 15m gap_candles=5181 total_fetch=5381
  Persisting 175254 indicator records for TRXUSDT on 15m (bars 19..5180, skipped 19 warmup bars)
[2m2026-03-08T16:56:44.646682Z[0m [32m INFO[0m [2mcompute_history[0m[2m:[0m Gap detected: ADAUSDT 15m gap_candles=5181 total_fetch=5381
Processing feature batch for ETCUSDT on 15m, bars=5181, cols=34, realtime: false
[2m2026-03-08T16:56:44.687105Z[0m [32m INFO[0m [2mcompute_history[0m[2m:[0m Gap detected: RENDERUSDT 15m gap_candles=5181 total_fetch=5381
  Persisting 175254 indicator records for ETCUSDT on 15m (bars 19..5180, skipped 19 warmup bars)
[2m2026-03-08T16:56:44.728612Z[0m [32m INFO[0m [2mcompute_history[0m[2m:[0m Gap detected: POLUSDT 15m gap_candles=5181 total_fetch=5381
Processing feature batch for LINKUSDT on 15m, bars=5181, cols=34, realtime: false
  Persisting 175254 indicator records for LINKUSDT on 15m (bars 19..5180, skipped 19 warmup bars)
[2m2026-03-08T16:56:44.757476Z[0m [32m INFO[0m [2mcompute_history[0m[2m:[0m Gap detected: VIRTUALUSDT 15m gap_candles=5181 total_fetch=5381
Processing feature batch for XLMUSDT on 15m, bars=5181, cols=34, realtime: false
[2m2026-03-08T16:56:44.798820Z[0m [32m INFO[0m [2mcompute_history[0m[2m:[0m Gap detected: PENGUUSDT 15m gap_candles=5181 total_fetch=5381
  Persisting 175254 indicator records for XLMUSDT on 15m (bars 19..5180, skipped 19 warmup bars)
[2m2026-03-08T16:56:44.841218Z[0m [32m INFO[0m [2mcompute_history[0m[2m:[0m Gap detected: FARTCOINUSDT 15m gap_candles=5181 total_fetch=5381
Processing feature batch for ADAUSDT on 15m, bars=5181, cols=34, realtime: false
  Persisting 175254 indicator records for ADAUSDT on 15m (bars 19..5180, skipped 19 warmup bars)
[2m2026-03-08T16:56:44.884815Z[0m [32m INFO[0m [2mcompute_history[0m[2m:[0m Gap detected: PHAUSDT 15m gap_candles=5181 total_fetch=5381
[2m2026-03-08T16:56:44.915476Z[0m [32m INFO[0m [2mcompute_history[0m[2m:[0m Gap detected: BIOUSDT 15m gap_candles=5181 total_fetch=5381
Processing feature batch for RENDERUSDT on 15m, bars=5181, cols=34, realtime: false
[2m2026-03-08T16:56:44.948564Z[0m [32m INFO[0m [2mcompute_history[0m[2m:[0m Gap detected: ARCUSDT 15m gap_candles=5181 total_fetch=5381
  Persisting 175254 indicator records for RENDERUSDT on 15m (bars 19..5180, skipped 19 warmup bars)
[2m2026-03-08T16:56:44.969709Z[0m [32m INFO[0m [2mcompute_history[0m[2m:[0m Gap detected: TRUMPUSDT 15m gap_candles=5181 total_fetch=5381
[2m2026-03-08T16:56:45.008339Z[0m [32m INFO[0m [2mcompute_history[0m[2m:[0m Gap detected: ETHUSDT 15m gap_candles=5181 total_fetch=5381
Processing feature batch for POLUSDT on 15m, bars=5181, cols=34, realtime: false
[2m2026-03-08T16:56:45.030147Z[0m [32m INFO[0m [2mcompute_history[0m[2m:[0m Gap detected: BCHUSDT 15m gap_candles=5181 total_fetch=5381
  Persisting 175254 indicator records for POLUSDT on 15m (bars 19..5180, skipped 19 warmup bars)
[2m2026-03-08T16:56:45.055871Z[0m [32m INFO[0m [2mcompute_history[0m[2m:[0m Gap detected: XMRUSDT 15m gap_candles=5181 total_fetch=5381
[2m2026-03-08T16:56:45.076027Z[0m [32m INFO[0m [2mcompute_history[0m[2m:[0m Gap detected: DASHUSDT 15m gap_candles=5181 total_fetch=5381
Processing feature batch for VIRTUALUSDT on 15m, bars=5181, cols=34, realtime: false
[2m2026-03-08T16:56:45.094981Z[0m [32m INFO[0m [2mcompute_history[0m[2m:[0m Gap detected: ZECUSDT 15m gap_candles=5181 total_fetch=5381
  Persisting 175254 indicator records for VIRTUALUSDT on 15m (bars 19..5180, skipped 19 warmup bars)
[2m2026-03-08T16:56:45.112906Z[0m [32m INFO[0m [2mcompute_history[0m[2m:[0m Gap detected: BNBUSDT 15m gap_candles=5181 total_fetch=5381
[2m2026-03-08T16:56:45.130612Z[0m [32m INFO[0m [2mcompute_history[0m[2m:[0m Gap detected: ATOMUSDT 15m gap_candles=5181 total_fetch=5381
Processing feature batch for PENGUUSDT on 15m, bars=5181, cols=34, realtime: false
[2m2026-03-08T16:56:45.149738Z[0m [32m INFO[0m [2mcompute_history[0m[2m:[0m Gap detected: ALGOUSDT 15m gap_candles=5181 total_fetch=5381
  Persisting 175254 indicator records for PENGUUSDT on 15m (bars 19..5180, skipped 19 warmup bars)
[2m2026-03-08T16:56:45.178397Z[0m [32m INFO[0m [2mcompute_history[0m[2m:[0m Gap detected: DOGEUSDT 15m gap_candles=5181 total_fetch=5381
Processing feature batch for FARTCOINUSDT on 15m, bars=5181, cols=34, realtime: false
  Persisting 175254 indicator records for FARTCOINUSDT on 15m (bars 19..5180, skipped 19 warmup bars)
[2m2026-03-08T16:56:45.250218Z[0m [32m INFO[0m [2mcompute_history[0m[2m:[0m Gap detected: KAVAUSDT 15m gap_candles=5181 total_fetch=5381
Processing feature batch for PHAUSDT on 15m, bars=5181, cols=34, realtime: false
[2m2026-03-08T16:56:45.296609Z[0m [32m INFO[0m [2mcompute_history[0m[2m:[0m Gap detected: DOTUSDT 15m gap_candles=5181 total_fetch=5381
  Persisting 175254 indicator records for PHAUSDT on 15m (bars 19..5180, skipped 19 warmup bars)
[2m2026-03-08T16:56:45.314008Z[0m [32m INFO[0m [2mcompute_history[0m[2m:[0m Gap detected: CRVUSDT 15m gap_candles=5181 total_fetch=5381
Processing feature batch for BIOUSDT on 15m, bars=5181, cols=34, realtime: false
[2m2026-03-08T16:56:45.351807Z[0m [32m INFO[0m [2mcompute_history[0m[2m:[0m Gap detected: SOLUSDT 15m gap_candles=5181 total_fetch=5381
  Persisting 175254 indicator records for BIOUSDT on 15m (bars 19..5180, skipped 19 warmup bars)
[2m2026-03-08T16:56:45.373000Z[0m [32m INFO[0m [2mcompute_history[0m[2m:[0m Gap detected: UNIUSDT 15m gap_candles=5181 total_fetch=5381
[2m2026-03-08T16:56:45.395285Z[0m [32m INFO[0m [2mcompute_history[0m[2m:[0m Gap detected: AVAXUSDT 15m gap_candles=5181 total_fetch=5381
Processing feature batch for ARCUSDT on 15m, bars=5181, cols=34, realtime: false
[2m2026-03-08T16:56:45.415156Z[0m [32m INFO[0m [2mcompute_history[0m[2m:[0m Gap detected: NEARUSDT 15m gap_candles=5181 total_fetch=5381
[2m2026-03-08T16:56:45.436566Z[0m [32m INFO[0m [2mcompute_history[0m[2m:[0m Gap detected: AAVEUSDT 15m gap_candles=5181 total_fetch=5381
  Persisting 175254 indicator records for ARCUSDT on 15m (bars 19..5180, skipped 19 warmup bars)
[2m2026-03-08T16:56:45.462923Z[0m [32m INFO[0m [2mcompute_history[0m[2m:[0m Gap detected: FILUSDT 15m gap_candles=5181 total_fetch=5381
Processing feature batch for TRUMPUSDT on 15m, bars=5181, cols=34, realtime: false
[2m2026-03-08T16:56:45.483561Z[0m [32m INFO[0m [2mcompute_history[0m[2m:[0m Gap detected: AXSUSDT 15m gap_candles=5181 total_fetch=5381
  Persisting 175254 indicator records for TRUMPUSDT on 15m (bars 19..5180, skipped 19 warmup bars)
[2m2026-03-08T16:56:45.531100Z[0m [32m INFO[0m [2mcompute_history[0m[2m:[0m Gap detected: CHZUSDT 15m gap_candles=5181 total_fetch=5381
Processing feature batch for ETHUSDT on 15m, bars=5181, cols=34, realtime: false
  Persisting 175254 indicator records for ETHUSDT on 15m (bars 19..5180, skipped 19 warmup bars)
[2m2026-03-08T16:56:45.575968Z[0m [32m INFO[0m [2mcompute_history[0m[2m:[0m Gap detected: HBARUSDT 15m gap_candles=5181 total_fetch=5381
[2m2026-03-08T16:56:45.603255Z[0m [32m INFO[0m [2mcompute_history[0m[2m:[0m Gap detected: 1000SHIBUSDT 15m gap_candles=5181 total_fetch=5381
Processing feature batch for BCHUSDT on 15m, bars=5181, cols=34, realtime: false
[2m2026-03-08T16:56:45.625289Z[0m [32m INFO[0m [2mcompute_history[0m[2m:[0m Gap detected: GALAUSDT 15m gap_candles=5181 total_fetch=5381
  Persisting 175254 indicator records for BCHUSDT on 15m (bars 19..5180, skipped 19 warmup bars)
[2m2026-03-08T16:56:45.651477Z[0m [32m INFO[0m [2mcompute_history[0m[2m:[0m Gap detected: OPUSDT 15m gap_candles=5181 total_fetch=5381
[2m2026-03-08T16:56:45.678299Z[0m [32m INFO[0m [2mcompute_history[0m[2m:[0m Gap detected: INJUSDT 15m gap_candles=5181 total_fetch=5381
Processing feature batch for XMRUSDT on 15m, bars=5181, cols=34, realtime: false
[2m2026-03-08T16:56:45.702335Z[0m [32m INFO[0m [2mcompute_history[0m[2m:[0m Gap detected: LDOUSDT 15m gap_candles=5181 total_fetch=5381
  Persisting 175254 indicator records for XMRUSDT on 15m (bars 19..5180, skipped 19 warmup bars)
[2m2026-03-08T16:56:45.727593Z[0m [32m INFO[0m [2mcompute_history[0m[2m:[0m Gap detected: ICPUSDT 15m gap_candles=5181 total_fetch=5381
Processing feature batch for DASHUSDT on 15m, bars=5181, cols=34, realtime: false
[2m2026-03-08T16:56:45.747657Z[0m [32m INFO[0m [2mcompute_history[0m[2m:[0m Gap detected: APTUSDT 15m gap_candles=5181 total_fetch=5381
[2m2026-03-08T16:56:45.769587Z[0m [32m INFO[0m [2mcompute_history[0m[2m:[0m Gap detected: FETUSDT 15m gap_candles=5181 total_fetch=5381
  Persisting 175254 indicator records for DASHUSDT on 15m (bars 19..5180, skipped 19 warmup bars)
[2m2026-03-08T16:56:45.790380Z[0m [32m INFO[0m [2mcompute_history[0m[2m:[0m Gap detected: ARBUSDT 15m gap_candles=5181 total_fetch=5381
[2m2026-03-08T16:56:45.811856Z[0m [32m INFO[0m [2mcompute_history[0m[2m:[0m Gap detected: SUIUSDT 15m gap_candles=5181 total_fetch=5381
Processing feature batch for ZECUSDT on 15m, bars=5181, cols=34, realtime: false
[2m2026-03-08T16:56:45.829804Z[0m [32m INFO[0m [2mcompute_history[0m[2m:[0m Gap detected: 1000PEPEUSDT 15m gap_candles=5181 total_fetch=5381
  Persisting 175254 indicator records for ZECUSDT on 15m (bars 19..5180, skipped 19 warmup bars)
[2m2026-03-08T16:56:45.851027Z[0m [32m INFO[0m [2mcompute_history[0m[2m:[0m Gap detected: WLDUSDT 15m gap_candles=5181 total_fetch=5381
[2m2026-03-08T16:56:45.877967Z[0m [32m INFO[0m [2mcompute_history[0m[2m:[0m Gap detected: AGLDUSDT 15m gap_candles=12146 total_fetch=10000
Processing feature batch for BNBUSDT on 15m, bars=5181, cols=34, realtime: false
  Persisting 175254 indicator records for BNBUSDT on 15m (bars 19..5180, skipped 19 warmup bars)
[2m2026-03-08T16:56:45.918415Z[0m [32m INFO[0m [2mcompute_history[0m[2m:[0m Gap detected: SEIUSDT 15m gap_candles=5181 total_fetch=5381
Processing feature batch for ATOMUSDT on 15m, bars=5181, cols=34, realtime: false
[2m2026-03-08T16:56:45.944550Z[0m [32m INFO[0m [2mcompute_history[0m[2m:[0m Gap detected: TIAUSDT 15m gap_candles=5181 total_fetch=5381
  Persisting 175254 indicator records for ATOMUSDT on 15m (bars 19..5180, skipped 19 warmup bars)
[2m2026-03-08T16:56:45.969258Z[0m [32m INFO[0m [2mcompute_history[0m[2m:[0m Gap detected: 1000BONKUSDT 15m gap_candles=5181 total_fetch=5381
[2m2026-03-08T16:56:45.991542Z[0m [32m INFO[0m [2mcompute_history[0m[2m:[0m Gap detected: WIFUSDT 15m gap_candles=5181 total_fetch=5381
Processing feature batch for ALGOUSDT on 15m, bars=5181, cols=34, realtime: false
[2m2026-03-08T16:56:46.011877Z[0m [32m INFO[0m [2mcompute_history[0m[2m:[0m Gap detected: ONDOUSDT 15m gap_candles=5181 total_fetch=5381
  Persisting 175254 indicator records for ALGOUSDT on 15m (bars 19..5180, skipped 19 warmup bars)
[2m2026-03-08T16:56:46.031040Z[0m [32m INFO[0m [2mcompute_history[0m[2m:[0m Gap detected: JUPUSDT 15m gap_candles=5181 total_fetch=5381
[2m2026-03-08T16:56:46.051862Z[0m [32m INFO[0m [2mcompute_history[0m[2m:[0m Gap detected: TONUSDT 15m gap_candles=5181 total_fetch=5381
Processing feature batch for DOGEUSDT on 15m, bars=5181, cols=34, realtime: false
[2m2026-03-08T16:56:46.072374Z[0m [32m INFO[0m [2mcompute_history[0m[2m:[0m Gap detected: ENAUSDT 15m gap_candles=5181 total_fetch=5381
[2m2026-03-08T16:56:46.093294Z[0m [32m INFO[0m [2mcompute_history[0m[2m:[0m Gap detected: TAOUSDT 15m gap_candles=5181 total_fetch=5381
  Persisting 175254 indicator records for DOGEUSDT on 15m (bars 19..5180, skipped 19 warmup bars)
[2m2026-03-08T16:56:46.114877Z[0m [32m INFO[0m [2mcompute_history[0m[2m:[0m Gap detected: ZROUSDT 15m gap_candles=5181 total_fetch=5381
Processing feature batch for KAVAUSDT on 15m, bars=5181, cols=34, realtime: false
[2m2026-03-08T16:56:46.148780Z[0m [32m INFO[0m [2mcompute_history[0m[2m:[0m Gap detected: PIPPINUSDT 15m gap_candles=5181 total_fetch=5381
  Persisting 175254 indicator records for KAVAUSDT on 15m (bars 19..5180, skipped 19 warmup bars)
[2m2026-03-08T16:56:46.168931Z[0m [32m INFO[0m [2mcompute_history[0m[2m:[0m Gap detected: VVVUSDT 15m gap_candles=5181 total_fetch=5381
[2m2026-03-08T16:56:46.189054Z[0m [32m INFO[0m [2mcompute_history[0m[2m:[0m Gap detected: BERAUSDT 15m gap_candles=5181 total_fetch=5381
[2m2026-03-08T16:56:46.198798Z[0m [33m WARN[0m [2msqlx::query[0m[2m:[0m slow statement: execution time exceeded alert threshold [3msummary[0m[2m=[0m"INSERT INTO market.indicators_wide (time, …" [3mdb.statement[0m[2m=[0m"\n\n\n    INSERT INTO market.indicators_wide\n    (time, time_ms, symbol_id, symbol, tf_minutes,\n     rsi, cci, stoch_k, stoch_d, williams,\n     macd, macd_signal, macd_hist, adx, sma, ema_20, ema_50, ema_200,\n     bb_upper, bb_mid, bb_lower, atr,\n     obv, vwap, volume_spike,\n     alligator_jaw, alligator_teeth, alligator_lips,\n     trend, trend_short, poc,\n     mfi, fibo_pivot, fibo_r1, fibo_s1, supertrend, supertrend_dir, cmf,\n     sr_levels, candle_is_final, calc_source, event_time_ms, created_at, updated_at)\n    SELECT * FROM UNNEST(\n        $1::timestamptz[], $2::bigint[], $3::bigint[], $4::text[], $5::smallint[],\n        $6::real[], $7::real[], $8::real[], $9::real[], $10::real[],\n        $11::real[], $12::real[], $13::real[], $14::real[], $15::real[], $16::real[], $17::real[], $18::real[],\n        $19::real[], $20::real[], $21::real[], $22::real[],\n        $23::double precision[], $24::double precision[], $25::real[],\n        $26::real[], $27::real[], $28::real[],\n        $29::smallint[], $30::smallint[], $31::real[],\n        $32::real[], $33::real[], $34::real[], $35::real[], $36::real[], $37::smallint[], $38::real[],\n        $39::jsonb[], $40::boolean[], $41::smallint[], $42::bigint[], $43::timestamptz[], $44::timestamptz[]\n    )\n    ON CONFLICT (symbol_id, tf_minutes, time) DO NOTHING\n    \n" [3mrows_affected[0m[2m=[0m20000 [3mrows_returned[0m[2m=[0m0 [3melapsed[0m[2m=[0m1.015220113s [3melapsed_secs[0m[2m=[0m1.015220113 [3mslow_threshold[0m[2m=[0m1s
Processing feature batch for DOTUSDT on 15m, bars=5181, cols=34, realtime: false
  Persisting 175254 indicator records for DOTUSDT on 15m (bars 19..5180, skipped 19 warmup bars)
[2m2026-03-08T16:56:46.238570Z[0m [32m INFO[0m [2mcompute_history[0m[2m:[0m Gap detected: IPUSDT 15m gap_candles=5181 total_fetch=5381
Processing feature batch for CRVUSDT on 15m, bars=5181, cols=34, realtime: false
[2m2026-03-08T16:56:46.283231Z[0m [32m INFO[0m [2mcompute_history[0m[2m:[0m Gap detected: SIRENUSDT 15m gap_candles=5181 total_fetch=5381
  Persisting 175254 indicator records for CRVUSDT on 15m (bars 19..5180, skipped 19 warmup bars)
[2m2026-03-08T16:56:46.310370Z[0m [32m INFO[0m [2mcompute_history[0m[2m:[0m Gap detected: BANANAS31USDT 15m gap_candles=5181 total_fetch=5381
Processing feature batch for SOLUSDT on 15m, bars=5181, cols=34, realtime: false
  Persisting 175254 indicator records for SOLUSDT on 15m (bars 19..5180, skipped 19 warmup bars)
[2m2026-03-08T16:56:46.362818Z[0m [32m INFO[0m [2mcompute_history[0m[2m:[0m Gap detected: JELLYJELLYUSDT 15m gap_candles=5181 total_fetch=5381
Processing feature batch for UNIUSDT on 15m, bars=5181, cols=34, realtime: false
  Persisting 175254 indicator records for UNIUSDT on 15m (bars 19..5180, skipped 19 warmup bars)
[2m2026-03-08T16:56:46.434177Z[0m [32m INFO[0m [2mcompute_history[0m[2m:[0m Gap detected: SIGNUSDT 15m gap_candles=5181 total_fetch=5381
Processing feature batch for AVAXUSDT on 15m, bars=5181, cols=34, realtime: false
[2m2026-03-08T16:56:46.463106Z[0m [32m INFO[0m [2mcompute_history[0m[2m:[0m Gap detected: HUMAUSDT 15m gap_candles=5181 total_fetch=5381
  Persisting 175254 indicator records for AVAXUSDT on 15m (bars 19..5180, skipped 19 warmup bars)
[2m2026-03-08T16:56:46.491088Z[0m [32m INFO[0m [2mcompute_history[0m[2m:[0m Gap detected: HYPEUSDT 15m gap_candles=5181 total_fetch=5381
Processing feature batch for NEARUSDT on 15m, bars=5181, cols=34, realtime: false
[2m2026-03-08T16:56:46.545356Z[0m [32m INFO[0m [2mcompute_history[0m[2m:[0m Gap detected: RESOLVUSDT 15m gap_candles=5181 total_fetch=5381
  Persisting 175254 indicator records for NEARUSDT on 15m (bars 19..5180, skipped 19 warmup bars)
[2m2026-03-08T16:56:46.589718Z[0m [32m INFO[0m [2mcompute_history[0m[2m:[0m Gap detected: MYXUSDT 15m gap_candles=5181 total_fetch=5381
Processing feature batch for AAVEUSDT on 15m, bars=5181, cols=34, realtime: false
[2m2026-03-08T16:56:46.617386Z[0m [32m INFO[0m [2mcompute_history[0m[2m:[0m Gap detected: HUSDT 15m gap_candles=5181 total_fetch=5381
  Persisting 175254 indicator records for AAVEUSDT on 15m (bars 19..5180, skipped 19 warmup bars)
[2m2026-03-08T16:56:46.648191Z[0m [32m INFO[0m [2mcompute_history[0m[2m:[0m Gap detected: SAHARAUSDT 15m gap_candles=5181 total_fetch=5381
Processing feature batch for FILUSDT on 15m, bars=5181, cols=34, realtime: false
  Persisting 175254 indicator records for FILUSDT on 15m (bars 19..5180, skipped 19 warmup bars)
[2m2026-03-08T16:56:46.755148Z[0m [32m INFO[0m [2mcompute_history[0m[2m:[0m Gap detected: PUMPUSDT 15m gap_candles=5181 total_fetch=5381
Processing feature batch for AXSUSDT on 15m, bars=5181, cols=34, realtime: false
[2m2026-03-08T16:56:46.801505Z[0m [32m INFO[0m [2mcompute_history[0m[2m:[0m Gap detected: ASTERUSDT 15m gap_candles=5181 total_fetch=5381
  Persisting 175254 indicator records for AXSUSDT on 15m (bars 19..5180, skipped 19 warmup bars)
Processing feature batch for CHZUSDT on 15m, bars=5181, cols=34, realtime: false
  Persisting 175254 indicator records for CHZUSDT on 15m (bars 19..5180, skipped 19 warmup bars)
Processing feature batch for HBARUSDT on 15m, bars=5181, cols=34, realtime: false
  Persisting 175254 indicator records for HBARUSDT on 15m (bars 19..5180, skipped 19 warmup bars)
[2m2026-03-08T16:56:47.060022Z[0m [32m INFO[0m [2mcompute_history[0m[2m:[0m Gap detected: LYNUSDT 15m gap_candles=5027 total_fetch=5227
Processing feature batch for 1000SHIBUSDT on 15m, bars=5181, cols=34, realtime: false
[2m2026-03-08T16:56:47.088253Z[0m [32m INFO[0m [2mcompute_history[0m[2m:[0m Gap detected: ENSOUSDT 15m gap_candles=5181 total_fetch=5381
  Persisting 175254 indicator records for 1000SHIBUSDT on 15m (bars 19..5180, skipped 19 warmup bars)
[2m2026-03-08T16:56:47.116328Z[0m [32m INFO[0m [2mcompute_history[0m[2m:[0m Gap detected: RIVERUSDT 15m gap_candles=5181 total_fetch=5381
Processing feature batch for GALAUSDT on 15m, bars=5181, cols=34, realtime: false
[2m2026-03-08T16:56:47.145346Z[0m [32m INFO[0m [2mcompute_history[0m[2m:[0m Gap detected: KITEUSDT 15m gap_candles=5181 total_fetch=5381
  Persisting 175254 indicator records for GALAUSDT on 15m (bars 19..5180, skipped 19 warmup bars)
Processing feature batch for OPUSDT on 15m, bars=5181, cols=34, realtime: false
  Persisting 175254 indicator records for OPUSDT on 15m (bars 19..5180, skipped 19 warmup bars)
Processing feature batch for INJUSDT on 15m, bars=5181, cols=34, realtime: false
  Persisting 175254 indicator records for INJUSDT on 15m (bars 19..5180, skipped 19 warmup bars)
Processing feature batch for LDOUSDT on 15m, bars=5181, cols=34, realtime: false
  Persisting 175254 indicator records for LDOUSDT on 15m (bars 19..5180, skipped 19 warmup bars)
Processing feature batch for ICPUSDT on 15m, bars=5181, cols=34, realtime: false
[2m2026-03-08T16:56:47.395874Z[0m [32m INFO[0m [2mcompute_history[0m[2m:[0m Gap detected: STABLEUSDT 15m gap_candles=5181 total_fetch=5381
  Persisting 175254 indicator records for ICPUSDT on 15m (bars 19..5180, skipped 19 warmup bars)
Processing feature batch for APTUSDT on 15m, bars=5181, cols=34, realtime: false
[2m2026-03-08T16:56:47.448321Z[0m [32m INFO[0m [2mcompute_history[0m[2m:[0m Gap detected: POWERUSDT 15m gap_candles=5181 total_fetch=5381
  Persisting 175254 indicator records for APTUSDT on 15m (bars 19..5180, skipped 19 warmup bars)
[2m2026-03-08T16:56:47.480375Z[0m [32m INFO[0m [2mcompute_history[0m[2m:[0m Gap detected: LITUSDT 15m gap_candles=5181 total_fetch=5381
Processing feature batch for FETUSDT on 15m, bars=5181, cols=34, realtime: false
[2m2026-03-08T16:56:47.511578Z[0m [32m INFO[0m [2mcompute_history[0m[2m:[0m Gap detected: SKRUSDT 15m gap_candles=4209 total_fetch=4409
  Persisting 175254 indicator records for FETUSDT on 15m (bars 19..5180, skipped 19 warmup bars)
[2m2026-03-08T16:56:47.551287Z[0m [32m INFO[0m [2mcompute_history[0m[2m:[0m Gap detected: XPLUSDT 15m gap_candles=5181 total_fetch=5381
Processing feature batch for ARBUSDT on 15m, bars=5181, cols=34, realtime: false
[2m2026-03-08T16:56:47.583089Z[0m [32m INFO[0m [2mcompute_history[0m[2m:[0m Gap detected: WLFIUSDT 15m gap_candles=5181 total_fetch=5381
  Persisting 175254 indicator records for ARBUSDT on 15m (bars 19..5180, skipped 19 warmup bars)
[2m2026-03-08T16:56:47.614430Z[0m [32m INFO[0m [2mcompute_history[0m[2m:[0m Gap detected: 0GUSDT 15m gap_candles=5027 total_fetch=5227
Processing feature batch for SUIUSDT on 15m, bars=5181, cols=34, realtime: false
[2m2026-03-08T16:56:47.648155Z[0m [32m INFO[0m [2mcompute_history[0m[2m:[0m Gap detected: BARDUSDT 15m gap_candles=5181 total_fetch=5381
  Persisting 175254 indicator records for SUIUSDT on 15m (bars 19..5180, skipped 19 warmup bars)
[2m2026-03-08T16:56:47.676263Z[0m [32m INFO[0m [2mcompute_history[0m[2m:[0m Gap detected: TRIAUSDT 15m gap_candles=2764 total_fetch=2964
Processing feature batch for 1000PEPEUSDT on 15m, bars=5181, cols=34, realtime: false
[2m2026-03-08T16:56:47.698613Z[0m [32m INFO[0m [2mcompute_history[0m[2m:[0m Gap detected: ESPUSDT 15m gap_candles=2396 total_fetch=2596
  Persisting 175254 indicator records for 1000PEPEUSDT on 15m (bars 19..5180, skipped 19 warmup bars)
[2m2026-03-08T16:56:47.719756Z[0m [32m INFO[0m [2mcompute_history[0m[2m:[0m Gap detected: OPNUSDT 15m gap_candles=1312 total_fetch=1512
[2m2026-03-08T16:56:47.736382Z[0m [32m INFO[0m [2mcompute_history[0m[2m:[0m Gap detected: ROBOUSDT 15m gap_candles=761 total_fetch=961
[2m2026-03-08T16:56:47.751093Z[0m [32m INFO[0m [2mcompute_history[0m[2m:[0m Gap detected: MANTRAUSDT 15m gap_candles=284 total_fetch=484
Processing feature batch for WLDUSDT on 15m, bars=5181, cols=34, realtime: false
  Persisting 175254 indicator records for WLDUSDT on 15m (bars 19..5180, skipped 19 warmup bars)
[2m2026-03-08T16:56:47.808581Z[0m [32m INFO[0m [2mcompute_history[0m[2m:[0m Gap detected: BTCUSDT 1h gap_candles=12223 total_fetch=10000
Processing feature batch for AGLDUSDT on 15m, bars=12146, cols=34, realtime: false
  Persisting 412064 indicator records for AGLDUSDT on 15m (bars 19..12145, skipped 19 warmup bars)
[2m2026-03-08T16:56:47.878982Z[0m [32m INFO[0m [2mcompute_history[0m[2m:[0m Gap detected: XRPUSDT 1h gap_candles=12223 total_fetch=10000
[2m2026-03-08T16:56:47.965395Z[0m [32m INFO[0m [2mcompute_history[0m[2m:[0m Gap detected: LTCUSDT 1h gap_candles=12223 total_fetch=10000
Processing feature batch for SEIUSDT on 15m, bars=5181, cols=34, realtime: false
  Persisting 175254 indicator records for SEIUSDT on 15m (bars 19..5180, skipped 19 warmup bars)
[2m2026-03-08T16:56:48.029353Z[0m [32m INFO[0m [2mcompute_history[0m[2m:[0m Gap detected: TRXUSDT 1h gap_candles=12223 total_fetch=10000
Processing feature batch for TIAUSDT on 15m, bars=5181, cols=34, realtime: false
  Persisting 175254 indicator records for TIAUSDT on 15m (bars 19..5180, skipped 19 warmup bars)
[2m2026-03-08T16:56:48.113604Z[0m [32m INFO[0m [2mcompute_history[0m[2m:[0m Gap detected: ETCUSDT 1h gap_candles=12223 total_fetch=10000
Processing feature batch for 1000BONKUSDT on 15m, bars=5181, cols=34, realtime: false
  Persisting 175254 indicator records for 1000BONKUSDT on 15m (bars 19..5180, skipped 19 warmup bars)
[2m2026-03-08T16:56:48.189378Z[0m [32m INFO[0m [2mcompute_history[0m[2m:[0m Gap detected: LINKUSDT 1h gap_candles=12223 total_fetch=10000
Processing feature batch for WIFUSDT on 15m, bars=5181, cols=34, realtime: false
[2m2026-03-08T16:56:48.247841Z[0m [32m INFO[0m [2mcompute_history[0m[2m:[0m Gap detected: XLMUSDT 1h gap_candles=12223 total_fetch=10000
  Persisting 175254 indicator records for WIFUSDT on 15m (bars 19..5180, skipped 19 warmup bars)
Processing feature batch for ONDOUSDT on 15m, bars=5181, cols=34, realtime: false
[2m2026-03-08T16:56:48.317737Z[0m [32m INFO[0m [2mcompute_history[0m[2m:[0m Gap detected: ADAUSDT 1h gap_candles=12223 total_fetch=10000
  Persisting 175254 indicator records for ONDOUSDT on 15m (bars 19..5180, skipped 19 warmup bars)
[2m2026-03-08T16:56:48.380719Z[0m [32m INFO[0m [2mcompute_history[0m[2m:[0m Gap detected: RENDERUSDT 1h gap_candles=12223 total_fetch=10000
Processing feature batch for JUPUSDT on 15m, bars=5181, cols=34, realtime: false
  Persisting 175254 indicator records for JUPUSDT on 15m (bars 19..5180, skipped 19 warmup bars)
Processing feature batch for TONUSDT on 15m, bars=5181, cols=34, realtime: false
[2m2026-03-08T16:56:48.470871Z[0m [32m INFO[0m [2mcompute_history[0m[2m:[0m Gap detected: POLUSDT 1h gap_candles=12223 total_fetch=10000
  Persisting 175254 indicator records for TONUSDT on 15m (bars 19..5180, skipped 19 warmup bars)
Processing feature batch for ENAUSDT on 15m, bars=5181, cols=34, realtime: false
[2m2026-03-08T16:56:48.531182Z[0m [32m INFO[0m [2mcompute_history[0m[2m:[0m Gap detected: VIRTUALUSDT 1h gap_candles=10843 total_fetch=10000
  Persisting 175254 indicator records for ENAUSDT on 15m (bars 19..5180, skipped 19 warmup bars)
Processing feature batch for TAOUSDT on 15m, bars=5181, cols=34, realtime: false
[2m2026-03-08T16:56:48.599871Z[0m [32m INFO[0m [2mcompute_history[0m[2m:[0m Gap detected: PENGUUSDT 1h gap_candles=10671 total_fetch=10000
  Persisting 175254 indicator records for TAOUSDT on 15m (bars 19..5180, skipped 19 warmup bars)
[2m2026-03-08T16:56:48.649651Z[0m [32m INFO[0m [2mcompute_history[0m[2m:[0m Gap detected: FARTCOINUSDT 1h gap_candles=10597 total_fetch=10000
Processing feature batch for ZROUSDT on 15m, bars=5181, cols=34, realtime: false
  Persisting 175254 indicator records for ZROUSDT on 15m (bars 19..5180, skipped 19 warmup bars)
[2m2026-03-08T16:56:48.698197Z[0m [32m INFO[0m [2mcompute_history[0m[2m:[0m Gap detected: PHAUSDT 1h gap_candles=10364 total_fetch=10000
Processing feature batch for PIPPINUSDT on 15m, bars=5181, cols=34, realtime: false
[2m2026-03-08T16:56:48.755396Z[0m [32m INFO[0m [2mcompute_history[0m[2m:[0m Gap detected: BIOUSDT 1h gap_candles=10267 total_fetch=10000
  Persisting 175254 indicator records for PIPPINUSDT on 15m (bars 19..5180, skipped 19 warmup bars)
Processing feature batch for VVVUSDT on 15m, bars=5181, cols=34, realtime: false
[2m2026-03-08T16:56:48.809120Z[0m [32m INFO[0m [2mcompute_history[0m[2m:[0m Gap detected: ARCUSDT 1h gap_candles=9930 total_fetch=10000
  Persisting 175254 indicator records for VVVUSDT on 15m (bars 19..5180, skipped 19 warmup bars)
[2m2026-03-08T16:56:48.863983Z[0m [32m INFO[0m [2mcompute_history[0m[2m:[0m Gap detected: TRUMPUSDT 1h gap_candles=9906 total_fetch=10000
Processing feature batch for BERAUSDT on 15m, bars=5181, cols=34, realtime: false
  Persisting 175254 indicator records for BERAUSDT on 15m (bars 19..5180, skipped 19 warmup bars)
[2m2026-03-08T16:56:48.935739Z[0m [32m INFO[0m [2mcompute_history[0m[2m:[0m Gap detected: ETHUSDT 1h gap_candles=12223 total_fetch=10000
Processing feature batch for IPUSDT on 15m, bars=5181, cols=34, realtime: false
  Persisting 175254 indicator records for IPUSDT on 15m (bars 19..5180, skipped 19 warmup bars)
[2m2026-03-08T16:56:48.995931Z[0m [32m INFO[0m [2mcompute_history[0m[2m:[0m Gap detected: BCHUSDT 1h gap_candles=12223 total_fetch=10000
Processing feature batch for SIRENUSDT on 15m, bars=5181, cols=34, realtime: false
  Persisting 175254 indicator records for SIRENUSDT on 15m (bars 19..5180, skipped 19 warmup bars)
[2m2026-03-08T16:56:49.055723Z[0m [32m INFO[0m [2mcompute_history[0m[2m:[0m Gap detected: XMRUSDT 1h gap_candles=12223 total_fetch=10000
Processing feature batch for BANANAS31USDT on 15m, bars=5181, cols=34, realtime: false
  Persisting 175254 indicator records for BANANAS31USDT on 15m (bars 19..5180, skipped 19 warmup bars)
[2m2026-03-08T16:56:49.115752Z[0m [32m INFO[0m [2mcompute_history[0m[2m:[0m Gap detected: DASHUSDT 1h gap_candles=12223 total_fetch=10000
Processing feature batch for JELLYJELLYUSDT on 15m, bars=5181, cols=34, realtime: false
[2m2026-03-08T16:56:49.177335Z[0m [32m INFO[0m [2mcompute_history[0m[2m:[0m Gap detected: ZECUSDT 1h gap_candles=12223 total_fetch=10000
  Persisting 175254 indicator records for JELLYJELLYUSDT on 15m (bars 19..5180, skipped 19 warmup bars)
Processing feature batch for SIGNUSDT on 15m, bars=5181, cols=34, realtime: false
[2m2026-03-08T16:56:49.242548Z[0m [32m INFO[0m [2mcompute_history[0m[2m:[0m Gap detected: BNBUSDT 1h gap_candles=12223 total_fetch=10000
  Persisting 175254 indicator records for SIGNUSDT on 15m (bars 19..5180, skipped 19 warmup bars)
Processing feature batch for HUMAUSDT on 15m, bars=5181, cols=34, realtime: false
[2m2026-03-08T16:56:49.309917Z[0m [32m INFO[0m [2mcompute_history[0m[2m:[0m Gap detected: ATOMUSDT 1h gap_candles=12223 total_fetch=10000
  Persisting 175254 indicator records for HUMAUSDT on 15m (bars 19..5180, skipped 19 warmup bars)
[2m2026-03-08T16:56:49.367487Z[0m [32m INFO[0m [2mcompute_history[0m[2m:[0m Gap detected: ALGOUSDT 1h gap_candles=12223 total_fetch=10000
Processing feature batch for HYPEUSDT on 15m, bars=5181, cols=34, realtime: false
  Persisting 175254 indicator records for HYPEUSDT on 15m (bars 19..5180, skipped 19 warmup bars)
[2m2026-03-08T16:56:49.427971Z[0m [32m INFO[0m [2mcompute_history[0m[2m:[0m Gap detected: DOGEUSDT 1h gap_candles=12223 total_fetch=10000
Processing feature batch for RESOLVUSDT on 15m, bars=5181, cols=34, realtime: false
  Persisting 175254 indicator records for RESOLVUSDT on 15m (bars 19..5180, skipped 19 warmup bars)
Processing feature batch for MYXUSDT on 15m, bars=5181, cols=34, realtime: false
[2m2026-03-08T16:56:49.502895Z[0m [32m INFO[0m [2mcompute_history[0m[2m:[0m Gap detected: KAVAUSDT 1h gap_candles=12223 total_fetch=10000
  Persisting 175254 indicator records for MYXUSDT on 15m (bars 19..5180, skipped 19 warmup bars)
[2m2026-03-08T16:56:49.555143Z[0m [32m INFO[0m [2mcompute_history[0m[2m:[0m Gap detected: DOTUSDT 1h gap_candles=12223 total_fetch=10000
Processing feature batch for HUSDT on 15m, bars=5181, cols=34, realtime: false
  Persisting 175254 indicator records for HUSDT on 15m (bars 19..5180, skipped 19 warmup bars)
[2m2026-03-08T16:56:49.608212Z[0m [32m INFO[0m [2mcompute_history[0m[2m:[0m Gap detected: CRVUSDT 1h gap_candles=12223 total_fetch=10000
Processing feature batch for SAHARAUSDT on 15m, bars=5181, cols=34, realtime: false
  Persisting 175254 indicator records for SAHARAUSDT on 15m (bars 19..5180, skipped 19 warmup bars)
[2m2026-03-08T16:56:49.668448Z[0m [32m INFO[0m [2mcompute_history[0m[2m:[0m Gap detected: SOLUSDT 1h gap_candles=12223 total_fetch=10000
Processing feature batch for PUMPUSDT on 15m, bars=5181, cols=34, realtime: false
  Persisting 175254 indicator records for PUMPUSDT on 15m (bars 19..5180, skipped 19 warmup bars)
[2m2026-03-08T16:56:49.724033Z[0m [32m INFO[0m [2mcompute_history[0m[2m:[0m Gap detected: UNIUSDT 1h gap_candles=12223 total_fetch=10000
Processing feature batch for ASTERUSDT on 15m, bars=5181, cols=34, realtime: false
  Persisting 175254 indicator records for ASTERUSDT on 15m (bars 19..5180, skipped 19 warmup bars)
[2m2026-03-08T16:56:49.778807Z[0m [32m INFO[0m [2mcompute_history[0m[2m:[0m Gap detected: AVAXUSDT 1h gap_candles=12223 total_fetch=10000
Processing feature batch for LYNUSDT on 15m, bars=5027, cols=34, realtime: false
[2m2026-03-08T16:56:49.833907Z[0m [32m INFO[0m [2mcompute_history[0m[2m:[0m Gap detected: NEARUSDT 1h gap_candles=12223 total_fetch=10000
  Persisting 170018 indicator records for LYNUSDT on 15m (bars 19..5026, skipped 19 warmup bars)
Processing feature batch for ENSOUSDT on 15m, bars=5181, cols=34, realtime: false
[2m2026-03-08T16:56:49.888492Z[0m [32m INFO[0m [2mcompute_history[0m[2m:[0m Gap detected: AAVEUSDT 1h gap_candles=12223 total_fetch=10000
  Persisting 175254 indicator records for ENSOUSDT on 15m (bars 19..5180, skipped 19 warmup bars)
[2m2026-03-08T16:56:49.952738Z[0m [32m INFO[0m [2mcompute_history[0m[2m:[0m Gap detected: FILUSDT 1h gap_candles=12223 total_fetch=10000
Processing feature batch for RIVERUSDT on 15m, bars=5181, cols=34, realtime: false
  Persisting 175254 indicator records for RIVERUSDT on 15m (bars 19..5180, skipped 19 warmup bars)
[2m2026-03-08T16:56:50.006501Z[0m [32m INFO[0m [2mcompute_history[0m[2m:[0m Gap detected: AXSUSDT 1h gap_candles=12223 total_fetch=10000
Processing feature batch for KITEUSDT on 15m, bars=5181, cols=34, realtime: false
  Persisting 175254 indicator records for KITEUSDT on 15m (bars 19..5180, skipped 19 warmup bars)
[2m2026-03-08T16:56:50.064607Z[0m [32m INFO[0m [2mcompute_history[0m[2m:[0m Gap detected: CHZUSDT 1h gap_candles=12223 total_fetch=10000
Processing feature batch for STABLEUSDT on 15m, bars=5181, cols=34, realtime: false
  Persisting 175254 indicator records for STABLEUSDT on 15m (bars 19..5180, skipped 19 warmup bars)
[2m2026-03-08T16:56:50.132771Z[0m [32m INFO[0m [2mcompute_history[0m[2m:[0m Gap detected: HBARUSDT 1h gap_candles=12223 total_fetch=10000
Processing feature batch for POWERUSDT on 15m, bars=5181, cols=34, realtime: false
  Persisting 175254 indicator records for POWERUSDT on 15m (bars 19..5180, skipped 19 warmup bars)
[2m2026-03-08T16:56:50.195283Z[0m [32m INFO[0m [2mcompute_history[0m[2m:[0m Gap detected: 1000SHIBUSDT 1h gap_candles=12223 total_fetch=10000
Processing feature batch for LITUSDT on 15m, bars=5181, cols=34, realtime: false
  Persisting 175254 indicator records for LITUSDT on 15m (bars 19..5180, skipped 19 warmup bars)
[2m2026-03-08T16:56:50.255333Z[0m [32m INFO[0m [2mcompute_history[0m[2m:[0m Gap detected: GALAUSDT 1h gap_candles=12223 total_fetch=10000
Processing feature batch for SKRUSDT on 15m, bars=4209, cols=34, realtime: false
  Persisting 142206 indicator records for SKRUSDT on 15m (bars 19..4208, skipped 19 warmup bars)
[2m2026-03-08T16:56:50.335157Z[0m [32m INFO[0m [2mcompute_history[0m[2m:[0m Gap detected: OPUSDT 1h gap_candles=12223 total_fetch=10000
Processing feature batch for XPLUSDT on 15m, bars=5181, cols=34, realtime: false
  Persisting 175254 indicator records for XPLUSDT on 15m (bars 19..5180, skipped 19 warmup bars)
[2m2026-03-08T16:56:50.398334Z[0m [32m INFO[0m [2mcompute_history[0m[2m:[0m Gap detected: INJUSDT 1h gap_candles=12223 total_fetch=10000
Processing feature batch for WLFIUSDT on 15m, bars=5181, cols=34, realtime: false
  Persisting 175254 indicator records for WLFIUSDT on 15m (bars 19..5180, skipped 19 warmup bars)
[2m2026-03-08T16:56:50.465135Z[0m [32m INFO[0m [2mcompute_history[0m[2m:[0m Gap detected: LDOUSDT 1h gap_candles=12223 total_fetch=10000
Processing feature batch for 0GUSDT on 15m, bars=5027, cols=34, realtime: false
  Persisting 170018 indicator records for 0GUSDT on 15m (bars 19..5026, skipped 19 warmup bars)
[2m2026-03-08T16:56:50.526033Z[0m [32m INFO[0m [2mcompute_history[0m[2m:[0m Gap detected: ICPUSDT 1h gap_candles=12223 total_fetch=10000
Processing feature batch for BARDUSDT on 15m, bars=5181, cols=34, realtime: false
[2m2026-03-08T16:56:50.585160Z[0m [32m INFO[0m [2mcompute_history[0m[2m:[0m Gap detected: APTUSDT 1h gap_candles=12223 total_fetch=10000
  Persisting 175254 indicator records for BARDUSDT on 15m (bars 19..5180, skipped 19 warmup bars)
Processing feature batch for TRIAUSDT on 15m, bars=2764, cols=34, realtime: false
  Persisting 93076 indicator records for TRIAUSDT on 15m (bars 19..2763, skipped 19 warmup bars)
[2m2026-03-08T16:56:50.646415Z[0m [32m INFO[0m [2mcompute_history[0m[2m:[0m Gap detected: FETUSDT 1h gap_candles=12223 total_fetch=10000
Processing feature batch for ESPUSDT on 15m, bars=2396, cols=34, realtime: false
  Persisting 80564 indicator records for ESPUSDT on 15m (bars 19..2395, skipped 19 warmup bars)
Processing feature batch for OPNUSDT on 15m, bars=1312, cols=34, realtime: false
  Persisting 43708 indicator records for OPNUSDT on 15m (bars 19..1311, skipped 19 warmup bars)
[2m2026-03-08T16:56:50.711647Z[0m [32m INFO[0m [2mcompute_history[0m[2m:[0m Gap detected: ARBUSDT 1h gap_candles=12223 total_fetch=10000
Processing feature batch for ROBOUSDT on 15m, bars=761, cols=34, realtime: false
  Persisting 24974 indicator records for ROBOUSDT on 15m (bars 19..760, skipped 19 warmup bars)
Processing feature batch for MANTRAUSDT on 15m, bars=284, cols=34, realtime: false
  Persisting 8756 indicator records for MANTRAUSDT on 15m (bars 19..283, skipped 19 warmup bars)
Processing feature batch for BTCUSDT on 1h, bars=12223, cols=34, realtime: false
[2m2026-03-08T16:56:50.780588Z[0m [32m INFO[0m [2mcompute_history[0m[2m:[0m Gap detected: SUIUSDT 1h gap_candles=12223 total_fetch=10000
  Persisting 414682 indicator records for BTCUSDT on 1h (bars 19..12222, skipped 19 warmup bars)
[2m2026-03-08T16:56:50.843818Z[0m [32m INFO[0m [2mcompute_history[0m[2m:[0m Gap detected: 1000PEPEUSDT 1h gap_candles=12223 total_fetch=10000
[2m2026-03-08T16:56:50.905579Z[0m [32m INFO[0m [2mcompute_history[0m[2m:[0m Gap detected: WLDUSDT 1h gap_candles=12223 total_fetch=10000
Processing feature batch for XRPUSDT on 1h, bars=12223, cols=34, realtime: false
[2m2026-03-08T16:56:50.975690Z[0m [32m INFO[0m [2mcompute_history[0m[2m:[0m Gap detected: AGLDUSDT 1h gap_candles=9037 total_fetch=9237
  Persisting 414682 indicator records for XRPUSDT on 1h (bars 19..12222, skipped 19 warmup bars)
[2m2026-03-08T16:56:51.026692Z[0m [32m INFO[0m [2mcompute_history[0m[2m:[0m Gap detected: SEIUSDT 1h gap_candles=12223 total_fetch=10000
[2m2026-03-08T16:56:51.086337Z[0m [32m INFO[0m [2mcompute_history[0m[2m:[0m Gap detected: TIAUSDT 1h gap_candles=12223 total_fetch=10000
Processing feature batch for LTCUSDT on 1h, bars=12223, cols=34, realtime: false
[2m2026-03-08T16:56:51.190599Z[0m [32m INFO[0m [2mcompute_history[0m[2m:[0m Gap detected: 1000BONKUSDT 1h gap_candles=12223 total_fetch=10000
  Persisting 414682 indicator records for LTCUSDT on 1h (bars 19..12222, skipped 19 warmup bars)
[2m2026-03-08T16:56:51.287666Z[0m [32m INFO[0m [2mcompute_history[0m[2m:[0m Gap detected: WIFUSDT 1h gap_candles=12223 total_fetch=10000
Processing feature batch for TRXUSDT on 1h, bars=12223, cols=34, realtime: false
[2m2026-03-08T16:56:51.359275Z[0m [32m INFO[0m [2mcompute_history[0m[2m:[0m Gap detected: ONDOUSDT 1h gap_candles=12223 total_fetch=10000
  Persisting 414682 indicator records for TRXUSDT on 1h (bars 19..12222, skipped 19 warmup bars)
[2m2026-03-08T16:56:51.434077Z[0m [32m INFO[0m [2mcompute_history[0m[2m:[0m Gap detected: JUPUSDT 1h gap_candles=12223 total_fetch=10000
[2m2026-03-08T16:56:51.508749Z[0m [32m INFO[0m [2mcompute_history[0m[2m:[0m Gap detected: TONUSDT 1h gap_candles=12223 total_fetch=10000
Processing feature batch for ETCUSDT on 1h, bars=12223, cols=34, realtime: false
[2m2026-03-08T16:56:51.578097Z[0m [32m INFO[0m [2mcompute_history[0m[2m:[0m Gap detected: ENAUSDT 1h gap_candles=12223 total_fetch=10000
  Persisting 414682 indicator records for ETCUSDT on 1h (bars 19..12222, skipped 19 warmup bars)
[2m2026-03-08T16:56:51.653956Z[0m [32m INFO[0m [2mcompute_history[0m[2m:[0m Gap detected: TAOUSDT 1h gap_candles=12223 total_fetch=10000
Processing feature batch for LINKUSDT on 1h, bars=12223, cols=34, realtime: false
[2m2026-03-08T16:56:51.738353Z[0m [32m INFO[0m [2mcompute_history[0m[2m:[0m Gap detected: ZROUSDT 1h gap_candles=12223 total_fetch=10000
  Persisting 414682 indicator records for LINKUSDT on 1h (bars 19..12222, skipped 19 warmup bars)
Processing feature batch for XLMUSDT on 1h, bars=12223, cols=34, realtime: false
  Persisting 414682 indicator records for XLMUSDT on 1h (bars 19..12222, skipped 19 warmup bars)
[2m2026-03-08T16:56:52.009517Z[0m [32m INFO[0m [2mcompute_history[0m[2m:[0m Gap detected: PIPPINUSDT 1h gap_candles=9765 total_fetch=9965
Processing feature batch for ADAUSDT on 1h, bars=12223, cols=34, realtime: false
[2m2026-03-08T16:56:52.074339Z[0m [32m INFO[0m [2mcompute_history[0m[2m:[0m Gap detected: VVVUSDT 1h gap_candles=9647 total_fetch=9847
  Persisting 414682 indicator records for ADAUSDT on 1h (bars 19..12222, skipped 19 warmup bars)
[2m2026-03-08T16:56:52.135131Z[0m [32m INFO[0m [2mcompute_history[0m[2m:[0m Gap detected: BERAUSDT 1h gap_candles=9448 total_fetch=9648
[2m2026-03-08T16:56:52.195728Z[0m [32m INFO[0m [2mcompute_history[0m[2m:[0m Gap detected: IPUSDT 1h gap_candles=9278 total_fetch=9478
Processing feature batch for RENDERUSDT on 1h, bars=12223, cols=34, realtime: false
[2m2026-03-08T16:56:52.264601Z[0m [32m INFO[0m [2mcompute_history[0m[2m:[0m Gap detected: SIRENUSDT 1h gap_candles=8398 total_fetch=8598
  Persisting 414682 indicator records for RENDERUSDT on 1h (bars 19..12222, skipped 19 warmup bars)
[2m2026-03-08T16:56:52.331548Z[0m [32m INFO[0m [2mcompute_history[0m[2m:[0m Gap detected: BANANAS31USDT 1h gap_candles=8398 total_fetch=8598
Processing feature batch for POLUSDT on 1h, bars=12223, cols=34, realtime: false
  Persisting 414682 indicator records for POLUSDT on 1h (bars 19..12222, skipped 19 warmup bars)
[2m2026-03-08T16:56:52.434964Z[0m [32m INFO[0m [2mcompute_history[0m[2m:[0m Gap detected: JELLYJELLYUSDT 1h gap_candles=8295 total_fetch=8495
Processing feature batch for VIRTUALUSDT on 1h, bars=10843, cols=34, realtime: false
  Persisting 367762 indicator records for VIRTUALUSDT on 1h (bars 19..10842, skipped 19 warmup bars)
[2m2026-03-08T16:56:52.601857Z[0m [32m INFO[0m [2mcompute_history[0m[2m:[0m Gap detected: SIGNUSDT 1h gap_candles=7508 total_fetch=7708
[2m2026-03-08T16:56:52.675276Z[0m [32m INFO[0m [2mcompute_history[0m[2m:[0m Gap detected: HUMAUSDT 1h gap_candles=6834 total_fetch=7034
Processing feature batch for PENGUUSDT on 1h, bars=10671, cols=34, realtime: false
[2m2026-03-08T16:56:52.739629Z[0m [32m INFO[0m [2mcompute_history[0m[2m:[0m Gap detected: HYPEUSDT 1h gap_candles=6741 total_fetch=6941
  Persisting 361914 indicator records for PENGUUSDT on 1h (bars 19..10670, skipped 19 warmup bars)
[2m2026-03-08T16:56:52.877375Z[0m [32m INFO[0m [2mcompute_history[0m[2m:[0m Gap detected: RESOLVUSDT 1h gap_candles=6474 total_fetch=6674
[2m2026-03-08T16:56:52.973707Z[0m [32m INFO[0m [2mcompute_history[0m[2m:[0m Gap detected: MYXUSDT 1h gap_candles=6283 total_fetch=6483
[2m2026-03-08T16:56:53.032468Z[0m [32m INFO[0m [2mcompute_history[0m[2m:[0m Gap detected: HUSDT 1h gap_candles=6118 total_fetch=6318
[2m2026-03-08T16:56:53.095024Z[0m [32m INFO[0m [2mcompute_history[0m[2m:[0m Gap detected: SAHARAUSDT 1h gap_candles=6091 total_fetch=6291
[2m2026-03-08T16:56:53.157122Z[0m [32m INFO[0m [2mcompute_history[0m[2m:[0m Gap detected: PUMPUSDT 1h gap_candles=5760 total_fetch=5960
[2m2026-03-08T16:56:53.261330Z[0m [32m INFO[0m [2mcompute_history[0m[2m:[0m Gap detected: ASTERUSDT 1h gap_candles=4051 total_fetch=4251
[2m2026-03-08T16:56:53.404003Z[0m [32m INFO[0m [2mcompute_history[0m[2m:[0m Gap detected: LYNUSDT 1h gap_candles=3609 total_fetch=3809
[2m2026-03-08T16:56:53.458447Z[0m [32m INFO[0m [2mcompute_history[0m[2m:[0m Gap detected: ENSOUSDT 1h gap_candles=3454 total_fetch=3654
[2m2026-03-08T16:56:53.515663Z[0m [32m INFO[0m [2mcompute_history[0m[2m:[0m Gap detected: RIVERUSDT 1h gap_candles=3377 total_fetch=3577
[2m2026-03-08T16:56:53.572091Z[0m [32m INFO[0m [2mcompute_history[0m[2m:[0m Gap detected: KITEUSDT 1h gap_candles=3093 total_fetch=3293
[2m2026-03-08T16:56:53.667528Z[0m [32m INFO[0m [2mcompute_history[0m[2m:[0m Gap detected: STABLEUSDT 1h gap_candles=2899 total_fetch=3099
[2m2026-03-08T16:56:53.802704Z[0m [32m INFO[0m [2mcompute_history[0m[2m:[0m Gap detected: POWERUSDT 1h gap_candles=2182 total_fetch=2382
[2m2026-03-08T16:56:53.857750Z[0m [32m INFO[0m [2mcompute_history[0m[2m:[0m Gap detected: LITUSDT 1h gap_candles=1766 total_fetch=1966
[2m2026-03-08T16:56:53.912040Z[0m [32m INFO[0m [2mcompute_history[0m[2m:[0m Gap detected: SKRUSDT 1h gap_candles=1053 total_fetch=1253
[2m2026-03-08T16:56:54.010969Z[0m [32m INFO[0m [2mcompute_history[0m[2m:[0m Gap detected: XPLUSDT 1h gap_candles=4726 total_fetch=4926
[2m2026-03-08T16:56:54.073462Z[0m [32m INFO[0m [2mcompute_history[0m[2m:[0m Gap detected: WLFIUSDT 1h gap_candles=4703 total_fetch=4903
[2m2026-03-08T16:56:54.140298Z[0m [32m INFO[0m [2mcompute_history[0m[2m:[0m Gap detected: 0GUSDT 1h gap_candles=4057 total_fetch=4257
[2m2026-03-08T16:56:54.201048Z[0m [32m INFO[0m [2mcompute_history[0m[2m:[0m Gap detected: BARDUSDT 1h gap_candles=4076 total_fetch=4276
[2m2026-03-08T16:56:54.271743Z[0m [32m INFO[0m [2mcompute_history[0m[2m:[0m Gap detected: TRIAUSDT 1h gap_candles=691 total_fetch=891
[2m2026-03-08T16:56:54.331128Z[0m [32m INFO[0m [2mcompute_history[0m[2m:[0m Gap detected: ESPUSDT 1h gap_candles=599 total_fetch=799
[2m2026-03-08T16:56:54.383155Z[0m [32m INFO[0m [2mcompute_history[0m[2m:[0m Gap detected: OPNUSDT 1h gap_candles=328 total_fetch=528
[2m2026-03-08T16:56:54.433354Z[0m [32m INFO[0m [2mcompute_history[0m[2m:[0m Gap detected: ROBOUSDT 1h gap_candles=191 total_fetch=391
[2m2026-03-08T16:56:54.484062Z[0m [32m INFO[0m [2mcompute_history[0m[2m:[0m Gap detected: MANTRAUSDT 1h gap_candles=71 total_fetch=271
[2m2026-03-08T16:56:54.570406Z[0m [32m INFO[0m [2mcompute_history[0m[2m:[0m Gap detected: BTCUSDT 4h gap_candles=5001 total_fetch=5201
[2m2026-03-08T16:56:54.732579Z[0m [32m INFO[0m [2mcompute_history[0m[2m:[0m Gap detected: XRPUSDT 4h gap_candles=5001 total_fetch=5201
[2m2026-03-08T16:56:54.850680Z[0m [32m INFO[0m [2mcompute_history[0m[2m:[0m Gap detected: LTCUSDT 4h gap_candles=5001 total_fetch=5201
[2m2026-03-08T16:56:54.967040Z[0m [32m INFO[0m [2mcompute_history[0m[2m:[0m Gap detected: TRXUSDT 4h gap_candles=5001 total_fetch=5201
[2m2026-03-08T16:56:55.077690Z[0m [32m INFO[0m [2mcompute_history[0m[2m:[0m Gap detected: ETCUSDT 4h gap_candles=5001 total_fetch=5201
[2m2026-03-08T16:56:55.193948Z[0m [32m INFO[0m [2mcompute_history[0m[2m:[0m Gap detected: LINKUSDT 4h gap_candles=5001 total_fetch=5201
[2m2026-03-08T16:56:55.302063Z[0m [32m INFO[0m [2mcompute_history[0m[2m:[0m Gap detected: XLMUSDT 4h gap_candles=5001 total_fetch=5201
[2m2026-03-08T16:56:55.410076Z[0m [32m INFO[0m [2mcompute_history[0m[2m:[0m Gap detected: ADAUSDT 4h gap_candles=5001 total_fetch=5201
[2m2026-03-08T16:56:55.519483Z[0m [32m INFO[0m [2mcompute_history[0m[2m:[0m Gap detected: RENDERUSDT 4h gap_candles=3524 total_fetch=3724
[2m2026-03-08T16:56:55.621278Z[0m [32m INFO[0m [2mcompute_history[0m[2m:[0m Gap detected: POLUSDT 4h gap_candles=3229 total_fetch=3429
[2m2026-03-08T16:56:55.729577Z[0m [32m INFO[0m [2mcompute_history[0m[2m:[0m Gap detected: VIRTUALUSDT 4h gap_candles=2701 total_fetch=2901
[2m2026-03-08T16:56:55.828342Z[0m [32m INFO[0m [2mcompute_history[0m[2m:[0m Gap detected: PENGUUSDT 4h gap_candles=2658 total_fetch=2858
[2m2026-03-08T16:56:55.928659Z[0m [32m INFO[0m [2mcompute_history[0m[2m:[0m Gap detected: FARTCOINUSDT 4h gap_candles=2640 total_fetch=2840
[2m2026-03-08T16:56:56.031588Z[0m [32m INFO[0m [2mcompute_history[0m[2m:[0m Gap detected: PHAUSDT 4h gap_candles=2582 total_fetch=2782
[2m2026-03-08T16:56:56.134608Z[0m [32m INFO[0m [2mcompute_history[0m[2m:[0m Gap detected: BIOUSDT 4h gap_candles=2557 total_fetch=2757
[2m2026-03-08T16:56:56.241708Z[0m [32m INFO[0m [2mcompute_history[0m[2m:[0m Gap detected: ARCUSDT 4h gap_candles=2473 total_fetch=2673
[2m2026-03-08T16:56:56.347300Z[0m [32m INFO[0m [2mcompute_history[0m[2m:[0m Gap detected: TRUMPUSDT 4h gap_candles=2467 total_fetch=2667
[2m2026-03-08T16:56:56.455050Z[0m [32m INFO[0m [2mcompute_history[0m[2m:[0m Gap detected: ETHUSDT 4h gap_candles=5001 total_fetch=5201
[2m2026-03-08T16:56:56.579908Z[0m [32m INFO[0m [2mcompute_history[0m[2m:[0m Gap detected: BCHUSDT 4h gap_candles=5001 total_fetch=5201
[2m2026-03-08T16:56:56.702017Z[0m [32m INFO[0m [2mcompute_history[0m[2m:[0m Gap detected: XMRUSDT 4h gap_candles=5001 total_fetch=5201
[2m2026-03-08T16:56:56.833040Z[0m [32m INFO[0m [2mcompute_history[0m[2m:[0m Gap detected: DASHUSDT 4h gap_candles=5001 total_fetch=5201
[2m2026-03-08T16:56:56.934874Z[0m [32m INFO[0m [2mcompute_history[0m[2m:[0m Gap detected: ZECUSDT 4h gap_candles=5001 total_fetch=5201
[2m2026-03-08T16:56:57.062595Z[0m [32m INFO[0m [2mcompute_history[0m[2m:[0m Gap detected: BNBUSDT 4h gap_candles=5001 total_fetch=5201
[2m2026-03-08T16:56:57.193152Z[0m [32m INFO[0m [2mcompute_history[0m[2m:[0m Gap detected: ATOMUSDT 4h gap_candles=5001 total_fetch=5201
[2m2026-03-08T16:56:57.325196Z[0m [32m INFO[0m [2mcompute_history[0m[2m:[0m Gap detected: ALGOUSDT 4h gap_candles=5001 total_fetch=5201
[2m2026-03-08T16:56:57.488746Z[0m [32m INFO[0m [2mcompute_history[0m[2m:[0m Gap detected: DOGEUSDT 4h gap_candles=5001 total_fetch=5201
[2m2026-03-08T16:56:57.622469Z[0m [32m INFO[0m [2mcompute_history[0m[2m:[0m Gap detected: KAVAUSDT 4h gap_candles=5001 total_fetch=5201
[2m2026-03-08T16:56:57.750142Z[0m [32m INFO[0m [2mcompute_history[0m[2m:[0m Gap detected: DOTUSDT 4h gap_candles=5001 total_fetch=5201
[2m2026-03-08T16:56:57.888529Z[0m [32m INFO[0m [2mcompute_history[0m[2m:[0m Gap detected: CRVUSDT 4h gap_candles=5001 total_fetch=5201
[2m2026-03-08T16:56:58.004699Z[0m [32m INFO[0m [2mcompute_history[0m[2m:[0m Gap detected: SOLUSDT 4h gap_candles=5001 total_fetch=5201
[2m2026-03-08T16:56:58.118369Z[0m [32m INFO[0m [2mcompute_history[0m[2m:[0m Gap detected: UNIUSDT 4h gap_candles=5001 total_fetch=5201
[2m2026-03-08T16:56:58.248251Z[0m [32m INFO[0m [2mcompute_history[0m[2m:[0m Gap detected: AVAXUSDT 4h gap_candles=5001 total_fetch=5201
Processing feature batch for FARTCOINUSDT on 1h, bars=10597, cols=34, realtime: false
[2m2026-03-08T16:56:58.378759Z[0m [32m INFO[0m [2mcompute_history[0m[2m:[0m Gap detected: NEARUSDT 4h gap_candles=5001 total_fetch=5201
  Persisting 359398 indicator records for FARTCOINUSDT on 1h (bars 19..10596, skipped 19 warmup bars)
[2m2026-03-08T16:56:58.497978Z[0m [32m INFO[0m [2mcompute_history[0m[2m:[0m Gap detected: AAVEUSDT 4h gap_candles=5001 total_fetch=5201
Processing feature batch for PHAUSDT on 1h, bars=10364, cols=34, realtime: false
[2m2026-03-08T16:56:58.610521Z[0m [32m INFO[0m [2mcompute_history[0m[2m:[0m Gap detected: FILUSDT 4h gap_candles=5001 total_fetch=5201
  Persisting 351476 indicator records for PHAUSDT on 1h (bars 19..10363, skipped 19 warmup bars)
[2m2026-03-08T16:56:58.719261Z[0m [32m INFO[0m [2mcompute_history[0m[2m:[0m Gap detected: AXSUSDT 4h gap_candles=5001 total_fetch=5201
Processing feature batch for BIOUSDT on 1h, bars=10267, cols=34, realtime: false
[2m2026-03-08T16:56:58.834743Z[0m [32m INFO[0m [2mcompute_history[0m[2m:[0m Gap detected: CHZUSDT 4h gap_candles=5001 total_fetch=5201
  Persisting 348178 indicator records for BIOUSDT on 1h (bars 19..10266, skipped 19 warmup bars)
[2m2026-03-08T16:56:58.950003Z[0m [32m INFO[0m [2mcompute_history[0m[2m:[0m Gap detected: HBARUSDT 4h gap_candles=5001 total_fetch=5201
Processing feature batch for ARCUSDT on 1h, bars=9930, cols=34, realtime: false
[2m2026-03-08T16:56:59.056548Z[0m [32m INFO[0m [2mcompute_history[0m[2m:[0m Gap detected: 1000SHIBUSDT 4h gap_candles=5001 total_fetch=5201
  Persisting 336720 indicator records for ARCUSDT on 1h (bars 19..9929, skipped 19 warmup bars)
[2m2026-03-08T16:56:59.165762Z[0m [32m INFO[0m [2mcompute_history[0m[2m:[0m Gap detected: GALAUSDT 4h gap_candles=5001 total_fetch=5201
Processing feature batch for TRUMPUSDT on 1h, bars=9906, cols=34, realtime: false
  Persisting 335904 indicator records for TRUMPUSDT on 1h (bars 19..9905, skipped 19 warmup bars)
[2m2026-03-08T16:56:59.361368Z[0m [32m INFO[0m [2mcompute_history[0m[2m:[0m Gap detected: OPUSDT 4h gap_candles=5001 total_fetch=5201
Processing feature batch for ETHUSDT on 1h, bars=12223, cols=34, realtime: false
[2m2026-03-08T16:56:59.478710Z[0m [32m INFO[0m [2mcompute_history[0m[2m:[0m Gap detected: INJUSDT 4h gap_candles=5001 total_fetch=5201
  Persisting 414682 indicator records for ETHUSDT on 1h (bars 19..12222, skipped 19 warmup bars)
[2m2026-03-08T16:56:59.604088Z[0m [32m INFO[0m [2mcompute_history[0m[2m:[0m Gap detected: LDOUSDT 4h gap_candles=5001 total_fetch=5201
Processing feature batch for BCHUSDT on 1h, bars=12223, cols=34, realtime: false
[2m2026-03-08T16:56:59.724419Z[0m [32m INFO[0m [2mcompute_history[0m[2m:[0m Gap detected: ICPUSDT 4h gap_candles=5001 total_fetch=5201
  Persisting 414682 indicator records for BCHUSDT on 1h (bars 19..12222, skipped 19 warmup bars)
[2m2026-03-08T16:56:59.838791Z[0m [32m INFO[0m [2mcompute_history[0m[2m:[0m Gap detected: APTUSDT 4h gap_candles=5001 total_fetch=5201
Processing feature batch for XMRUSDT on 1h, bars=12223, cols=34, realtime: false
[2m2026-03-08T16:56:59.950858Z[0m [32m INFO[0m [2mcompute_history[0m[2m:[0m Gap detected: FETUSDT 4h gap_candles=5001 total_fetch=5201
  Persisting 414682 indicator records for XMRUSDT on 1h (bars 19..12222, skipped 19 warmup bars)
[2m2026-03-08T16:57:00.064558Z[0m [32m INFO[0m [2mcompute_history[0m[2m:[0m Gap detected: ARBUSDT 4h gap_candles=5001 total_fetch=5201
Processing feature batch for DASHUSDT on 1h, bars=12223, cols=34, realtime: false
  Persisting 414682 indicator records for DASHUSDT on 1h (bars 19..12222, skipped 19 warmup bars)
[2m2026-03-08T16:57:00.175415Z[0m [32m INFO[0m [2mcompute_history[0m[2m:[0m Gap detected: SUIUSDT 4h gap_candles=5001 total_fetch=5201
Processing feature batch for ZECUSDT on 1h, bars=12223, cols=34, realtime: false
[2m2026-03-08T16:57:00.289498Z[0m [32m INFO[0m [2mcompute_history[0m[2m:[0m Gap detected: 1000PEPEUSDT 4h gap_candles=5001 total_fetch=5201
  Persisting 414682 indicator records for ZECUSDT on 1h (bars 19..12222, skipped 19 warmup bars)
[2m2026-03-08T16:57:00.399471Z[0m [32m INFO[0m [2mcompute_history[0m[2m:[0m Gap detected: WLDUSDT 4h gap_candles=5001 total_fetch=5201
Processing feature batch for BNBUSDT on 1h, bars=12223, cols=34, realtime: false
[2m2026-03-08T16:57:00.504510Z[0m [32m INFO[0m [2mcompute_history[0m[2m:[0m Gap detected: AGLDUSDT 4h gap_candles=5704 total_fetch=5904
  Persisting 414682 indicator records for BNBUSDT on 1h (bars 19..12222, skipped 19 warmup bars)
Processing feature batch for ATOMUSDT on 1h, bars=12223, cols=34, realtime: false
[2m2026-03-08T16:57:00.622177Z[0m [32m INFO[0m [2mcompute_history[0m[2m:[0m Gap detected: SEIUSDT 4h gap_candles=5001 total_fetch=5201
  Persisting 414682 indicator records for ATOMUSDT on 1h (bars 19..12222, skipped 19 warmup bars)
[2m2026-03-08T16:57:00.736048Z[0m [32m INFO[0m [2mcompute_history[0m[2m:[0m Gap detected: TIAUSDT 4h gap_candles=5001 total_fetch=5201
Processing feature batch for ALGOUSDT on 1h, bars=12223, cols=34, realtime: false
  Persisting 414682 indicator records for ALGOUSDT on 1h (bars 19..12222, skipped 19 warmup bars)
Processing feature batch for DOGEUSDT on 1h, bars=12223, cols=34, realtime: false
[2m2026-03-08T16:57:00.946084Z[0m [32m INFO[0m [2mcompute_history[0m[2m:[0m Gap detected: 1000BONKUSDT 4h gap_candles=5001 total_fetch=5201
  Persisting 414682 indicator records for DOGEUSDT on 1h (bars 19..12222, skipped 19 warmup bars)
Processing feature batch for KAVAUSDT on 1h, bars=12223, cols=34, realtime: false
  Persisting 414682 indicator records for KAVAUSDT on 1h (bars 19..12222, skipped 19 warmup bars)
[2m2026-03-08T16:57:01.161503Z[0m [32m INFO[0m [2mcompute_history[0m[2m:[0m Gap detected: WIFUSDT 4h gap_candles=4663 total_fetch=4863
Processing feature batch for DOTUSDT on 1h, bars=12223, cols=34, realtime: false
[2m2026-03-08T16:57:01.294691Z[0m [32m INFO[0m [2mcompute_history[0m[2m:[0m Gap detected: ONDOUSDT 4h gap_candles=4651 total_fetch=4851
  Persisting 414682 indicator records for DOTUSDT on 1h (bars 19..12222, skipped 19 warmup bars)
Processing feature batch for CRVUSDT on 1h, bars=12223, cols=34, realtime: false
[2m2026-03-08T16:57:01.417215Z[0m [32m INFO[0m [2mcompute_history[0m[2m:[0m Gap detected: JUPUSDT 4h gap_candles=4584 total_fetch=4784
  Persisting 414682 indicator records for CRVUSDT on 1h (bars 19..12222, skipped 19 warmup bars)
[2m2026-03-08T16:57:01.485568Z[0m [33m WARN[0m [2msqlx::query[0m[2m:[0m slow statement: execution time exceeded alert threshold [3msummary[0m[2m=[0m"INSERT INTO market.indicators_wide (time, …" [3mdb.statement[0m[2m=[0m"\n\n\n    INSERT INTO market.indicators_wide\n    (time, time_ms, symbol_id, symbol, tf_minutes,\n     rsi, cci, stoch_k, stoch_d, williams,\n     macd, macd_signal, macd_hist, adx, sma, ema_20, ema_50, ema_200,\n     bb_upper, bb_mid, bb_lower, atr,\n     obv, vwap, volume_spike,\n     alligator_jaw, alligator_teeth, alligator_lips,\n     trend, trend_short, poc,\n     mfi, fibo_pivot, fibo_r1, fibo_s1, supertrend, supertrend_dir, cmf,\n     sr_levels, candle_is_final, calc_source, event_time_ms, created_at, updated_at)\n    SELECT * FROM UNNEST(\n        $1::timestamptz[], $2::bigint[], $3::bigint[], $4::text[], $5::smallint[],\n        $6::real[], $7::real[], $8::real[], $9::real[], $10::real[],\n        $11::real[], $12::real[], $13::real[], $14::real[], $15::real[], $16::real[], $17::real[], $18::real[],\n        $19::real[], $20::real[], $21::real[], $22::real[],\n        $23::double precision[], $24::double precision[], $25::real[],\n        $26::real[], $27::real[], $28::real[],\n        $29::smallint[], $30::smallint[], $31::real[],\n        $32::real[], $33::real[], $34::real[], $35::real[], $36::real[], $37::smallint[], $38::real[],\n        $39::jsonb[], $40::boolean[], $41::smallint[], $42::bigint[], $43::timestamptz[], $44::timestamptz[]\n    )\n    ON CONFLICT (symbol_id, tf_minutes, time) DO NOTHING\n    \n" [3mrows_affected[0m[2m=[0m20000 [3mrows_returned[0m[2m=[0m0 [3melapsed[0m[2m=[0m1.062789362s [3melapsed_secs[0m[2m=[0m1.062789362 [3mslow_threshold[0m[2m=[0m1s
[2m2026-03-08T16:57:01.534190Z[0m [32m INFO[0m [2mcompute_history[0m[2m:[0m Gap detected: TONUSDT 4h gap_candles=4405 total_fetch=4605
[2m2026-03-08T16:57:01.673999Z[0m [32m INFO[0m [2mcompute_history[0m[2m:[0m Gap detected: ENAUSDT 4h gap_candles=4213 total_fetch=4413
[2m2026-03-08T16:57:01.820893Z[0m [32m INFO[0m [2mcompute_history[0m[2m:[0m Gap detected: TAOUSDT 4h gap_candles=4159 total_fetch=4359
[2m2026-03-08T16:57:01.970214Z[0m [32m INFO[0m [2mcompute_history[0m[2m:[0m Gap detected: ZROUSDT 4h gap_candles=3739 total_fetch=3939
[2m2026-03-08T16:57:02.749237Z[0m [32m INFO[0m [2mcompute_history[0m[2m:[0m Gap detected: PIPPINUSDT 4h gap_candles=2432 total_fetch=2632
[2m2026-03-08T16:57:02.872776Z[0m [32m INFO[0m [2mcompute_history[0m[2m:[0m Gap detected: VVVUSDT 4h gap_candles=2402 total_fetch=2602
[2m2026-03-08T16:57:03.011699Z[0m [32m INFO[0m [2mcompute_history[0m[2m:[0m Gap detected: BERAUSDT 4h gap_candles=2353 total_fetch=2553
[2m2026-03-08T16:57:03.142345Z[0m [32m INFO[0m [2mcompute_history[0m[2m:[0m Gap detected: IPUSDT 4h gap_candles=2310 total_fetch=2510
[2m2026-03-08T16:57:03.263416Z[0m [32m INFO[0m [2mcompute_history[0m[2m:[0m Gap detected: SIRENUSDT 4h gap_candles=2090 total_fetch=2290
[2m2026-03-08T16:57:03.385053Z[0m [32m INFO[0m [2mcompute_history[0m[2m:[0m Gap detected: BANANAS31USDT 4h gap_candles=2090 total_fetch=2290
[2m2026-03-08T16:57:03.633780Z[0m [32m INFO[0m [2mcompute_history[0m[2m:[0m Gap detected: JELLYJELLYUSDT 4h gap_candles=2064 total_fetch=2264
[2m2026-03-08T16:57:04.118306Z[0m [32m INFO[0m [2mcompute_history[0m[2m:[0m Gap detected: SIGNUSDT 4h gap_candles=1868 total_fetch=2068
[2m2026-03-08T16:57:04.258910Z[0m [32m INFO[0m [2mcompute_history[0m[2m:[0m Gap detected: HUMAUSDT 4h gap_candles=1699 total_fetch=1899
[2m2026-03-08T16:57:04.390930Z[0m [32m INFO[0m [2mcompute_history[0m[2m:[0m Gap detected: HYPEUSDT 4h gap_candles=1676 total_fetch=1876
[2m2026-03-08T16:57:04.753482Z[0m [32m INFO[0m [2mcompute_history[0m[2m:[0m Gap detected: RESOLVUSDT 4h gap_candles=1609 total_fetch=1809
[2m2026-03-08T16:57:04.996698Z[0m [32m INFO[0m [2mcompute_history[0m[2m:[0m Gap detected: MYXUSDT 4h gap_candles=1561 total_fetch=1761
[2m2026-03-08T16:57:05.115096Z[0m [32m INFO[0m [2mcompute_history[0m[2m:[0m Gap detected: HUSDT 4h gap_candles=1520 total_fetch=1720
[2m2026-03-08T16:57:05.233507Z[0m [32m INFO[0m [2mcompute_history[0m[2m:[0m Gap detected: SAHARAUSDT 4h gap_candles=1513 total_fetch=1713
[2m2026-03-08T16:57:05.352137Z[0m [32m INFO[0m [2mcompute_history[0m[2m:[0m Gap detected: PUMPUSDT 4h gap_candles=1431 total_fetch=1631
[2m2026-03-08T16:57:05.594914Z[0m [32m INFO[0m [2mcompute_history[0m[2m:[0m Gap detected: ASTERUSDT 4h gap_candles=1003 total_fetch=1203
[2m2026-03-08T16:57:05.959076Z[0m [32m INFO[0m [2mcompute_history[0m[2m:[0m Gap detected: LYNUSDT 4h gap_candles=901 total_fetch=1101
[2m2026-03-08T16:57:06.101133Z[0m [32m INFO[0m [2mcompute_history[0m[2m:[0m Gap detected: ENSOUSDT 4h gap_candles=854 total_fetch=1054
[2m2026-03-08T16:57:06.250893Z[0m [32m INFO[0m [2mcompute_history[0m[2m:[0m Gap detected: RIVERUSDT 4h gap_candles=835 total_fetch=1035
[2m2026-03-08T16:57:06.380389Z[0m [32m INFO[0m [2mcompute_history[0m[2m:[0m Gap detected: KITEUSDT 4h gap_candles=764 total_fetch=964
[2m2026-03-08T16:57:06.643168Z[0m [32m INFO[0m [2mcompute_history[0m[2m:[0m Gap detected: STABLEUSDT 4h gap_candles=715 total_fetch=915
[2m2026-03-08T16:57:07.047675Z[0m [32m INFO[0m [2mcompute_history[0m[2m:[0m Gap detected: POWERUSDT 4h gap_candles=536 total_fetch=736
[2m2026-03-08T16:57:07.187334Z[0m [32m INFO[0m [2mcompute_history[0m[2m:[0m Gap detected: LITUSDT 4h gap_candles=432 total_fetch=632
[2m2026-03-08T16:57:07.325685Z[0m [32m INFO[0m [2mcompute_history[0m[2m:[0m Gap detected: SKRUSDT 4h gap_candles=254 total_fetch=454
[2m2026-03-08T16:57:07.584733Z[0m [32m INFO[0m [2mcompute_history[0m[2m:[0m Gap detected: XPLUSDT 4h gap_candles=1172 total_fetch=1372
[2m2026-03-08T16:57:07.738442Z[0m [32m INFO[0m [2mcompute_history[0m[2m:[0m Gap detected: WLFIUSDT 4h gap_candles=1166 total_fetch=1366
[2m2026-03-08T16:57:07.874521Z[0m [32m INFO[0m [2mcompute_history[0m[2m:[0m Gap detected: 0GUSDT 4h gap_candles=1013 total_fetch=1213
[2m2026-03-08T16:57:08.015743Z[0m [32m INFO[0m [2mcompute_history[0m[2m:[0m Gap detected: BARDUSDT 4h gap_candles=1010 total_fetch=1210
[2m2026-03-08T16:57:08.152963Z[0m [32m INFO[0m [2mcompute_history[0m[2m:[0m Gap detected: TRIAUSDT 4h gap_candles=163 total_fetch=363
[2m2026-03-08T16:57:08.300370Z[0m [32m INFO[0m [2mcompute_history[0m[2m:[0m Gap detected: ESPUSDT 4h gap_candles=140 total_fetch=340
[2m2026-03-08T16:57:08.448276Z[0m [32m INFO[0m [2mcompute_history[0m[2m:[0m Gap detected: OPNUSDT 4h gap_candles=73 total_fetch=273
[2m2026-03-08T16:57:08.595028Z[0m [32m INFO[0m [2mcompute_history[0m[2m:[0m Gap detected: ROBOUSDT 4h gap_candles=38 total_fetch=238
[2m2026-03-08T16:57:08.875044Z[0m [32m INFO[0m [2mcompute_history[0m[2m:[0m Gap detected: BTCUSDT 1d gap_candles=1999 total_fetch=2199
[2m2026-03-08T16:57:09.061369Z[0m [32m INFO[0m [2mcompute_history[0m[2m:[0m Gap detected: XRPUSDT 1d gap_candles=1999 total_fetch=2199
[2m2026-03-08T16:57:09.638416Z[0m [32m INFO[0m [2mcompute_history[0m[2m:[0m Gap detected: LTCUSDT 1d gap_candles=1999 total_fetch=2199
Processing feature batch for SOLUSDT on 1h, bars=12223, cols=34, realtime: false
  Persisting 414682 indicator records for SOLUSDT on 1h (bars 19..12222, skipped 19 warmup bars)
[2m2026-03-08T16:57:09.807741Z[0m [32m INFO[0m [2mcompute_history[0m[2m:[0m Gap detected: TRXUSDT 1d gap_candles=1999 total_fetch=2199
Processing feature batch for UNIUSDT on 1h, bars=12223, cols=34, realtime: false
  Persisting 414682 indicator records for UNIUSDT on 1h (bars 19..12222, skipped 19 warmup bars)
Processing feature batch for AVAXUSDT on 1h, bars=12223, cols=34, realtime: false
[2m2026-03-08T16:57:10.002262Z[0m [32m INFO[0m [2mcompute_history[0m[2m:[0m Gap detected: ETCUSDT 1d gap_candles=1999 total_fetch=2199
  Persisting 414682 indicator records for AVAXUSDT on 1h (bars 19..12222, skipped 19 warmup bars)
Processing feature batch for NEARUSDT on 1h, bars=12223, cols=34, realtime: false
  Persisting 414682 indicator records for NEARUSDT on 1h (bars 19..12222, skipped 19 warmup bars)
[2m2026-03-08T16:57:10.205915Z[0m [32m INFO[0m [2mcompute_history[0m[2m:[0m Gap detected: LINKUSDT 1d gap_candles=1999 total_fetch=2199
Processing feature batch for AAVEUSDT on 1h, bars=12223, cols=34, realtime: false
  Persisting 414682 indicator records for AAVEUSDT on 1h (bars 19..12222, skipped 19 warmup bars)
[2m2026-03-08T16:57:10.390790Z[0m [32m INFO[0m [2mcompute_history[0m[2m:[0m Gap detected: XLMUSDT 1d gap_candles=1999 total_fetch=2199
Processing feature batch for FILUSDT on 1h, bars=12223, cols=34, realtime: false
  Persisting 414682 indicator records for FILUSDT on 1h (bars 19..12222, skipped 19 warmup bars)
[2m2026-03-08T16:57:10.563733Z[0m [32m INFO[0m [2mcompute_history[0m[2m:[0m Gap detected: ADAUSDT 1d gap_candles=1999 total_fetch=2199
Processing feature batch for AXSUSDT on 1h, bars=12223, cols=34, realtime: false
  Persisting 414682 indicator records for AXSUSDT on 1h (bars 19..12222, skipped 19 warmup bars)
[2m2026-03-08T16:57:10.745152Z[0m [32m INFO[0m [2mcompute_history[0m[2m:[0m Gap detected: RENDERUSDT 1d gap_candles=587 total_fetch=787
Processing feature batch for CHZUSDT on 1h, bars=12223, cols=34, realtime: false
  Persisting 414682 indicator records for CHZUSDT on 1h (bars 19..12222, skipped 19 warmup bars)
Processing feature batch for HBARUSDT on 1h, bars=12223, cols=34, realtime: false
[2m2026-03-08T16:57:10.943922Z[0m [32m INFO[0m [2mcompute_history[0m[2m:[0m Gap detected: POLUSDT 1d gap_candles=538 total_fetch=738
  Persisting 414682 indicator records for HBARUSDT on 1h (bars 19..12222, skipped 19 warmup bars)
Processing feature batch for 1000SHIBUSDT on 1h, bars=12223, cols=34, realtime: false
[2m2026-03-08T16:57:11.109240Z[0m [32m INFO[0m [2mcompute_history[0m[2m:[0m Gap detected: VIRTUALUSDT 1d gap_candles=450 total_fetch=650
  Persisting 414682 indicator records for 1000SHIBUSDT on 1h (bars 19..12222, skipped 19 warmup bars)
Processing feature batch for GALAUSDT on 1h, bars=12223, cols=34, realtime: false
  Persisting 414682 indicator records for GALAUSDT on 1h (bars 19..12222, skipped 19 warmup bars)
[2m2026-03-08T16:57:11.286744Z[0m [32m INFO[0m [2mcompute_history[0m[2m:[0m Gap detected: PENGUUSDT 1d gap_candles=443 total_fetch=643
Processing feature batch for OPUSDT on 1h, bars=12223, cols=34, realtime: false
  Persisting 414682 indicator records for OPUSDT on 1h (bars 19..12222, skipped 19 warmup bars)
[2m2026-03-08T16:57:11.468527Z[0m [32m INFO[0m [2mcompute_history[0m[2m:[0m Gap detected: FARTCOINUSDT 1d gap_candles=440 total_fetch=640
Processing feature batch for INJUSDT on 1h, bars=12223, cols=34, realtime: false
  Persisting 414682 indicator records for INJUSDT on 1h (bars 19..12222, skipped 19 warmup bars)
[2m2026-03-08T16:57:11.659502Z[0m [32m INFO[0m [2mcompute_history[0m[2m:[0m Gap detected: PHAUSDT 1d gap_candles=430 total_fetch=630
Processing feature batch for LDOUSDT on 1h, bars=12223, cols=34, realtime: false
  Persisting 414682 indicator records for LDOUSDT on 1h (bars 19..12222, skipped 19 warmup bars)
[2m2026-03-08T16:57:11.815032Z[0m [32m INFO[0m [2mcompute_history[0m[2m:[0m Gap detected: BIOUSDT 1d gap_candles=426 total_fetch=626
Processing feature batch for ICPUSDT on 1h, bars=12223, cols=34, realtime: false
  Persisting 414682 indicator records for ICPUSDT on 1h (bars 19..12222, skipped 19 warmup bars)
Processing feature batch for APTUSDT on 1h, bars=12223, cols=34, realtime: false
[2m2026-03-08T16:57:11.993608Z[0m [32m INFO[0m [2mcompute_history[0m[2m:[0m Gap detected: ARCUSDT 1d gap_candles=412 total_fetch=612
  Persisting 414682 indicator records for APTUSDT on 1h (bars 19..12222, skipped 19 warmup bars)
Processing feature batch for FETUSDT on 1h, bars=12223, cols=34, realtime: false
[2m2026-03-08T16:57:12.171083Z[0m [32m INFO[0m [2mcompute_history[0m[2m:[0m Gap detected: TRUMPUSDT 1d gap_candles=411 total_fetch=611
  Persisting 414682 indicator records for FETUSDT on 1h (bars 19..12222, skipped 19 warmup bars)
[2m2026-03-08T16:57:12.349111Z[0m [32m INFO[0m [2mcompute_history[0m[2m:[0m Gap detected: ETHUSDT 1d gap_candles=1999 total_fetch=2199
[2m2026-03-08T16:57:12.501401Z[0m [32m INFO[0m [2mcompute_history[0m[2m:[0m Gap detected: BCHUSDT 1d gap_candles=1999 total_fetch=2199
[2m2026-03-08T16:57:12.669731Z[0m [32m INFO[0m [2mcompute_history[0m[2m:[0m Gap detected: XMRUSDT 1d gap_candles=1999 total_fetch=2199
[2m2026-03-08T16:57:12.855330Z[0m [32m INFO[0m [2mcompute_history[0m[2m:[0m Gap detected: DASHUSDT 1d gap_candles=1999 total_fetch=2199
[2m2026-03-08T16:57:13.015871Z[0m [32m INFO[0m [2mcompute_history[0m[2m:[0m Gap detected: ZECUSDT 1d gap_candles=1999 total_fetch=2199
[2m2026-03-08T16:57:13.176397Z[0m [32m INFO[0m [2mcompute_history[0m[2m:[0m Gap detected: BNBUSDT 1d gap_candles=1999 total_fetch=2199
[2m2026-03-08T16:57:13.336623Z[0m [32m INFO[0m [2mcompute_history[0m[2m:[0m Gap detected: ATOMUSDT 1d gap_candles=1999 total_fetch=2199
[2m2026-03-08T16:57:13.504914Z[0m [32m INFO[0m [2mcompute_history[0m[2m:[0m Gap detected: ALGOUSDT 1d gap_candles=1999 total_fetch=2199
[2m2026-03-08T16:57:13.668258Z[0m [32m INFO[0m [2mcompute_history[0m[2m:[0m Gap detected: DOGEUSDT 1d gap_candles=1999 total_fetch=2199
[2m2026-03-08T16:57:13.721920Z[0m [33m WARN[0m [2msqlx::query[0m[2m:[0m slow statement: execution time exceeded alert threshold [3msummary[0m[2m=[0m"INSERT INTO market.indicators_wide (time, …" [3mdb.statement[0m[2m=[0m"\n\n\n    INSERT INTO market.indicators_wide\n    (time, time_ms, symbol_id, symbol, tf_minutes,\n     rsi, cci, stoch_k, stoch_d, williams,\n     macd, macd_signal, macd_hist, adx, sma, ema_20, ema_50, ema_200,\n     bb_upper, bb_mid, bb_lower, atr,\n     obv, vwap, volume_spike,\n     alligator_jaw, alligator_teeth, alligator_lips,\n     trend, trend_short, poc,\n     mfi, fibo_pivot, fibo_r1, fibo_s1, supertrend, supertrend_dir, cmf,\n     sr_levels, candle_is_final, calc_source, event_time_ms, created_at, updated_at)\n    SELECT * FROM UNNEST(\n        $1::timestamptz[], $2::bigint[], $3::bigint[], $4::text[], $5::smallint[],\n        $6::real[], $7::real[], $8::real[], $9::real[], $10::real[],\n        $11::real[], $12::real[], $13::real[], $14::real[], $15::real[], $16::real[], $17::real[], $18::real[],\n        $19::real[], $20::real[], $21::real[], $22::real[],\n        $23::double precision[], $24::double precision[], $25::real[],\n        $26::real[], $27::real[], $28::real[],\n        $29::smallint[], $30::smallint[], $31::real[],\n        $32::real[], $33::real[], $34::real[], $35::real[], $36::real[], $37::smallint[], $38::real[],\n        $39::jsonb[], $40::boolean[], $41::smallint[], $42::bigint[], $43::timestamptz[], $44::timestamptz[]\n    )\n    ON CONFLICT (symbol_id, tf_minutes, time) DO NOTHING\n    \n" [3mrows_affected[0m[2m=[0m20000 [3mrows_returned[0m[2m=[0m0 [3melapsed[0m[2m=[0m2.090515293s [3melapsed_secs[0m[2m=[0m2.090515293 [3mslow_threshold[0m[2m=[0m1s
[2m2026-03-08T16:57:13.835084Z[0m [32m INFO[0m [2mcompute_history[0m[2m:[0m Gap detected: KAVAUSDT 1d gap_candles=1999 total_fetch=2199
[2m2026-03-08T16:57:14.180807Z[0m [32m INFO[0m [2mcompute_history[0m[2m:[0m Gap detected: DOTUSDT 1d gap_candles=1999 total_fetch=2199
[2m2026-03-08T16:57:14.489992Z[0m [32m INFO[0m [2mcompute_history[0m[2m:[0m Gap detected: CRVUSDT 1d gap_candles=1999 total_fetch=2199
[2m2026-03-08T16:57:14.773312Z[0m [32m INFO[0m [2mcompute_history[0m[2m:[0m Gap detected: SOLUSDT 1d gap_candles=1998 total_fetch=2198
[2m2026-03-08T16:57:14.978698Z[0m [32m INFO[0m [2mcompute_history[0m[2m:[0m Gap detected: UNIUSDT 1d gap_candles=1994 total_fetch=2194
[2m2026-03-08T16:57:15.168411Z[0m [32m INFO[0m [2mcompute_history[0m[2m:[0m Gap detected: AVAXUSDT 1d gap_candles=1989 total_fetch=2189
[2m2026-03-08T16:57:15.349783Z[0m [32m INFO[0m [2mcompute_history[0m[2m:[0m Gap detected: NEARUSDT 1d gap_candles=1967 total_fetch=2167
[2m2026-03-08T16:57:15.527554Z[0m [32m INFO[0m [2mcompute_history[0m[2m:[0m Gap detected: AAVEUSDT 1d gap_candles=1966 total_fetch=2166
[2m2026-03-08T16:57:15.703189Z[0m [32m INFO[0m [2mcompute_history[0m[2m:[0m Gap detected: FILUSDT 1d gap_candles=1966 total_fetch=2166
[2m2026-03-08T16:57:15.871601Z[0m [32m INFO[0m [2mcompute_history[0m[2m:[0m Gap detected: AXSUSDT 1d gap_candles=1931 total_fetch=2131
[2m2026-03-08T16:57:16.040753Z[0m [32m INFO[0m [2mcompute_history[0m[2m:[0m Gap detected: CHZUSDT 1d gap_candles=1869 total_fetch=2069
[2m2026-03-08T16:57:16.205315Z[0m [32m INFO[0m [2mcompute_history[0m[2m:[0m Gap detected: HBARUSDT 1d gap_candles=1814 total_fetch=2014
[2m2026-03-08T16:57:16.377226Z[0m [32m INFO[0m [2mcompute_history[0m[2m:[0m Gap detected: 1000SHIBUSDT 1d gap_candles=1760 total_fetch=1960
[2m2026-03-08T16:57:16.543968Z[0m [32m INFO[0m [2mcompute_history[0m[2m:[0m Gap detected: GALAUSDT 1d gap_candles=1629 total_fetch=1829
[2m2026-03-08T16:57:16.928942Z[0m [32m INFO[0m [2mcompute_history[0m[2m:[0m Gap detected: OPUSDT 1d gap_candles=1373 total_fetch=1573
[2m2026-03-08T16:57:17.112814Z[0m [32m INFO[0m [2mcompute_history[0m[2m:[0m Gap detected: INJUSDT 1d gap_candles=1296 total_fetch=1496
[2m2026-03-08T16:57:17.294896Z[0m [32m INFO[0m [2mcompute_history[0m[2m:[0m Gap detected: LDOUSDT 1d gap_candles=1260 total_fetch=1460
[2m2026-03-08T16:57:17.480447Z[0m [32m INFO[0m [2mcompute_history[0m[2m:[0m Gap detected: ICPUSDT 1d gap_candles=1255 total_fetch=1455
[2m2026-03-08T16:57:17.656365Z[0m [32m INFO[0m [2mcompute_history[0m[2m:[0m Gap detected: APTUSDT 1d gap_candles=1233 total_fetch=1433
[2m2026-03-08T16:57:17.838960Z[0m [32m INFO[0m [2mcompute_history[0m[2m:[0m Gap detected: FETUSDT 1d gap_candles=1143 total_fetch=1343
[2m2026-03-08T16:57:18.012968Z[0m [32m INFO[0m [2mcompute_history[0m[2m:[0m Gap detected: ARBUSDT 1d gap_candles=1078 total_fetch=1278
[2m2026-03-08T16:57:18.192375Z[0m [32m INFO[0m [2mcompute_history[0m[2m:[0m Gap detected: SUIUSDT 1d gap_candles=1037 total_fetch=1237
[2m2026-03-08T16:57:18.373756Z[0m [32m INFO[0m [2mcompute_history[0m[2m:[0m Gap detected: 1000PEPEUSDT 1d gap_candles=1035 total_fetch=1235
[2m2026-03-08T16:57:18.555210Z[0m [32m INFO[0m [2mcompute_history[0m[2m:[0m Gap detected: WLDUSDT 1d gap_candles=955 total_fetch=1155
[2m2026-03-08T16:57:18.743142Z[0m [32m INFO[0m [2mcompute_history[0m[2m:[0m Gap detected: AGLDUSDT 1d gap_candles=950 total_fetch=1150
[2m2026-03-08T16:57:18.957469Z[0m [32m INFO[0m [2mcompute_history[0m[2m:[0m Gap detected: SEIUSDT 1d gap_candles=931 total_fetch=1131
[2m2026-03-08T16:57:19.156131Z[0m [32m INFO[0m [2mcompute_history[0m[2m:[0m Gap detected: TIAUSDT 1d gap_candles=856 total_fetch=1056
[2m2026-03-08T16:57:19.549446Z[0m [32m INFO[0m [2mcompute_history[0m[2m:[0m Gap detected: 1000BONKUSDT 1d gap_candles=834 total_fetch=1034
[2m2026-03-08T16:57:19.926132Z[0m [32m INFO[0m [2mcompute_history[0m[2m:[0m Gap detected: WIFUSDT 1d gap_candles=777 total_fetch=977
[2m2026-03-08T16:57:20.101652Z[0m [32m INFO[0m [2mcompute_history[0m[2m:[0m Gap detected: ONDOUSDT 1d gap_candles=775 total_fetch=975
[2m2026-03-08T16:57:20.274842Z[0m [32m INFO[0m [2mcompute_history[0m[2m:[0m Gap detected: JUPUSDT 1d gap_candles=764 total_fetch=964
[2m2026-03-08T16:57:20.450730Z[0m [32m INFO[0m [2mcompute_history[0m[2m:[0m Gap detected: TONUSDT 1d gap_candles=734 total_fetch=934
[2m2026-03-08T16:57:20.629101Z[0m [32m INFO[0m [2mcompute_history[0m[2m:[0m Gap detected: ENAUSDT 1d gap_candles=702 total_fetch=902
[2m2026-03-08T16:57:20.823126Z[0m [32m INFO[0m [2mcompute_history[0m[2m:[0m Gap detected: TAOUSDT 1d gap_candles=693 total_fetch=893
[2m2026-03-08T16:57:21.003762Z[0m [32m INFO[0m [2mcompute_history[0m[2m:[0m Gap detected: ZROUSDT 1d gap_candles=623 total_fetch=823
Processing feature batch for ARBUSDT on 1h, bars=12223, cols=34, realtime: false
  Persisting 414682 indicator records for ARBUSDT on 1h (bars 19..12222, skipped 19 warmup bars)
Processing feature batch for SUIUSDT on 1h, bars=12223, cols=34, realtime: false
  Persisting 414682 indicator records for SUIUSDT on 1h (bars 19..12222, skipped 19 warmup bars)
Processing feature batch for 1000PEPEUSDT on 1h, bars=12223, cols=34, realtime: false
  Persisting 414682 indicator records for 1000PEPEUSDT on 1h (bars 19..12222, skipped 19 warmup bars)
Processing feature batch for WLDUSDT on 1h, bars=12223, cols=34, realtime: false
  Persisting 414682 indicator records for WLDUSDT on 1h (bars 19..12222, skipped 19 warmup bars)
[2m2026-03-08T16:57:22.794877Z[0m [32m INFO[0m [2mcompute_history[0m[2m:[0m Gap detected: PIPPINUSDT 1d gap_candles=405 total_fetch=605
Processing feature batch for AGLDUSDT on 1h, bars=9037, cols=34, realtime: false
  Persisting 306358 indicator records for AGLDUSDT on 1h (bars 19..9036, skipped 19 warmup bars)
Processing feature batch for SEIUSDT on 1h, bars=12223, cols=34, realtime: false
[2m2026-03-08T16:57:22.992456Z[0m [32m INFO[0m [2mcompute_history[0m[2m:[0m Gap detected: VVVUSDT 1d gap_candles=400 total_fetch=600
  Persisting 414682 indicator records for SEIUSDT on 1h (bars 19..12222, skipped 19 warmup bars)
Processing feature batch for TIAUSDT on 1h, bars=12223, cols=34, realtime: false
[2m2026-03-08T16:57:23.182362Z[0m [32m INFO[0m [2mcompute_history[0m[2m:[0m Gap detected: BERAUSDT 1d gap_candles=392 total_fetch=592
  Persisting 414682 indicator records for TIAUSDT on 1h (bars 19..12222, skipped 19 warmup bars)
Processing feature batch for 1000BONKUSDT on 1h, bars=12223, cols=34, realtime: false
[2m2026-03-08T16:57:23.407482Z[0m [32m INFO[0m [2mcompute_history[0m[2m:[0m Gap detected: IPUSDT 1d gap_candles=385 total_fetch=585
  Persisting 414682 indicator records for 1000BONKUSDT on 1h (bars 19..12222, skipped 19 warmup bars)
Processing feature batch for WIFUSDT on 1h, bars=12223, cols=34, realtime: false
  Persisting 414682 indicator records for WIFUSDT on 1h (bars 19..12222, skipped 19 warmup bars)
[2m2026-03-08T16:57:23.625313Z[0m [32m INFO[0m [2mcompute_history[0m[2m:[0m Gap detected: SIRENUSDT 1d gap_candles=348 total_fetch=548
Processing feature batch for ONDOUSDT on 1h, bars=12223, cols=34, realtime: false
  Persisting 414682 indicator records for ONDOUSDT on 1h (bars 19..12222, skipped 19 warmup bars)
[2m2026-03-08T16:57:23.841106Z[0m [32m INFO[0m [2mcompute_history[0m[2m:[0m Gap detected: BANANAS31USDT 1d gap_candles=348 total_fetch=548
Processing feature batch for JUPUSDT on 1h, bars=12223, cols=34, realtime: false
  Persisting 414682 indicator records for JUPUSDT on 1h (bars 19..12222, skipped 19 warmup bars)
Processing feature batch for TONUSDT on 1h, bars=12223, cols=34, realtime: false
  Persisting 414682 indicator records for TONUSDT on 1h (bars 19..12222, skipped 19 warmup bars)
[2m2026-03-08T16:57:24.271792Z[0m [32m INFO[0m [2mcompute_history[0m[2m:[0m Gap detected: JELLYJELLYUSDT 1d gap_candles=344 total_fetch=544
Processing feature batch for ENAUSDT on 1h, bars=12223, cols=34, realtime: false
  Persisting 414682 indicator records for ENAUSDT on 1h (bars 19..12222, skipped 19 warmup bars)
Processing feature batch for TAOUSDT on 1h, bars=12223, cols=34, realtime: false
  Persisting 414682 indicator records for TAOUSDT on 1h (bars 19..12222, skipped 19 warmup bars)
Processing feature batch for ZROUSDT on 1h, bars=12223, cols=34, realtime: false
  Persisting 414682 indicator records for ZROUSDT on 1h (bars 19..12222, skipped 19 warmup bars)
Processing feature batch for PIPPINUSDT on 1h, bars=9765, cols=34, realtime: false
  Persisting 331110 indicator records for PIPPINUSDT on 1h (bars 19..9764, skipped 19 warmup bars)
Processing feature batch for VVVUSDT on 1h, bars=9647, cols=34, realtime: false
  Persisting 327098 indicator records for VVVUSDT on 1h (bars 19..9646, skipped 19 warmup bars)
[2m2026-03-08T16:57:25.126158Z[0m [32m INFO[0m [2mcompute_history[0m[2m:[0m Gap detected: SIGNUSDT 1d gap_candles=311 total_fetch=511
[2m2026-03-08T16:57:25.354367Z[0m [32m INFO[0m [2mcompute_history[0m[2m:[0m Gap detected: HUMAUSDT 1d gap_candles=283 total_fetch=483
[2m2026-03-08T16:57:25.582286Z[0m [32m INFO[0m [2mcompute_history[0m[2m:[0m Gap detected: HYPEUSDT 1d gap_candles=279 total_fetch=479
[2m2026-03-08T16:57:26.209497Z[0m [32m INFO[0m [2mcompute_history[0m[2m:[0m Gap detected: RESOLVUSDT 1d gap_candles=268 total_fetch=468
[2m2026-03-08T16:57:26.688998Z[0m [32m INFO[0m [2mcompute_history[0m[2m:[0m Gap detected: MYXUSDT 1d gap_candles=260 total_fetch=460
[2m2026-03-08T16:57:26.917931Z[0m [32m INFO[0m [2mcompute_history[0m[2m:[0m Gap detected: HUSDT 1d gap_candles=253 total_fetch=453
[2m2026-03-08T16:57:27.176695Z[0m [32m INFO[0m [2mcompute_history[0m[2m:[0m Gap detected: SAHARAUSDT 1d gap_candles=252 total_fetch=452
[2m2026-03-08T16:57:27.416581Z[0m [32m INFO[0m [2mcompute_history[0m[2m:[0m Gap detected: PUMPUSDT 1d gap_candles=238 total_fetch=438
[2m2026-03-08T16:57:27.880542Z[0m [32m INFO[0m [2mcompute_history[0m[2m:[0m Gap detected: ASTERUSDT 1d gap_candles=167 total_fetch=367
[2m2026-03-08T16:57:28.626007Z[0m [32m INFO[0m [2mcompute_history[0m[2m:[0m Gap detected: LYNUSDT 1d gap_candles=150 total_fetch=350
[2m2026-03-08T16:57:28.854778Z[0m [32m INFO[0m [2mcompute_history[0m[2m:[0m Gap detected: ENSOUSDT 1d gap_candles=142 total_fetch=342
[2m2026-03-08T16:57:29.070606Z[0m [32m INFO[0m [2mcompute_history[0m[2m:[0m Gap detected: RIVERUSDT 1d gap_candles=139 total_fetch=339
[2m2026-03-08T16:57:29.288907Z[0m [32m INFO[0m [2mcompute_history[0m[2m:[0m Gap detected: KITEUSDT 1d gap_candles=127 total_fetch=327
[2m2026-03-08T16:57:29.743918Z[0m [32m INFO[0m [2mcompute_history[0m[2m:[0m Gap detected: STABLEUSDT 1d gap_candles=119 total_fetch=319
[2m2026-03-08T16:57:30.378903Z[0m [32m INFO[0m [2mcompute_history[0m[2m:[0m Gap detected: POWERUSDT 1d gap_candles=89 total_fetch=289
[2m2026-03-08T16:57:30.588591Z[0m [32m INFO[0m [2mcompute_history[0m[2m:[0m Gap detected: LITUSDT 1d gap_candles=72 total_fetch=272
[2m2026-03-08T16:57:30.799511Z[0m [32m INFO[0m [2mcompute_history[0m[2m:[0m Gap detected: SKRUSDT 1d gap_candles=42 total_fetch=242
[2m2026-03-08T16:57:31.220502Z[0m [32m INFO[0m [2mcompute_history[0m[2m:[0m Gap detected: XPLUSDT 1d gap_candles=195 total_fetch=395
[2m2026-03-08T16:57:31.433651Z[0m [32m INFO[0m [2mcompute_history[0m[2m:[0m Gap detected: WLFIUSDT 1d gap_candles=194 total_fetch=394
[2m2026-03-08T16:57:31.648040Z[0m [32m INFO[0m [2mcompute_history[0m[2m:[0m Gap detected: 0GUSDT 1d gap_candles=169 total_fetch=369
[2m2026-03-08T16:57:31.866189Z[0m [32m INFO[0m [2mcompute_history[0m[2m:[0m Gap detected: BARDUSDT 1d gap_candles=168 total_fetch=368
[2m2026-03-08T16:57:32.083743Z[0m [32m INFO[0m [2mcompute_history[0m[2m:[0m Gap detected: TRIAUSDT 1d gap_candles=27 total_fetch=227
Processing feature batch for BERAUSDT on 1h, bars=9448, cols=34, realtime: false
  Persisting 320332 indicator records for BERAUSDT on 1h (bars 19..9447, skipped 19 warmup bars)
Processing feature batch for IPUSDT on 1h, bars=9278, cols=34, realtime: false
  Persisting 314552 indicator records for IPUSDT on 1h (bars 19..9277, skipped 19 warmup bars)
[2m2026-03-08T16:57:33.576709Z[0m [32m INFO[0m [2mcompute_history[0m[2m:[0m Cycle 1: submitted 371 jobs (total: 371). Tables with data: 4/4. Waiting for processing...
Processing feature batch for SIRENUSDT on 1h, bars=8398, cols=34, realtime: false
  Persisting 284632 indicator records for SIRENUSDT on 1h (bars 19..8397, skipped 19 warmup bars)
Processing feature batch for BANANAS31USDT on 1h, bars=8398, cols=34, realtime: false
  Persisting 284632 indicator records for BANANAS31USDT on 1h (bars 19..8397, skipped 19 warmup bars)
Processing feature batch for JELLYJELLYUSDT on 1h, bars=8295, cols=34, realtime: false
  Persisting 281130 indicator records for JELLYJELLYUSDT on 1h (bars 19..8294, skipped 19 warmup bars)
Processing feature batch for SIGNUSDT on 1h, bars=7508, cols=34, realtime: false
  Persisting 254372 indicator records for SIGNUSDT on 1h (bars 19..7507, skipped 19 warmup bars)
Processing feature batch for HUMAUSDT on 1h, bars=6834, cols=34, realtime: false
  Persisting 231456 indicator records for HUMAUSDT on 1h (bars 19..6833, skipped 19 warmup bars)
Processing feature batch for HYPEUSDT on 1h, bars=6741, cols=34, realtime: false
  Persisting 228294 indicator records for HYPEUSDT on 1h (bars 19..6740, skipped 19 warmup bars)
Processing feature batch for RESOLVUSDT on 1h, bars=6474, cols=34, realtime: false
  Persisting 219216 indicator records for RESOLVUSDT on 1h (bars 19..6473, skipped 19 warmup bars)
Processing feature batch for MYXUSDT on 1h, bars=6283, cols=34, realtime: false
  Persisting 212722 indicator records for MYXUSDT on 1h (bars 19..6282, skipped 19 warmup bars)
Processing feature batch for HUSDT on 1h, bars=6118, cols=34, realtime: false
  Persisting 207112 indicator records for HUSDT on 1h (bars 19..6117, skipped 19 warmup bars)
Processing feature batch for SAHARAUSDT on 1h, bars=6091, cols=34, realtime: false
  Persisting 206194 indicator records for SAHARAUSDT on 1h (bars 19..6090, skipped 19 warmup bars)
Processing feature batch for PUMPUSDT on 1h, bars=5760, cols=34, realtime: false
  Persisting 194940 indicator records for PUMPUSDT on 1h (bars 19..5759, skipped 19 warmup bars)
Processing feature batch for ASTERUSDT on 1h, bars=4051, cols=34, realtime: false
  Persisting 136834 indicator records for ASTERUSDT on 1h (bars 19..4050, skipped 19 warmup bars)
Processing feature batch for LYNUSDT on 1h, bars=3609, cols=34, realtime: false
  Persisting 121806 indicator records for LYNUSDT on 1h (bars 19..3608, skipped 19 warmup bars)
Processing feature batch for ENSOUSDT on 1h, bars=3454, cols=34, realtime: false
  Persisting 116536 indicator records for ENSOUSDT on 1h (bars 19..3453, skipped 19 warmup bars)
Processing feature batch for RIVERUSDT on 1h, bars=3377, cols=34, realtime: false
  Persisting 113918 indicator records for RIVERUSDT on 1h (bars 19..3376, skipped 19 warmup bars)
Processing feature batch for KITEUSDT on 1h, bars=3093, cols=34, realtime: false
  Persisting 104262 indicator records for KITEUSDT on 1h (bars 19..3092, skipped 19 warmup bars)
Processing feature batch for STABLEUSDT on 1h, bars=2899, cols=34, realtime: false
  Persisting 97666 indicator records for STABLEUSDT on 1h (bars 19..2898, skipped 19 warmup bars)
Processing feature batch for POWERUSDT on 1h, bars=2182, cols=34, realtime: false
  Persisting 73288 indicator records for POWERUSDT on 1h (bars 19..2181, skipped 19 warmup bars)
Processing feature batch for LITUSDT on 1h, bars=1766, cols=34, realtime: false
  Persisting 59144 indicator records for LITUSDT on 1h (bars 19..1765, skipped 19 warmup bars)
Processing feature batch for SKRUSDT on 1h, bars=1053, cols=34, realtime: false
  Persisting 34902 indicator records for SKRUSDT on 1h (bars 19..1052, skipped 19 warmup bars)
Processing feature batch for XPLUSDT on 1h, bars=4726, cols=34, realtime: false
  Persisting 159784 indicator records for XPLUSDT on 1h (bars 19..4725, skipped 19 warmup bars)
Processing feature batch for WLFIUSDT on 1h, bars=4703, cols=34, realtime: false
  Persisting 159002 indicator records for WLFIUSDT on 1h (bars 19..4702, skipped 19 warmup bars)
Processing feature batch for 0GUSDT on 1h, bars=4057, cols=34, realtime: false
  Persisting 137038 indicator records for 0GUSDT on 1h (bars 19..4056, skipped 19 warmup bars)
Processing feature batch for BARDUSDT on 1h, bars=4076, cols=34, realtime: false
  Persisting 137684 indicator records for BARDUSDT on 1h (bars 19..4075, skipped 19 warmup bars)
Processing feature batch for TRIAUSDT on 1h, bars=691, cols=34, realtime: false
  Persisting 22594 indicator records for TRIAUSDT on 1h (bars 19..690, skipped 19 warmup bars)
Processing feature batch for ESPUSDT on 1h, bars=599, cols=34, realtime: false
  Persisting 19466 indicator records for ESPUSDT on 1h (bars 19..598, skipped 19 warmup bars)
Processing feature batch for OPNUSDT on 1h, bars=328, cols=34, realtime: false
  Persisting 10252 indicator records for OPNUSDT on 1h (bars 19..327, skipped 19 warmup bars)
Processing feature batch for ROBOUSDT on 1h, bars=191, cols=34, realtime: false
  Persisting 5602 indicator records for ROBOUSDT on 1h (bars 19..190, skipped 19 warmup bars)
Processing feature batch for MANTRAUSDT on 1h, bars=71, cols=34, realtime: false
  Persisting 1642 indicator records for MANTRAUSDT on 1h (bars 19..70, skipped 19 warmup bars)
Processing feature batch for BTCUSDT on 4h, bars=5001, cols=34, realtime: false
  Persisting 169134 indicator records for BTCUSDT on 4h (bars 19..5000, skipped 19 warmup bars)
Processing feature batch for XRPUSDT on 4h, bars=5001, cols=34, realtime: false
  Persisting 169134 indicator records for XRPUSDT on 4h (bars 19..5000, skipped 19 warmup bars)
Processing feature batch for LTCUSDT on 4h, bars=5001, cols=34, realtime: false
  Persisting 169134 indicator records for LTCUSDT on 4h (bars 19..5000, skipped 19 warmup bars)
Processing feature batch for TRXUSDT on 4h, bars=5001, cols=34, realtime: false
  Persisting 169134 indicator records for TRXUSDT on 4h (bars 19..5000, skipped 19 warmup bars)
Processing feature batch for ETCUSDT on 4h, bars=5001, cols=34, realtime: false
  Persisting 169134 indicator records for ETCUSDT on 4h (bars 19..5000, skipped 19 warmup bars)
Processing feature batch for LINKUSDT on 4h, bars=5001, cols=34, realtime: false
  Persisting 169134 indicator records for LINKUSDT on 4h (bars 19..5000, skipped 19 warmup bars)
Processing feature batch for XLMUSDT on 4h, bars=5001, cols=34, realtime: false
  Persisting 169134 indicator records for XLMUSDT on 4h (bars 19..5000, skipped 19 warmup bars)
Processing feature batch for ADAUSDT on 4h, bars=5001, cols=34, realtime: false
  Persisting 169134 indicator records for ADAUSDT on 4h (bars 19..5000, skipped 19 warmup bars)
Processing feature batch for RENDERUSDT on 4h, bars=3524, cols=34, realtime: false
  Persisting 118916 indicator records for RENDERUSDT on 4h (bars 19..3523, skipped 19 warmup bars)
Processing feature batch for POLUSDT on 4h, bars=3229, cols=34, realtime: false
  Persisting 108886 indicator records for POLUSDT on 4h (bars 19..3228, skipped 19 warmup bars)
Processing feature batch for VIRTUALUSDT on 4h, bars=2701, cols=34, realtime: false
  Persisting 90934 indicator records for VIRTUALUSDT on 4h (bars 19..2700, skipped 19 warmup bars)
Processing feature batch for PENGUUSDT on 4h, bars=2658, cols=34, realtime: false
  Persisting 89472 indicator records for PENGUUSDT on 4h (bars 19..2657, skipped 19 warmup bars)
Processing feature batch for FARTCOINUSDT on 4h, bars=2640, cols=34, realtime: false
  Persisting 88860 indicator records for FARTCOINUSDT on 4h (bars 19..2639, skipped 19 warmup bars)
Processing feature batch for PHAUSDT on 4h, bars=2582, cols=34, realtime: false
  Persisting 86888 indicator records for PHAUSDT on 4h (bars 19..2581, skipped 19 warmup bars)
Processing feature batch for BIOUSDT on 4h, bars=2557, cols=34, realtime: false
  Persisting 86038 indicator records for BIOUSDT on 4h (bars 19..2556, skipped 19 warmup bars)
Processing feature batch for ARCUSDT on 4h, bars=2473, cols=34, realtime: false
  Persisting 83182 indicator records for ARCUSDT on 4h (bars 19..2472, skipped 19 warmup bars)
Processing feature batch for TRUMPUSDT on 4h, bars=2467, cols=34, realtime: false
  Persisting 82978 indicator records for TRUMPUSDT on 4h (bars 19..2466, skipped 19 warmup bars)
Processing feature batch for ETHUSDT on 4h, bars=5001, cols=34, realtime: false
  Persisting 169134 indicator records for ETHUSDT on 4h (bars 19..5000, skipped 19 warmup bars)
Processing feature batch for BCHUSDT on 4h, bars=5001, cols=34, realtime: false
  Persisting 169134 indicator records for BCHUSDT on 4h (bars 19..5000, skipped 19 warmup bars)
Processing feature batch for XMRUSDT on 4h, bars=5001, cols=34, realtime: false
  Persisting 169134 indicator records for XMRUSDT on 4h (bars 19..5000, skipped 19 warmup bars)
Processing feature batch for DASHUSDT on 4h, bars=5001, cols=34, realtime: false
  Persisting 169134 indicator records for DASHUSDT on 4h (bars 19..5000, skipped 19 warmup bars)
Processing feature batch for ZECUSDT on 4h, bars=5001, cols=34, realtime: false
  Persisting 169134 indicator records for ZECUSDT on 4h (bars 19..5000, skipped 19 warmup bars)
Processing feature batch for BNBUSDT on 4h, bars=5001, cols=34, realtime: false
  Persisting 169134 indicator records for BNBUSDT on 4h (bars 19..5000, skipped 19 warmup bars)
Processing feature batch for ATOMUSDT on 4h, bars=5001, cols=34, realtime: false
  Persisting 169134 indicator records for ATOMUSDT on 4h (bars 19..5000, skipped 19 warmup bars)
Processing feature batch for ALGOUSDT on 4h, bars=5001, cols=34, realtime: false
  Persisting 169134 indicator records for ALGOUSDT on 4h (bars 19..5000, skipped 19 warmup bars)
Processing feature batch for DOGEUSDT on 4h, bars=5001, cols=34, realtime: false
  Persisting 169134 indicator records for DOGEUSDT on 4h (bars 19..5000, skipped 19 warmup bars)
Processing feature batch for KAVAUSDT on 4h, bars=5001, cols=34, realtime: false
  Persisting 169134 indicator records for KAVAUSDT on 4h (bars 19..5000, skipped 19 warmup bars)
Processing feature batch for DOTUSDT on 4h, bars=5001, cols=34, realtime: false
  Persisting 169134 indicator records for DOTUSDT on 4h (bars 19..5000, skipped 19 warmup bars)
Processing feature batch for CRVUSDT on 4h, bars=5001, cols=34, realtime: false
  Persisting 169134 indicator records for CRVUSDT on 4h (bars 19..5000, skipped 19 warmup bars)
Processing feature batch for SOLUSDT on 4h, bars=5001, cols=34, realtime: false
  Persisting 169134 indicator records for SOLUSDT on 4h (bars 19..5000, skipped 19 warmup bars)
Processing feature batch for UNIUSDT on 4h, bars=5001, cols=34, realtime: false
  Persisting 169134 indicator records for UNIUSDT on 4h (bars 19..5000, skipped 19 warmup bars)
Processing feature batch for AVAXUSDT on 4h, bars=5001, cols=34, realtime: false
  Persisting 169134 indicator records for AVAXUSDT on 4h (bars 19..5000, skipped 19 warmup bars)
Processing feature batch for NEARUSDT on 4h, bars=5001, cols=34, realtime: false
  Persisting 169134 indicator records for NEARUSDT on 4h (bars 19..5000, skipped 19 warmup bars)
Processing feature batch for AAVEUSDT on 4h, bars=5001, cols=34, realtime: false
  Persisting 169134 indicator records for AAVEUSDT on 4h (bars 19..5000, skipped 19 warmup bars)
Processing feature batch for FILUSDT on 4h, bars=5001, cols=34, realtime: false
  Persisting 169134 indicator records for FILUSDT on 4h (bars 19..5000, skipped 19 warmup bars)
Processing feature batch for AXSUSDT on 4h, bars=5001, cols=34, realtime: false
  Persisting 169134 indicator records for AXSUSDT on 4h (bars 19..5000, skipped 19 warmup bars)
Processing feature batch for CHZUSDT on 4h, bars=5001, cols=34, realtime: false
  Persisting 169134 indicator records for CHZUSDT on 4h (bars 19..5000, skipped 19 warmup bars)
Processing feature batch for HBARUSDT on 4h, bars=5001, cols=34, realtime: false
  Persisting 169134 indicator records for HBARUSDT on 4h (bars 19..5000, skipped 19 warmup bars)
Processing feature batch for 1000SHIBUSDT on 4h, bars=5001, cols=34, realtime: false
  Persisting 169134 indicator records for 1000SHIBUSDT on 4h (bars 19..5000, skipped 19 warmup bars)
Processing feature batch for GALAUSDT on 4h, bars=5001, cols=34, realtime: false
  Persisting 169134 indicator records for GALAUSDT on 4h (bars 19..5000, skipped 19 warmup bars)
Processing feature batch for OPUSDT on 4h, bars=5001, cols=34, realtime: false
  Persisting 169134 indicator records for OPUSDT on 4h (bars 19..5000, skipped 19 warmup bars)
Processing feature batch for INJUSDT on 4h, bars=5001, cols=34, realtime: false
  Persisting 169134 indicator records for INJUSDT on 4h (bars 19..5000, skipped 19 warmup bars)
Processing feature batch for LDOUSDT on 4h, bars=5001, cols=34, realtime: false
  Persisting 169134 indicator records for LDOUSDT on 4h (bars 19..5000, skipped 19 warmup bars)
Processing feature batch for ICPUSDT on 4h, bars=5001, cols=34, realtime: false
  Persisting 169134 indicator records for ICPUSDT on 4h (bars 19..5000, skipped 19 warmup bars)
Processing feature batch for APTUSDT on 4h, bars=5001, cols=34, realtime: false
  Persisting 169134 indicator records for APTUSDT on 4h (bars 19..5000, skipped 19 warmup bars)
Processing feature batch for FETUSDT on 4h, bars=5001, cols=34, realtime: false
  Persisting 169134 indicator records for FETUSDT on 4h (bars 19..5000, skipped 19 warmup bars)
Processing feature batch for ARBUSDT on 4h, bars=5001, cols=34, realtime: false
  Persisting 169134 indicator records for ARBUSDT on 4h (bars 19..5000, skipped 19 warmup bars)
Processing feature batch for SUIUSDT on 4h, bars=5001, cols=34, realtime: false
  Persisting 169134 indicator records for SUIUSDT on 4h (bars 19..5000, skipped 19 warmup bars)
Processing feature batch for 1000PEPEUSDT on 4h, bars=5001, cols=34, realtime: false
  Persisting 169134 indicator records for 1000PEPEUSDT on 4h (bars 19..5000, skipped 19 warmup bars)
Processing feature batch for WLDUSDT on 4h, bars=5001, cols=34, realtime: false
  Persisting 169134 indicator records for WLDUSDT on 4h (bars 19..5000, skipped 19 warmup bars)
Processing feature batch for AGLDUSDT on 4h, bars=5704, cols=34, realtime: false
  Persisting 193036 indicator records for AGLDUSDT on 4h (bars 19..5703, skipped 19 warmup bars)
Processing feature batch for SEIUSDT on 4h, bars=5001, cols=34, realtime: false
  Persisting 169134 indicator records for SEIUSDT on 4h (bars 19..5000, skipped 19 warmup bars)
Processing feature batch for TIAUSDT on 4h, bars=5001, cols=34, realtime: false
  Persisting 169134 indicator records for TIAUSDT on 4h (bars 19..5000, skipped 19 warmup bars)
Processing feature batch for 1000BONKUSDT on 4h, bars=5001, cols=34, realtime: false
  Persisting 169134 indicator records for 1000BONKUSDT on 4h (bars 19..5000, skipped 19 warmup bars)
Processing feature batch for WIFUSDT on 4h, bars=4663, cols=34, realtime: false
  Persisting 157642 indicator records for WIFUSDT on 4h (bars 19..4662, skipped 19 warmup bars)
Processing feature batch for ONDOUSDT on 4h, bars=4651, cols=34, realtime: false
  Persisting 157234 indicator records for ONDOUSDT on 4h (bars 19..4650, skipped 19 warmup bars)
Processing feature batch for JUPUSDT on 4h, bars=4584, cols=34, realtime: false
  Persisting 154956 indicator records for JUPUSDT on 4h (bars 19..4583, skipped 19 warmup bars)
Processing feature batch for TONUSDT on 4h, bars=4405, cols=34, realtime: false
  Persisting 148870 indicator records for TONUSDT on 4h (bars 19..4404, skipped 19 warmup bars)
Processing feature batch for ENAUSDT on 4h, bars=4213, cols=34, realtime: false
  Persisting 142342 indicator records for ENAUSDT on 4h (bars 19..4212, skipped 19 warmup bars)
Processing feature batch for TAOUSDT on 4h, bars=4159, cols=34, realtime: false
  Persisting 140506 indicator records for TAOUSDT on 4h (bars 19..4158, skipped 19 warmup bars)
Processing feature batch for ZROUSDT on 4h, bars=3739, cols=34, realtime: false
  Persisting 126226 indicator records for ZROUSDT on 4h (bars 19..3738, skipped 19 warmup bars)
Processing feature batch for PIPPINUSDT on 4h, bars=2432, cols=34, realtime: false
  Persisting 81788 indicator records for PIPPINUSDT on 4h (bars 19..2431, skipped 19 warmup bars)
Processing feature batch for VVVUSDT on 4h, bars=2402, cols=34, realtime: false
  Persisting 80768 indicator records for VVVUSDT on 4h (bars 19..2401, skipped 19 warmup bars)
Processing feature batch for BERAUSDT on 4h, bars=2353, cols=34, realtime: false
  Persisting 79102 indicator records for BERAUSDT on 4h (bars 19..2352, skipped 19 warmup bars)
Processing feature batch for IPUSDT on 4h, bars=2310, cols=34, realtime: false
  Persisting 77640 indicator records for IPUSDT on 4h (bars 19..2309, skipped 19 warmup bars)
Processing feature batch for SIRENUSDT on 4h, bars=2090, cols=34, realtime: false
  Persisting 70160 indicator records for SIRENUSDT on 4h (bars 19..2089, skipped 19 warmup bars)
Processing feature batch for BANANAS31USDT on 4h, bars=2090, cols=34, realtime: false
  Persisting 70160 indicator records for BANANAS31USDT on 4h (bars 19..2089, skipped 19 warmup bars)
Processing feature batch for JELLYJELLYUSDT on 4h, bars=2064, cols=34, realtime: false
  Persisting 69276 indicator records for JELLYJELLYUSDT on 4h (bars 19..2063, skipped 19 warmup bars)
Processing feature batch for SIGNUSDT on 4h, bars=1868, cols=34, realtime: false
  Persisting 62612 indicator records for SIGNUSDT on 4h (bars 19..1867, skipped 19 warmup bars)
Processing feature batch for HUMAUSDT on 4h, bars=1699, cols=34, realtime: false
  Persisting 56866 indicator records for HUMAUSDT on 4h (bars 19..1698, skipped 19 warmup bars)
Processing feature batch for HYPEUSDT on 4h, bars=1676, cols=34, realtime: false
  Persisting 56084 indicator records for HYPEUSDT on 4h (bars 19..1675, skipped 19 warmup bars)
Processing feature batch for RESOLVUSDT on 4h, bars=1609, cols=34, realtime: false
  Persisting 53806 indicator records for RESOLVUSDT on 4h (bars 19..1608, skipped 19 warmup bars)
Processing feature batch for MYXUSDT on 4h, bars=1561, cols=34, realtime: false
  Persisting 52174 indicator records for MYXUSDT on 4h (bars 19..1560, skipped 19 warmup bars)
Processing feature batch for HUSDT on 4h, bars=1520, cols=34, realtime: false
  Persisting 50780 indicator records for HUSDT on 4h (bars 19..1519, skipped 19 warmup bars)
Processing feature batch for SAHARAUSDT on 4h, bars=1513, cols=34, realtime: false
  Persisting 50542 indicator records for SAHARAUSDT on 4h (bars 19..1512, skipped 19 warmup bars)
Processing feature batch for PUMPUSDT on 4h, bars=1431, cols=34, realtime: false
  Persisting 47754 indicator records for PUMPUSDT on 4h (bars 19..1430, skipped 19 warmup bars)
Processing feature batch for ASTERUSDT on 4h, bars=1003, cols=34, realtime: false
  Persisting 33202 indicator records for ASTERUSDT on 4h (bars 19..1002, skipped 19 warmup bars)
Processing feature batch for LYNUSDT on 4h, bars=901, cols=34, realtime: false
  Persisting 29734 indicator records for LYNUSDT on 4h (bars 19..900, skipped 19 warmup bars)
Processing feature batch for ENSOUSDT on 4h, bars=854, cols=34, realtime: false
  Persisting 28136 indicator records for ENSOUSDT on 4h (bars 19..853, skipped 19 warmup bars)
Processing feature batch for RIVERUSDT on 4h, bars=835, cols=34, realtime: false
  Persisting 27490 indicator records for RIVERUSDT on 4h (bars 19..834, skipped 19 warmup bars)
Processing feature batch for KITEUSDT on 4h, bars=764, cols=34, realtime: false
  Persisting 25076 indicator records for KITEUSDT on 4h (bars 19..763, skipped 19 warmup bars)
Processing feature batch for STABLEUSDT on 4h, bars=715, cols=34, realtime: false
  Persisting 23410 indicator records for STABLEUSDT on 4h (bars 19..714, skipped 19 warmup bars)
Processing feature batch for POWERUSDT on 4h, bars=536, cols=34, realtime: false
  Persisting 17324 indicator records for POWERUSDT on 4h (bars 19..535, skipped 19 warmup bars)
Processing feature batch for LITUSDT on 4h, bars=432, cols=34, realtime: false
  Persisting 13788 indicator records for LITUSDT on 4h (bars 19..431, skipped 19 warmup bars)
Processing feature batch for SKRUSDT on 4h, bars=254, cols=34, realtime: false
  Persisting 7736 indicator records for SKRUSDT on 4h (bars 19..253, skipped 19 warmup bars)
Processing feature batch for XPLUSDT on 4h, bars=1172, cols=34, realtime: false
  Persisting 38948 indicator records for XPLUSDT on 4h (bars 19..1171, skipped 19 warmup bars)
Processing feature batch for WLFIUSDT on 4h, bars=1166, cols=34, realtime: false
  Persisting 38744 indicator records for WLFIUSDT on 4h (bars 19..1165, skipped 19 warmup bars)
Processing feature batch for 0GUSDT on 4h, bars=1013, cols=34, realtime: false
  Persisting 33542 indicator records for 0GUSDT on 4h (bars 19..1012, skipped 19 warmup bars)
Processing feature batch for BARDUSDT on 4h, bars=1010, cols=34, realtime: false
  Persisting 33440 indicator records for BARDUSDT on 4h (bars 19..1009, skipped 19 warmup bars)
Processing feature batch for TRIAUSDT on 4h, bars=163, cols=34, realtime: false
  Persisting 4678 indicator records for TRIAUSDT on 4h (bars 19..162, skipped 19 warmup bars)
Processing feature batch for ESPUSDT on 4h, bars=140, cols=34, realtime: false
  Persisting 3919 indicator records for ESPUSDT on 4h (bars 19..139, skipped 19 warmup bars)
Processing feature batch for OPNUSDT on 4h, bars=73, cols=34, realtime: false
  Persisting 1708 indicator records for OPNUSDT on 4h (bars 19..72, skipped 19 warmup bars)
Processing feature batch for ROBOUSDT on 4h, bars=38, cols=34, realtime: false
  Persisting 564 indicator records for ROBOUSDT on 4h (bars 19..37, skipped 19 warmup bars)
Processing feature batch for BTCUSDT on 1d, bars=1999, cols=34, realtime: false
  Persisting 67066 indicator records for BTCUSDT on 1d (bars 19..1998, skipped 19 warmup bars)
Processing feature batch for XRPUSDT on 1d, bars=1999, cols=34, realtime: false
  Persisting 67066 indicator records for XRPUSDT on 1d (bars 19..1998, skipped 19 warmup bars)
Processing feature batch for LTCUSDT on 1d, bars=1999, cols=34, realtime: false
  Persisting 67066 indicator records for LTCUSDT on 1d (bars 19..1998, skipped 19 warmup bars)
Processing feature batch for TRXUSDT on 1d, bars=1999, cols=34, realtime: false
  Persisting 67066 indicator records for TRXUSDT on 1d (bars 19..1998, skipped 19 warmup bars)
Processing feature batch for ETCUSDT on 1d, bars=1999, cols=34, realtime: false
  Persisting 67066 indicator records for ETCUSDT on 1d (bars 19..1998, skipped 19 warmup bars)
Processing feature batch for LINKUSDT on 1d, bars=1999, cols=34, realtime: false
  Persisting 67066 indicator records for LINKUSDT on 1d (bars 19..1998, skipped 19 warmup bars)
Processing feature batch for XLMUSDT on 1d, bars=1999, cols=34, realtime: false
  Persisting 67066 indicator records for XLMUSDT on 1d (bars 19..1998, skipped 19 warmup bars)
Processing feature batch for ADAUSDT on 1d, bars=1999, cols=34, realtime: false
  Persisting 67066 indicator records for ADAUSDT on 1d (bars 19..1998, skipped 19 warmup bars)
Processing feature batch for RENDERUSDT on 1d, bars=587, cols=34, realtime: false
  Persisting 19058 indicator records for RENDERUSDT on 1d (bars 19..586, skipped 19 warmup bars)
Processing feature batch for POLUSDT on 1d, bars=538, cols=34, realtime: false
  Persisting 17392 indicator records for POLUSDT on 1d (bars 19..537, skipped 19 warmup bars)
Processing feature batch for VIRTUALUSDT on 1d, bars=450, cols=34, realtime: false
  Persisting 14400 indicator records for VIRTUALUSDT on 1d (bars 19..449, skipped 19 warmup bars)
Processing feature batch for PENGUUSDT on 1d, bars=443, cols=34, realtime: false
  Persisting 14162 indicator records for PENGUUSDT on 1d (bars 19..442, skipped 19 warmup bars)
Processing feature batch for FARTCOINUSDT on 1d, bars=440, cols=34, realtime: false
  Persisting 14060 indicator records for FARTCOINUSDT on 1d (bars 19..439, skipped 19 warmup bars)
Processing feature batch for PHAUSDT on 1d, bars=430, cols=34, realtime: false
  Persisting 13720 indicator records for PHAUSDT on 1d (bars 19..429, skipped 19 warmup bars)
Processing feature batch for BIOUSDT on 1d, bars=426, cols=34, realtime: false
  Persisting 13584 indicator records for BIOUSDT on 1d (bars 19..425, skipped 19 warmup bars)
Processing feature batch for ARCUSDT on 1d, bars=412, cols=34, realtime: false
  Persisting 13108 indicator records for ARCUSDT on 1d (bars 19..411, skipped 19 warmup bars)
Processing feature batch for TRUMPUSDT on 1d, bars=411, cols=34, realtime: false
  Persisting 13074 indicator records for TRUMPUSDT on 1d (bars 19..410, skipped 19 warmup bars)
Processing feature batch for ETHUSDT on 1d, bars=1999, cols=34, realtime: false
  Persisting 67066 indicator records for ETHUSDT on 1d (bars 19..1998, skipped 19 warmup bars)
Processing feature batch for BCHUSDT on 1d, bars=1999, cols=34, realtime: false
  Persisting 67066 indicator records for BCHUSDT on 1d (bars 19..1998, skipped 19 warmup bars)
Processing feature batch for XMRUSDT on 1d, bars=1999, cols=34, realtime: false
  Persisting 67066 indicator records for XMRUSDT on 1d (bars 19..1998, skipped 19 warmup bars)
Processing feature batch for DASHUSDT on 1d, bars=1999, cols=34, realtime: false
  Persisting 67066 indicator records for DASHUSDT on 1d (bars 19..1998, skipped 19 warmup bars)
Processing feature batch for ZECUSDT on 1d, bars=1999, cols=34, realtime: false
  Persisting 67066 indicator records for ZECUSDT on 1d (bars 19..1998, skipped 19 warmup bars)
Processing feature batch for BNBUSDT on 1d, bars=1999, cols=34, realtime: false
  Persisting 67066 indicator records for BNBUSDT on 1d (bars 19..1998, skipped 19 warmup bars)
Processing feature batch for ATOMUSDT on 1d, bars=1999, cols=34, realtime: false
  Persisting 67066 indicator records for ATOMUSDT on 1d (bars 19..1998, skipped 19 warmup bars)
Processing feature batch for ALGOUSDT on 1d, bars=1999, cols=34, realtime: false
  Persisting 67066 indicator records for ALGOUSDT on 1d (bars 19..1998, skipped 19 warmup bars)
Processing feature batch for DOGEUSDT on 1d, bars=1999, cols=34, realtime: false
  Persisting 67066 indicator records for DOGEUSDT on 1d (bars 19..1998, skipped 19 warmup bars)
Processing feature batch for KAVAUSDT on 1d, bars=1999, cols=34, realtime: false
  Persisting 67066 indicator records for KAVAUSDT on 1d (bars 19..1998, skipped 19 warmup bars)
Processing feature batch for DOTUSDT on 1d, bars=1999, cols=34, realtime: false
  Persisting 67066 indicator records for DOTUSDT on 1d (bars 19..1998, skipped 19 warmup bars)
Processing feature batch for CRVUSDT on 1d, bars=1999, cols=34, realtime: false
  Persisting 67066 indicator records for CRVUSDT on 1d (bars 19..1998, skipped 19 warmup bars)
Processing feature batch for SOLUSDT on 1d, bars=1998, cols=34, realtime: false
  Persisting 67032 indicator records for SOLUSDT on 1d (bars 19..1997, skipped 19 warmup bars)
Processing feature batch for UNIUSDT on 1d, bars=1994, cols=34, realtime: false
  Persisting 66896 indicator records for UNIUSDT on 1d (bars 19..1993, skipped 19 warmup bars)
Processing feature batch for AVAXUSDT on 1d, bars=1989, cols=34, realtime: false
  Persisting 66726 indicator records for AVAXUSDT on 1d (bars 19..1988, skipped 19 warmup bars)
Processing feature batch for NEARUSDT on 1d, bars=1967, cols=34, realtime: false
  Persisting 65978 indicator records for NEARUSDT on 1d (bars 19..1966, skipped 19 warmup bars)
Processing feature batch for AAVEUSDT on 1d, bars=1966, cols=34, realtime: false
  Persisting 65944 indicator records for AAVEUSDT on 1d (bars 19..1965, skipped 19 warmup bars)
Processing feature batch for FILUSDT on 1d, bars=1966, cols=34, realtime: false
  Persisting 65944 indicator records for FILUSDT on 1d (bars 19..1965, skipped 19 warmup bars)
Processing feature batch for AXSUSDT on 1d, bars=1931, cols=34, realtime: false
  Persisting 64754 indicator records for AXSUSDT on 1d (bars 19..1930, skipped 19 warmup bars)
Processing feature batch for CHZUSDT on 1d, bars=1869, cols=34, realtime: false
  Persisting 62646 indicator records for CHZUSDT on 1d (bars 19..1868, skipped 19 warmup bars)
Processing feature batch for HBARUSDT on 1d, bars=1814, cols=34, realtime: false
  Persisting 60776 indicator records for HBARUSDT on 1d (bars 19..1813, skipped 19 warmup bars)
Processing feature batch for 1000SHIBUSDT on 1d, bars=1760, cols=34, realtime: false
  Persisting 58940 indicator records for 1000SHIBUSDT on 1d (bars 19..1759, skipped 19 warmup bars)
Processing feature batch for GALAUSDT on 1d, bars=1629, cols=34, realtime: false
  Persisting 54486 indicator records for GALAUSDT on 1d (bars 19..1628, skipped 19 warmup bars)
Processing feature batch for OPUSDT on 1d, bars=1373, cols=34, realtime: false
  Persisting 45782 indicator records for OPUSDT on 1d (bars 19..1372, skipped 19 warmup bars)
Processing feature batch for INJUSDT on 1d, bars=1296, cols=34, realtime: false
  Persisting 43164 indicator records for INJUSDT on 1d (bars 19..1295, skipped 19 warmup bars)
Processing feature batch for LDOUSDT on 1d, bars=1260, cols=34, realtime: false
  Persisting 41940 indicator records for LDOUSDT on 1d (bars 19..1259, skipped 19 warmup bars)
Processing feature batch for ICPUSDT on 1d, bars=1255, cols=34, realtime: false
  Persisting 41770 indicator records for ICPUSDT on 1d (bars 19..1254, skipped 19 warmup bars)
Processing feature batch for APTUSDT on 1d, bars=1233, cols=34, realtime: false
  Persisting 41022 indicator records for APTUSDT on 1d (bars 19..1232, skipped 19 warmup bars)
Processing feature batch for FETUSDT on 1d, bars=1143, cols=34, realtime: false
  Persisting 37962 indicator records for FETUSDT on 1d (bars 19..1142, skipped 19 warmup bars)
Processing feature batch for ARBUSDT on 1d, bars=1078, cols=34, realtime: false
  Persisting 35752 indicator records for ARBUSDT on 1d (bars 19..1077, skipped 19 warmup bars)
Processing feature batch for SUIUSDT on 1d, bars=1037, cols=34, realtime: false
  Persisting 34358 indicator records for SUIUSDT on 1d (bars 19..1036, skipped 19 warmup bars)
Processing feature batch for 1000PEPEUSDT on 1d, bars=1035, cols=34, realtime: false
  Persisting 34290 indicator records for 1000PEPEUSDT on 1d (bars 19..1034, skipped 19 warmup bars)
Processing feature batch for WLDUSDT on 1d, bars=955, cols=34, realtime: false
  Persisting 31570 indicator records for WLDUSDT on 1d (bars 19..954, skipped 19 warmup bars)
Processing feature batch for AGLDUSDT on 1d, bars=950, cols=34, realtime: false
  Persisting 31400 indicator records for AGLDUSDT on 1d (bars 19..949, skipped 19 warmup bars)
Processing feature batch for SEIUSDT on 1d, bars=931, cols=34, realtime: false
  Persisting 30754 indicator records for SEIUSDT on 1d (bars 19..930, skipped 19 warmup bars)
Processing feature batch for TIAUSDT on 1d, bars=856, cols=34, realtime: false
  Persisting 28204 indicator records for TIAUSDT on 1d (bars 19..855, skipped 19 warmup bars)
Processing feature batch for 1000BONKUSDT on 1d, bars=834, cols=34, realtime: false
  Persisting 27456 indicator records for 1000BONKUSDT on 1d (bars 19..833, skipped 19 warmup bars)
Processing feature batch for WIFUSDT on 1d, bars=777, cols=34, realtime: false
  Persisting 25518 indicator records for WIFUSDT on 1d (bars 19..776, skipped 19 warmup bars)
Processing feature batch for ONDOUSDT on 1d, bars=775, cols=34, realtime: false
  Persisting 25450 indicator records for ONDOUSDT on 1d (bars 19..774, skipped 19 warmup bars)
Processing feature batch for JUPUSDT on 1d, bars=764, cols=34, realtime: false
  Persisting 25076 indicator records for JUPUSDT on 1d (bars 19..763, skipped 19 warmup bars)
Processing feature batch for TONUSDT on 1d, bars=734, cols=34, realtime: false
  Persisting 24056 indicator records for TONUSDT on 1d (bars 19..733, skipped 19 warmup bars)
Processing feature batch for ENAUSDT on 1d, bars=702, cols=34, realtime: false
  Persisting 22968 indicator records for ENAUSDT on 1d (bars 19..701, skipped 19 warmup bars)
Processing feature batch for TAOUSDT on 1d, bars=693, cols=34, realtime: false
  Persisting 22662 indicator records for TAOUSDT on 1d (bars 19..692, skipped 19 warmup bars)
Processing feature batch for ZROUSDT on 1d, bars=623, cols=34, realtime: false
  Persisting 20282 indicator records for ZROUSDT on 1d (bars 19..622, skipped 19 warmup bars)
Processing feature batch for PIPPINUSDT on 1d, bars=405, cols=34, realtime: false
  Persisting 12870 indicator records for PIPPINUSDT on 1d (bars 19..404, skipped 19 warmup bars)
Processing feature batch for VVVUSDT on 1d, bars=400, cols=34, realtime: false
  Persisting 12700 indicator records for VVVUSDT on 1d (bars 19..399, skipped 19 warmup bars)
Processing feature batch for BERAUSDT on 1d, bars=392, cols=34, realtime: false
  Persisting 12428 indicator records for BERAUSDT on 1d (bars 19..391, skipped 19 warmup bars)
Processing feature batch for IPUSDT on 1d, bars=385, cols=34, realtime: false
  Persisting 12190 indicator records for IPUSDT on 1d (bars 19..384, skipped 19 warmup bars)
Processing feature batch for SIRENUSDT on 1d, bars=348, cols=34, realtime: false
  Persisting 10932 indicator records for SIRENUSDT on 1d (bars 19..347, skipped 19 warmup bars)
Processing feature batch for BANANAS31USDT on 1d, bars=348, cols=34, realtime: false
  Persisting 10932 indicator records for BANANAS31USDT on 1d (bars 19..347, skipped 19 warmup bars)
Processing feature batch for JELLYJELLYUSDT on 1d, bars=344, cols=34, realtime: false
  Persisting 10796 indicator records for JELLYJELLYUSDT on 1d (bars 19..343, skipped 19 warmup bars)
Processing feature batch for SIGNUSDT on 1d, bars=311, cols=34, realtime: false
  Persisting 9674 indicator records for SIGNUSDT on 1d (bars 19..310, skipped 19 warmup bars)
Processing feature batch for HUMAUSDT on 1d, bars=283, cols=34, realtime: false
  Persisting 8722 indicator records for HUMAUSDT on 1d (bars 19..282, skipped 19 warmup bars)
Processing feature batch for HYPEUSDT on 1d, bars=279, cols=34, realtime: false
  Persisting 8586 indicator records for HYPEUSDT on 1d (bars 19..278, skipped 19 warmup bars)
Processing feature batch for RESOLVUSDT on 1d, bars=268, cols=34, realtime: false
  Persisting 8212 indicator records for RESOLVUSDT on 1d (bars 19..267, skipped 19 warmup bars)
Processing feature batch for MYXUSDT on 1d, bars=260, cols=34, realtime: false
  Persisting 7940 indicator records for MYXUSDT on 1d (bars 19..259, skipped 19 warmup bars)
Processing feature batch for HUSDT on 1d, bars=253, cols=34, realtime: false
  Persisting 7702 indicator records for HUSDT on 1d (bars 19..252, skipped 19 warmup bars)
Processing feature batch for SAHARAUSDT on 1d, bars=252, cols=34, realtime: false
  Persisting 7668 indicator records for SAHARAUSDT on 1d (bars 19..251, skipped 19 warmup bars)
Processing feature batch for PUMPUSDT on 1d, bars=238, cols=34, realtime: false
  Persisting 7192 indicator records for PUMPUSDT on 1d (bars 19..237, skipped 19 warmup bars)
Processing feature batch for ASTERUSDT on 1d, bars=167, cols=34, realtime: false
  Persisting 4810 indicator records for ASTERUSDT on 1d (bars 19..166, skipped 19 warmup bars)
Processing feature batch for LYNUSDT on 1d, bars=150, cols=34, realtime: false
  Persisting 4249 indicator records for LYNUSDT on 1d (bars 19..149, skipped 19 warmup bars)
Processing feature batch for ENSOUSDT on 1d, bars=142, cols=34, realtime: false
  Persisting 3985 indicator records for ENSOUSDT on 1d (bars 19..141, skipped 19 warmup bars)
Processing feature batch for RIVERUSDT on 1d, bars=139, cols=34, realtime: false
  Persisting 3886 indicator records for RIVERUSDT on 1d (bars 19..138, skipped 19 warmup bars)
Processing feature batch for KITEUSDT on 1d, bars=127, cols=34, realtime: false
  Persisting 3490 indicator records for KITEUSDT on 1d (bars 19..126, skipped 19 warmup bars)
Processing feature batch for STABLEUSDT on 1d, bars=119, cols=34, realtime: false
  Persisting 3226 indicator records for STABLEUSDT on 1d (bars 19..118, skipped 19 warmup bars)
Processing feature batch for POWERUSDT on 1d, bars=89, cols=34, realtime: false
  Persisting 2236 indicator records for POWERUSDT on 1d (bars 19..88, skipped 19 warmup bars)
Processing feature batch for LITUSDT on 1d, bars=72, cols=34, realtime: false
  Persisting 1675 indicator records for LITUSDT on 1d (bars 19..71, skipped 19 warmup bars)
Processing feature batch for SKRUSDT on 1d, bars=42, cols=34, realtime: false
  Persisting 692 indicator records for SKRUSDT on 1d (bars 19..41, skipped 19 warmup bars)
Processing feature batch for XPLUSDT on 1d, bars=195, cols=34, realtime: false
  Persisting 5734 indicator records for XPLUSDT on 1d (bars 19..194, skipped 19 warmup bars)
Processing feature batch for WLFIUSDT on 1d, bars=194, cols=34, realtime: false
  Persisting 5701 indicator records for WLFIUSDT on 1d (bars 19..193, skipped 19 warmup bars)
Processing feature batch for 0GUSDT on 1d, bars=169, cols=34, realtime: false
  Persisting 4876 indicator records for 0GUSDT on 1d (bars 19..168, skipped 19 warmup bars)
Processing feature batch for BARDUSDT on 1d, bars=168, cols=34, realtime: false
  Persisting 4843 indicator records for BARDUSDT on 1d (bars 19..167, skipped 19 warmup bars)
Processing feature batch for TRIAUSDT on 1d, bars=27, cols=34, realtime: false
  Persisting 225 indicator records for TRIAUSDT on 1d (bars 19..26, skipped 19 warmup bars)
[2m2026-03-08T16:57:58.256541Z[0m [33m WARN[0m [2msqlx::query[0m[2m:[0m slow statement: execution time exceeded alert threshold [3msummary[0m[2m=[0m"INSERT INTO market.indicators_wide (time, …" [3mdb.statement[0m[2m=[0m"\n\n\n    INSERT INTO market.indicators_wide\n    (time, time_ms, symbol_id, symbol, tf_minutes,\n     rsi, cci, stoch_k, stoch_d, williams,\n     macd, macd_signal, macd_hist, adx, sma, ema_20, ema_50, ema_200,\n     bb_upper, bb_mid, bb_lower, atr,\n     obv, vwap, volume_spike,\n     alligator_jaw, alligator_teeth, alligator_lips,\n     trend, trend_short, poc,\n     mfi, fibo_pivot, fibo_r1, fibo_s1, supertrend, supertrend_dir, cmf,\n     sr_levels, candle_is_final, calc_source, event_time_ms, created_at, updated_at)\n    SELECT * FROM UNNEST(\n        $1::timestamptz[], $2::bigint[], $3::bigint[], $4::text[], $5::smallint[],\n        $6::real[], $7::real[], $8::real[], $9::real[], $10::real[],\n        $11::real[], $12::real[], $13::real[], $14::real[], $15::real[], $16::real[], $17::real[], $18::real[],\n        $19::real[], $20::real[], $21::real[], $22::real[],\n        $23::double precision[], $24::double precision[], $25::real[],\n        $26::real[], $27::real[], $28::real[],\n        $29::smallint[], $30::smallint[], $31::real[],\n        $32::real[], $33::real[], $34::real[], $35::real[], $36::real[], $37::smallint[], $38::real[],\n        $39::jsonb[], $40::boolean[], $41::smallint[], $42::bigint[], $43::timestamptz[], $44::timestamptz[]\n    )\n    ON CONFLICT (symbol_id, tf_minutes, time) DO NOTHING\n    \n" [3mrows_affected[0m[2m=[0m20000 [3mrows_returned[0m[2m=[0m0 [3melapsed[0m[2m=[0m2.078843391s [3melapsed_secs[0m[2m=[0m2.078843391 [3mslow_threshold[0m[2m=[0m1s
[2m2026-03-08T16:58:08.902251Z[0m [33m WARN[0m [2msqlx::query[0m[2m:[0m slow statement: execution time exceeded alert threshold [3msummary[0m[2m=[0m"INSERT INTO market.indicators_wide (time, …" [3mdb.statement[0m[2m=[0m"\n\n\n    INSERT INTO market.indicators_wide\n    (time, time_ms, symbol_id, symbol, tf_minutes,\n     rsi, cci, stoch_k, stoch_d, williams,\n     macd, macd_signal, macd_hist, adx, sma, ema_20, ema_50, ema_200,\n     bb_upper, bb_mid, bb_lower, atr,\n     obv, vwap, volume_spike,\n     alligator_jaw, alligator_teeth, alligator_lips,\n     trend, trend_short, poc,\n     mfi, fibo_pivot, fibo_r1, fibo_s1, supertrend, supertrend_dir, cmf,\n     sr_levels, candle_is_final, calc_source, event_time_ms, created_at, updated_at)\n    SELECT * FROM UNNEST(\n        $1::timestamptz[], $2::bigint[], $3::bigint[], $4::text[], $5::smallint[],\n        $6::real[], $7::real[], $8::real[], $9::real[], $10::real[],\n        $11::real[], $12::real[], $13::real[], $14::real[], $15::real[], $16::real[], $17::real[], $18::real[],\n        $19::real[], $20::real[], $21::real[], $22::real[],\n        $23::double precision[], $24::double precision[], $25::real[],\n        $26::real[], $27::real[], $28::real[],\n        $29::smallint[], $30::smallint[], $31::real[],\n        $32::real[], $33::real[], $34::real[], $35::real[], $36::real[], $37::smallint[], $38::real[],\n        $39::jsonb[], $40::boolean[], $41::smallint[], $42::bigint[], $43::timestamptz[], $44::timestamptz[]\n    )\n    ON CONFLICT (symbol_id, tf_minutes, time) DO NOTHING\n    \n" [3mrows_affected[0m[2m=[0m20000 [3mrows_returned[0m[2m=[0m0 [3melapsed[0m[2m=[0m1.226979579s [3melapsed_secs[0m[2m=[0m1.226979579 [3mslow_threshold[0m[2m=[0m1s
[2m2026-03-08T16:58:23.154288Z[0m [33m WARN[0m [2msqlx::query[0m[2m:[0m slow statement: execution time exceeded alert threshold [3msummary[0m[2m=[0m"INSERT INTO market.indicators_wide (time, …" [3mdb.statement[0m[2m=[0m"\n\n\n    INSERT INTO market.indicators_wide\n    (time, time_ms, symbol_id, symbol, tf_minutes,\n     rsi, cci, stoch_k, stoch_d, williams,\n     macd, macd_signal, macd_hist, adx, sma, ema_20, ema_50, ema_200,\n     bb_upper, bb_mid, bb_lower, atr,\n     obv, vwap, volume_spike,\n     alligator_jaw, alligator_teeth, alligator_lips,\n     trend, trend_short, poc,\n     mfi, fibo_pivot, fibo_r1, fibo_s1, supertrend, supertrend_dir, cmf,\n     sr_levels, candle_is_final, calc_source, event_time_ms, created_at, updated_at)\n    SELECT * FROM UNNEST(\n        $1::timestamptz[], $2::bigint[], $3::bigint[], $4::text[], $5::smallint[],\n        $6::real[], $7::real[], $8::real[], $9::real[], $10::real[],\n        $11::real[], $12::real[], $13::real[], $14::real[], $15::real[], $16::real[], $17::real[], $18::real[],\n        $19::real[], $20::real[], $21::real[], $22::real[],\n        $23::double precision[], $24::double precision[], $25::real[],\n        $26::real[], $27::real[], $28::real[],\n        $29::smallint[], $30::smallint[], $31::real[],\n        $32::real[], $33::real[], $34::real[], $35::real[], $36::real[], $37::smallint[], $38::real[],\n        $39::jsonb[], $40::boolean[], $41::smallint[], $42::bigint[], $43::timestamptz[], $44::timestamptz[]\n    )\n    ON CONFLICT (symbol_id, tf_minutes, time) DO NOTHING\n    \n" [3mrows_affected[0m[2m=[0m20000 [3mrows_returned[0m[2m=[0m0 [3melapsed[0m[2m=[0m4.437654634s [3melapsed_secs[0m[2m=[0m4.437654634 [3mslow_threshold[0m[2m=[0m1s
[2m2026-03-08T16:58:24.292649Z[0m [33m WARN[0m [2msqlx::query[0m[2m:[0m slow statement: execution time exceeded alert threshold [3msummary[0m[2m=[0m"INSERT INTO market.indicators_wide (time, …" [3mdb.statement[0m[2m=[0m"\n\n\n    INSERT INTO market.indicators_wide\n    (time, time_ms, symbol_id, symbol, tf_minutes,\n     rsi, cci, stoch_k, stoch_d, williams,\n     macd, macd_signal, macd_hist, adx, sma, ema_20, ema_50, ema_200,\n     bb_upper, bb_mid, bb_lower, atr,\n     obv, vwap, volume_spike,\n     alligator_jaw, alligator_teeth, alligator_lips,\n     trend, trend_short, poc,\n     mfi, fibo_pivot, fibo_r1, fibo_s1, supertrend, supertrend_dir, cmf,\n     sr_levels, candle_is_final, calc_source, event_time_ms, created_at, updated_at)\n    SELECT * FROM UNNEST(\n        $1::timestamptz[], $2::bigint[], $3::bigint[], $4::text[], $5::smallint[],\n        $6::real[], $7::real[], $8::real[], $9::real[], $10::real[],\n        $11::real[], $12::real[], $13::real[], $14::real[], $15::real[], $16::real[], $17::real[], $18::real[],\n        $19::real[], $20::real[], $21::real[], $22::real[],\n        $23::double precision[], $24::double precision[], $25::real[],\n        $26::real[], $27::real[], $28::real[],\n        $29::smallint[], $30::smallint[], $31::real[],\n        $32::real[], $33::real[], $34::real[], $35::real[], $36::real[], $37::smallint[], $38::real[],\n        $39::jsonb[], $40::boolean[], $41::smallint[], $42::bigint[], $43::timestamptz[], $44::timestamptz[]\n    )\n    ON CONFLICT (symbol_id, tf_minutes, time) DO NOTHING\n    \n" [3mrows_affected[0m[2m=[0m20000 [3mrows_returned[0m[2m=[0m0 [3melapsed[0m[2m=[0m1.0447248s [3melapsed_secs[0m[2m=[0m1.0447248 [3mslow_threshold[0m[2m=[0m1s
[2m2026-03-08T16:58:25.398905Z[0m [33m WARN[0m [2msqlx::query[0m[2m:[0m slow statement: execution time exceeded alert threshold [3msummary[0m[2m=[0m"INSERT INTO market.indicators_wide (time, …" [3mdb.statement[0m[2m=[0m"\n\n\n    INSERT INTO market.indicators_wide\n    (time, time_ms, symbol_id, symbol, tf_minutes,\n     rsi, cci, stoch_k, stoch_d, williams,\n     macd, macd_signal, macd_hist, adx, sma, ema_20, ema_50, ema_200,\n     bb_upper, bb_mid, bb_lower, atr,\n     obv, vwap, volume_spike,\n     alligator_jaw, alligator_teeth, alligator_lips,\n     trend, trend_short, poc,\n     mfi, fibo_pivot, fibo_r1, fibo_s1, supertrend, supertrend_dir, cmf,\n     sr_levels, candle_is_final, calc_source, event_time_ms, created_at, updated_at)\n    SELECT * FROM UNNEST(\n        $1::timestamptz[], $2::bigint[], $3::bigint[], $4::text[], $5::smallint[],\n        $6::real[], $7::real[], $8::real[], $9::real[], $10::real[],\n        $11::real[], $12::real[], $13::real[], $14::real[], $15::real[], $16::real[], $17::real[], $18::real[],\n        $19::real[], $20::real[], $21::real[], $22::real[],\n        $23::double precision[], $24::double precision[], $25::real[],\n        $26::real[], $27::real[], $28::real[],\n        $29::smallint[], $30::smallint[], $31::real[],\n        $32::real[], $33::real[], $34::real[], $35::real[], $36::real[], $37::smallint[], $38::real[],\n        $39::jsonb[], $40::boolean[], $41::smallint[], $42::bigint[], $43::timestamptz[], $44::timestamptz[]\n    )\n    ON CONFLICT (symbol_id, tf_minutes, time) DO NOTHING\n    \n" [3mrows_affected[0m[2m=[0m20000 [3mrows_returned[0m[2m=[0m0 [3melapsed[0m[2m=[0m1.020886211s [3melapsed_secs[0m[2m=[0m1.020886211 [3mslow_threshold[0m[2m=[0m1s
[2m2026-03-08T16:59:33.965759Z[0m [32m INFO[0m [2mcompute_history[0m[2m:[0m Gap detected: BTCUSDT 15m gap_candles=134 total_fetch=334
Processing feature batch for BTCUSDT on 15m, bars=5315, cols=34, realtime: false
  Persisting 179810 indicator records for BTCUSDT on 15m (bars 19..5314, skipped 19 warmup bars)
[2m2026-03-08T16:59:34.343094Z[0m [32m INFO[0m [2mcompute_history[0m[2m:[0m Gap detected: XRPUSDT 15m gap_candles=134 total_fetch=334
Processing feature batch for XRPUSDT on 15m, bars=5315, cols=34, realtime: false
  Persisting 179810 indicator records for XRPUSDT on 15m (bars 19..5314, skipped 19 warmup bars)
[2m2026-03-08T16:59:34.508607Z[0m [32m INFO[0m [2mcompute_history[0m[2m:[0m Gap detected: LTCUSDT 15m gap_candles=134 total_fetch=334
Processing feature batch for LTCUSDT on 15m, bars=5315, cols=34, realtime: false
  Persisting 179810 indicator records for LTCUSDT on 15m (bars 19..5314, skipped 19 warmup bars)
[2m2026-03-08T16:59:34.591353Z[0m [32m INFO[0m [2mcompute_history[0m[2m:[0m Gap detected: TRXUSDT 15m gap_candles=134 total_fetch=334
Processing feature batch for TRXUSDT on 15m, bars=5315, cols=34, realtime: false
  Persisting 179810 indicator records for TRXUSDT on 15m (bars 19..5314, skipped 19 warmup bars)
[2m2026-03-08T16:59:34.746135Z[0m [32m INFO[0m [2mcompute_history[0m[2m:[0m Gap detected: ETCUSDT 15m gap_candles=134 total_fetch=334
Processing feature batch for ETCUSDT on 15m, bars=5315, cols=34, realtime: false
  Persisting 179810 indicator records for ETCUSDT on 15m (bars 19..5314, skipped 19 warmup bars)
[2m2026-03-08T16:59:34.905041Z[0m [32m INFO[0m [2mcompute_history[0m[2m:[0m Gap detected: LINKUSDT 15m gap_candles=134 total_fetch=334
Processing feature batch for LINKUSDT on 15m, bars=5315, cols=34, realtime: false
  Persisting 179810 indicator records for LINKUSDT on 15m (bars 19..5314, skipped 19 warmup bars)
[2m2026-03-08T16:59:35.211542Z[0m [32m INFO[0m [2mcompute_history[0m[2m:[0m Gap detected: XLMUSDT 15m gap_candles=134 total_fetch=334
Processing feature batch for XLMUSDT on 15m, bars=5315, cols=34, realtime: false
  Persisting 179810 indicator records for XLMUSDT on 15m (bars 19..5314, skipped 19 warmup bars)
[2m2026-03-08T16:59:35.533632Z[0m [32m INFO[0m [2mcompute_history[0m[2m:[0m Gap detected: ADAUSDT 15m gap_candles=134 total_fetch=334
Processing feature batch for ADAUSDT on 15m, bars=5315, cols=34, realtime: false
  Persisting 179810 indicator records for ADAUSDT on 15m (bars 19..5314, skipped 19 warmup bars)
[2m2026-03-08T16:59:35.680890Z[0m [32m INFO[0m [2mcompute_history[0m[2m:[0m Gap detected: RENDERUSDT 15m gap_candles=134 total_fetch=334
Processing feature batch for RENDERUSDT on 15m, bars=5315, cols=34, realtime: false
  Persisting 179810 indicator records for RENDERUSDT on 15m (bars 19..5314, skipped 19 warmup bars)
[2m2026-03-08T16:59:35.834323Z[0m [32m INFO[0m [2mcompute_history[0m[2m:[0m Gap detected: POLUSDT 15m gap_candles=134 total_fetch=334
Processing feature batch for POLUSDT on 15m, bars=5315, cols=34, realtime: false
  Persisting 179810 indicator records for POLUSDT on 15m (bars 19..5314, skipped 19 warmup bars)
[2m2026-03-08T16:59:35.918574Z[0m [32m INFO[0m [2mcompute_history[0m[2m:[0m Gap detected: VIRTUALUSDT 15m gap_candles=134 total_fetch=334
Processing feature batch for VIRTUALUSDT on 15m, bars=5315, cols=34, realtime: false
  Persisting 179810 indicator records for VIRTUALUSDT on 15m (bars 19..5314, skipped 19 warmup bars)
[2m2026-03-08T16:59:36.091790Z[0m [32m INFO[0m [2mcompute_history[0m[2m:[0m Gap detected: PENGUUSDT 15m gap_candles=134 total_fetch=334
Processing feature batch for PENGUUSDT on 15m, bars=5315, cols=34, realtime: false
  Persisting 179810 indicator records for PENGUUSDT on 15m (bars 19..5314, skipped 19 warmup bars)
[2m2026-03-08T16:59:36.242673Z[0m [32m INFO[0m [2mcompute_history[0m[2m:[0m Gap detected: FARTCOINUSDT 15m gap_candles=134 total_fetch=334
Processing feature batch for FARTCOINUSDT on 15m, bars=5315, cols=34, realtime: false
  Persisting 179810 indicator records for FARTCOINUSDT on 15m (bars 19..5314, skipped 19 warmup bars)
[2m2026-03-08T16:59:36.395704Z[0m [32m INFO[0m [2mcompute_history[0m[2m:[0m Gap detected: PHAUSDT 15m gap_candles=134 total_fetch=334
Processing feature batch for PHAUSDT on 15m, bars=5315, cols=34, realtime: false
  Persisting 179810 indicator records for PHAUSDT on 15m (bars 19..5314, skipped 19 warmup bars)
[2m2026-03-08T16:59:36.544502Z[0m [32m INFO[0m [2mcompute_history[0m[2m:[0m Gap detected: BIOUSDT 15m gap_candles=134 total_fetch=334
Processing feature batch for BIOUSDT on 15m, bars=5315, cols=34, realtime: false
  Persisting 179810 indicator records for BIOUSDT on 15m (bars 19..5314, skipped 19 warmup bars)
[2m2026-03-08T16:59:36.628686Z[0m [32m INFO[0m [2mcompute_history[0m[2m:[0m Gap detected: ARCUSDT 15m gap_candles=134 total_fetch=334
Processing feature batch for ARCUSDT on 15m, bars=5315, cols=34, realtime: false
  Persisting 179810 indicator records for ARCUSDT on 15m (bars 19..5314, skipped 19 warmup bars)
[2m2026-03-08T16:59:36.782973Z[0m [32m INFO[0m [2mcompute_history[0m[2m:[0m Gap detected: TRUMPUSDT 15m gap_candles=134 total_fetch=334
Processing feature batch for TRUMPUSDT on 15m, bars=5315, cols=34, realtime: false
  Persisting 179810 indicator records for TRUMPUSDT on 15m (bars 19..5314, skipped 19 warmup bars)
[2m2026-03-08T16:59:36.938601Z[0m [32m INFO[0m [2mcompute_history[0m[2m:[0m Gap detected: ETHUSDT 15m gap_candles=134 total_fetch=334
Processing feature batch for ETHUSDT on 15m, bars=5315, cols=34, realtime: false
  Persisting 179810 indicator records for ETHUSDT on 15m (bars 19..5314, skipped 19 warmup bars)
[2m2026-03-08T16:59:37.085663Z[0m [32m INFO[0m [2mcompute_history[0m[2m:[0m Gap detected: BCHUSDT 15m gap_candles=134 total_fetch=334
Processing feature batch for BCHUSDT on 15m, bars=5315, cols=34, realtime: false
  Persisting 179810 indicator records for BCHUSDT on 15m (bars 19..5314, skipped 19 warmup bars)
[2m2026-03-08T16:59:37.162807Z[0m [32m INFO[0m [2mcompute_history[0m[2m:[0m Gap detected: XMRUSDT 15m gap_candles=134 total_fetch=334
Processing feature batch for XMRUSDT on 15m, bars=5315, cols=34, realtime: false
  Persisting 179810 indicator records for XMRUSDT on 15m (bars 19..5314, skipped 19 warmup bars)
[2m2026-03-08T16:59:37.303515Z[0m [32m INFO[0m [2mcompute_history[0m[2m:[0m Gap detected: DASHUSDT 15m gap_candles=134 total_fetch=334
Processing feature batch for DASHUSDT on 15m, bars=5315, cols=34, realtime: false
  Persisting 179810 indicator records for DASHUSDT on 15m (bars 19..5314, skipped 19 warmup bars)
[2m2026-03-08T16:59:37.382628Z[0m [32m INFO[0m [2mcompute_history[0m[2m:[0m Gap detected: ZECUSDT 15m gap_candles=134 total_fetch=334
Processing feature batch for ZECUSDT on 15m, bars=5315, cols=34, realtime: false
  Persisting 179810 indicator records for ZECUSDT on 15m (bars 19..5314, skipped 19 warmup bars)
[2m2026-03-08T16:59:37.525380Z[0m [32m INFO[0m [2mcompute_history[0m[2m:[0m Gap detected: BNBUSDT 15m gap_candles=134 total_fetch=334
Processing feature batch for BNBUSDT on 15m, bars=5315, cols=34, realtime: false
  Persisting 179810 indicator records for BNBUSDT on 15m (bars 19..5314, skipped 19 warmup bars)
[2m2026-03-08T16:59:37.668677Z[0m [32m INFO[0m [2mcompute_history[0m[2m:[0m Gap detected: ATOMUSDT 15m gap_candles=134 total_fetch=334
Processing feature batch for ATOMUSDT on 15m, bars=5315, cols=34, realtime: false
  Persisting 179810 indicator records for ATOMUSDT on 15m (bars 19..5314, skipped 19 warmup bars)
[2m2026-03-08T16:59:37.746611Z[0m [32m INFO[0m [2mcompute_history[0m[2m:[0m Gap detected: ALGOUSDT 15m gap_candles=134 total_fetch=334
Processing feature batch for ALGOUSDT on 15m, bars=5315, cols=34, realtime: false
  Persisting 179810 indicator records for ALGOUSDT on 15m (bars 19..5314, skipped 19 warmup bars)
[2m2026-03-08T16:59:37.885669Z[0m [32m INFO[0m [2mcompute_history[0m[2m:[0m Gap detected: DOGEUSDT 15m gap_candles=134 total_fetch=334
Processing feature batch for DOGEUSDT on 15m, bars=5315, cols=34, realtime: false
  Persisting 179810 indicator records for DOGEUSDT on 15m (bars 19..5314, skipped 19 warmup bars)
[2m2026-03-08T16:59:38.023465Z[0m [32m INFO[0m [2mcompute_history[0m[2m:[0m Gap detected: KAVAUSDT 15m gap_candles=134 total_fetch=334
Processing feature batch for KAVAUSDT on 15m, bars=5315, cols=34, realtime: false
[2m2026-03-08T16:59:38.044352Z[0m [33m WARN[0m [2msqlx::query[0m[2m:[0m slow statement: execution time exceeded alert threshold [3msummary[0m[2m=[0m"INSERT INTO trade.super_entry_signals (time, …" [3mdb.statement[0m[2m=[0m"\n\n\n            INSERT INTO trade.super_entry_signals\n            (time, time_ms, symbol, symbol_id, tf_minutes, side,\n             entry_price, sl_price, tp_price,\n             p_super, p_long, combined_score, dir_confidence,\n             strategy, reason)\n            SELECT * FROM UNNEST(\n                $1::timestamptz[], $2::bigint[], $3::text[], $4::bigint[],\n                $5::smallint[], $6::smallint[],\n                $7::float8[], $8::float8[], $9::float8[],\n                $10::real[], $11::real[], $12::real[], $13::real[],\n                $14::text[], $15::jsonb[]\n            )\n            ON CONFLICT (symbol_id, tf_minutes, time) DO UPDATE SET\n                side = EXCLUDED.side,\n                entry_price = EXCLUDED.entry_price,\n                sl_price = EXCLUDED.sl_price,\n                tp_price = EXCLUDED.tp_price,\n                p_super = EXCLUDED.p_super,\n                p_long = EXCLUDED.p_long,\n                combined_score = EXCLUDED.combined_score,\n                dir_confidence = EXCLUDED.dir_confidence,\n                reason = EXCLUDED.reason\n            \n" [3mrows_affected[0m[2m=[0m0 [3mrows_returned[0m[2m=[0m0 [3melapsed[0m[2m=[0m1.001129064s [3melapsed_secs[0m[2m=[0m1.001129064 [3mslow_threshold[0m[2m=[0m1s
[2m2026-03-08T16:59:38.044401Z[0m [33m WARN[0m [2mml_entry_strategy::db_writer[0m[2m:[0m Failed to insert super_entry_signals batch: error returned from database: deadlock detected
[2m2026-03-08T16:59:38.044503Z[0m [31mERROR[0m [2msuper_entry_stage[0m[2m:[0m Failed to persist 47 signals for ARCUSDT 15m: error returned from database: deadlock detected
  Persisting 179810 indicator records for KAVAUSDT on 15m (bars 19..5314, skipped 19 warmup bars)
[2m2026-03-08T16:59:38.161498Z[0m [32m INFO[0m [2mcompute_history[0m[2m:[0m Gap detected: DOTUSDT 15m gap_candles=134 total_fetch=334
Processing feature batch for DOTUSDT on 15m, bars=5315, cols=34, realtime: false
  Persisting 179810 indicator records for DOTUSDT on 15m (bars 19..5314, skipped 19 warmup bars)
[2m2026-03-08T16:59:38.309683Z[0m [32m INFO[0m [2mcompute_history[0m[2m:[0m Gap detected: CRVUSDT 15m gap_candles=134 total_fetch=334
Processing feature batch for CRVUSDT on 15m, bars=5315, cols=34, realtime: false
  Persisting 179810 indicator records for CRVUSDT on 15m (bars 19..5314, skipped 19 warmup bars)
[2m2026-03-08T16:59:38.456313Z[0m [32m INFO[0m [2mcompute_history[0m[2m:[0m Gap detected: SOLUSDT 15m gap_candles=134 total_fetch=334
Processing feature batch for SOLUSDT on 15m, bars=5315, cols=34, realtime: false
  Persisting 179810 indicator records for SOLUSDT on 15m (bars 19..5314, skipped 19 warmup bars)
[2m2026-03-08T16:59:38.530062Z[0m [32m INFO[0m [2mcompute_history[0m[2m:[0m Gap detected: UNIUSDT 15m gap_candles=134 total_fetch=334
Processing feature batch for UNIUSDT on 15m, bars=5315, cols=34, realtime: false
  Persisting 179810 indicator records for UNIUSDT on 15m (bars 19..5314, skipped 19 warmup bars)
[2m2026-03-08T16:59:38.668595Z[0m [32m INFO[0m [2mcompute_history[0m[2m:[0m Gap detected: AVAXUSDT 15m gap_candles=134 total_fetch=334
Processing feature batch for AVAXUSDT on 15m, bars=5315, cols=34, realtime: false
  Persisting 179810 indicator records for AVAXUSDT on 15m (bars 19..5314, skipped 19 warmup bars)
[2m2026-03-08T16:59:38.813596Z[0m [32m INFO[0m [2mcompute_history[0m[2m:[0m Gap detected: NEARUSDT 15m gap_candles=134 total_fetch=334
Processing feature batch for NEARUSDT on 15m, bars=5315, cols=34, realtime: false
  Persisting 179810 indicator records for NEARUSDT on 15m (bars 19..5314, skipped 19 warmup bars)
[2m2026-03-08T16:59:38.885236Z[0m [32m INFO[0m [2mcompute_history[0m[2m:[0m Gap detected: AAVEUSDT 15m gap_candles=134 total_fetch=334
Processing feature batch for AAVEUSDT on 15m, bars=5315, cols=34, realtime: false
  Persisting 179810 indicator records for AAVEUSDT on 15m (bars 19..5314, skipped 19 warmup bars)
[2m2026-03-08T16:59:39.028770Z[0m [32m INFO[0m [2mcompute_history[0m[2m:[0m Gap detected: FILUSDT 15m gap_candles=134 total_fetch=334
[2m2026-03-08T16:59:39.047508Z[0m [33m WARN[0m [2msqlx::query[0m[2m:[0m slow statement: execution time exceeded alert threshold [3msummary[0m[2m=[0m"INSERT INTO trade.super_entry_signals (time, …" [3mdb.statement[0m[2m=[0m"\n\n\n            INSERT INTO trade.super_entry_signals\n            (time, time_ms, symbol, symbol_id, tf_minutes, side,\n             entry_price, sl_price, tp_price,\n             p_super, p_long, combined_score, dir_confidence,\n             strategy, reason)\n            SELECT * FROM UNNEST(\n                $1::timestamptz[], $2::bigint[], $3::text[], $4::bigint[],\n                $5::smallint[], $6::smallint[],\n                $7::float8[], $8::float8[], $9::float8[],\n                $10::real[], $11::real[], $12::real[], $13::real[],\n                $14::text[], $15::jsonb[]\n            )\n            ON CONFLICT (symbol_id, tf_minutes, time) DO UPDATE SET\n                side = EXCLUDED.side,\n                entry_price = EXCLUDED.entry_price,\n                sl_price = EXCLUDED.sl_price,\n                tp_price = EXCLUDED.tp_price,\n                p_super = EXCLUDED.p_super,\n                p_long = EXCLUDED.p_long,\n                combined_score = EXCLUDED.combined_score,\n                dir_confidence = EXCLUDED.dir_confidence,\n                reason = EXCLUDED.reason\n            \n" [3mrows_affected[0m[2m=[0m0 [3mrows_returned[0m[2m=[0m0 [3melapsed[0m[2m=[0m1.001135403s [3melapsed_secs[0m[2m=[0m1.001135403 [3mslow_threshold[0m[2m=[0m1s
[2m2026-03-08T16:59:39.047556Z[0m [33m WARN[0m [2mml_entry_strategy::db_writer[0m[2m:[0m Failed to insert super_entry_signals batch: error returned from database: deadlock detected
[2m2026-03-08T16:59:39.047630Z[0m [31mERROR[0m [2msuper_entry_stage[0m[2m:[0m Failed to persist 47 signals for ARCUSDT 15m: error returned from database: deadlock detected
Processing feature batch for FILUSDT on 15m, bars=5315, cols=34, realtime: false
  Persisting 179810 indicator records for FILUSDT on 15m (bars 19..5314, skipped 19 warmup bars)
[2m2026-03-08T16:59:39.178503Z[0m [32m INFO[0m [2mcompute_history[0m[2m:[0m Gap detected: AXSUSDT 15m gap_candles=134 total_fetch=334
Processing feature batch for AXSUSDT on 15m, bars=5315, cols=34, realtime: false
  Persisting 179810 indicator records for AXSUSDT on 15m (bars 19..5314, skipped 19 warmup bars)
[2m2026-03-08T16:59:39.317142Z[0m [32m INFO[0m [2mcompute_history[0m[2m:[0m Gap detected: CHZUSDT 15m gap_candles=134 total_fetch=334
Processing feature batch for CHZUSDT on 15m, bars=5315, cols=34, realtime: false
  Persisting 179810 indicator records for CHZUSDT on 15m (bars 19..5314, skipped 19 warmup bars)
[2m2026-03-08T16:59:39.464230Z[0m [32m INFO[0m [2mcompute_history[0m[2m:[0m Gap detected: HBARUSDT 15m gap_candles=134 total_fetch=334
Processing feature batch for HBARUSDT on 15m, bars=5315, cols=34, realtime: false
  Persisting 179810 indicator records for HBARUSDT on 15m (bars 19..5314, skipped 19 warmup bars)
[2m2026-03-08T16:59:39.693886Z[0m [32m INFO[0m [2mcompute_history[0m[2m:[0m Gap detected: 1000SHIBUSDT 15m gap_candles=134 total_fetch=334
Processing feature batch for 1000SHIBUSDT on 15m, bars=5315, cols=34, realtime: false
  Persisting 179810 indicator records for 1000SHIBUSDT on 15m (bars 19..5314, skipped 19 warmup bars)
