[2m2026-02-28T12:13:26.808992Z[0m [32m INFO[0m [2mcompute_realtime[0m[2m:[0m compute_realtime: ACTIVE_STRATEGY = super_entry
[2m2026-02-28T12:13:26.809027Z[0m [32m INFO[0m [2mcompute_realtime[0m[2m:[0m compute_realtime: Skipping predictors pipeline (strategy: super_entry)
[2m2026-02-28T12:13:26.835732Z[0m [33m WARN[0m [2msqlx::postgres::notice[0m[2m:[0m there is already a transaction in progress
[2m2026-02-28T12:13:26.836981Z[0m [33m WARN[0m [2msqlx::postgres::notice[0m[2m:[0m there is no transaction in progress
[2m2026-02-28T12:13:28.080552Z[0m [33m WARN[0m [2msqlx::query[0m[2m:[0m slow statement: execution time exceeded alert threshold [3msummary[0m[2m=[0m"-- database/ddl/030_market_indicators.sql CREATE SCHEMA …" [3mdb.statement[0m[2m=[0m"\n\n-- database/ddl/030_market_indicators.sql\nCREATE SCHEMA IF NOT EXISTS market;\nCREATE EXTENSION IF NOT EXISTS timescaledb;\n\nDROP TABLE IF EXISTS market.indicators_wide CASCADE;\n\nCREATE TABLE IF NOT EXISTS market.indicators_wide (\n    time            TIMESTAMPTZ NOT NULL,\n    time_ms         BIGINT      NOT NULL,\n    symbol_id       BIGINT      NOT NULL,\n    symbol          TEXT        NOT NULL,\n    tf_minutes      SMALLINT    NOT NULL,\n\n    -- Momentum\n    rsi             REAL,\n    cci             REAL,\n    stoch_k         REAL,\n    stoch_d         REAL,\n    williams        REAL,\n    \n    -- Trend\n    macd            REAL,\n    macd_signal     REAL,\n    macd_hist       REAL,\n    adx             REAL,\n    sma             REAL,\n    ema_20          REAL,\n    ema_50          REAL,\n    ema_200         REAL,\n    \n    -- Volatility\n    bb_upper        REAL,\n    bb_mid          REAL,\n    bb_lower        REAL,\n    atr             REAL,\n    \n    -- Volume\n    obv             DOUBLE PRECISION,\n    vwap            DOUBLE PRECISION,\n    volume_spike    REAL,\n    \n    -- Alligator\n    alligator_jaw   REAL,\n    alligator_teeth REAL,\n    alligator_lips  REAL,\n    \n    -- Other\n    trend           SMALLINT,\n    trend_short     SMALLINT,\n    poc             REAL,\n    \n    -- New indicators (v2)\n    mfi             REAL,        -- Money Flow Index (0-100)\n    fibo_pivot      REAL,        -- Fibonacci Pivot\n    fibo_r1         REAL,        -- Fibonacci R1\n    fibo_s1         REAL,        -- Fibonacci S1\n    supertrend      REAL,        -- SuperTrend value\n    supertrend_dir  SMALLINT,    -- SuperTrend direction (1=bullish, -1=bearish)\n    cmf             REAL,        -- Chaikin Money Flow (-1 to +1)\n    \n    -- Complex data\n    sr_levels       JSONB,\n    \n    -- Meta\n    candle_is_final BOOLEAN     NOT NULL DEFAULT TRUE,\n    calc_source     SMALLINT    NOT NULL DEFAULT 1,\n    event_time_ms   BIGINT,\n\n    created_at      TIMESTAMPTZ NOT NULL DEFAULT now(),\n    updated_at      TIMESTAMPTZ NOT NULL DEFAULT now(),\n    \n    PRIMARY KEY (symbol_id, tf_minutes, time)\n);\n\n-- Hypertable\nSELECT create_hypertable('market.indicators_wide', 'time', if_not_exists => TRUE, chunk_time_interval => INTERVAL '7 days');\n\n-- Indexes\nCREATE INDEX IF NOT EXISTS idx_indicators_wide_sym_tf_time ON market.indicators_wide (symbol_id, tf_minutes, time DESC);\nCREATE INDEX IF NOT EXISTS idx_indicators_wide_time_ms ON market.indicators_wide (time_ms DESC);\nCREATE INDEX IF NOT EXISTS idx_indicators_wide_symbol ON market.indicators_wide(symbol);\n\n-- Compression\nALTER TABLE market.indicators_wide SET (\n    timescaledb.compress, \n    timescaledb.compress_segmentby = 'symbol_id, tf_minutes',\n    timescaledb.compress_orderby = 'time DESC'\n);\nSELECT add_compression_policy('market.indicators_wide', INTERVAL '3 days');\n" [3mrows_affected[0m[2m=[0m0 [3mrows_returned[0m[2m=[0m0 [3melapsed[0m[2m=[0m1.242125892s [3melapsed_secs[0m[2m=[0m1.242125892 [3mslow_threshold[0m[2m=[0m1s
[2m2026-02-28T12:13:28.080596Z[0m [33m WARN[0m [2mdatabase_lib::init_db[0m[2m:[0m DDL file #6 error (may be safe to ignore if objects already exist): error returned from database: cache lookup failed for relation 5338428
[2m2026-02-28T12:13:31.515998Z[0m [33m WARN[0m [2msqlx::query[0m[2m:[0m slow statement: execution time exceeded alert threshold [3msummary[0m[2m=[0m"-- 045_add_symbol_column.sql -- Add …" [3mdb.statement[0m[2m=[0m"\n\n-- 045_add_symbol_column.sql\n-- Add symbol column to all relevant tables for improved readability\n\n-- Add symbol column to all candle tables\nALTER TABLE market.candles_1m ADD COLUMN IF NOT EXISTS symbol TEXT;\nALTER TABLE market.candles_5m ADD COLUMN IF NOT EXISTS symbol TEXT;\nALTER TABLE market.candles_15m ADD COLUMN IF NOT EXISTS symbol TEXT;\nALTER TABLE market.candles_1h ADD COLUMN IF NOT EXISTS symbol TEXT;\nALTER TABLE market.candles_4h ADD COLUMN IF NOT EXISTS symbol TEXT;\nALTER TABLE market.candles_1d ADD COLUMN IF NOT EXISTS symbol TEXT;\n-- Also add to the live candles table\nALTER TABLE market.candles_live ADD COLUMN IF NOT EXISTS symbol TEXT;\nALTER TABLE market.indicators_wide ADD COLUMN IF NOT EXISTS symbol TEXT;\n\n-- Add symbol column to all indicator tables\n\n\n-- Add symbol column to raw_signals table\nALTER TABLE market.raw_signals ADD COLUMN IF NOT EXISTS symbol TEXT;\n\n-- Update the sync functions to populate the symbol column automatically\nCREATE OR REPLACE FUNCTION market.sync_candle_time()\nRETURNS TRIGGER AS $$\nDECLARE\n    sym TEXT;\nBEGIN\n    -- Основное время\n    NEW.time := to_timestamp(NEW.time_ms / 1000.0);\n\n    -- Автоматически заполняем символ, если его нет\n    IF NEW.symbol IS NULL OR NEW.symbol = '' THEN\n        SELECT symbol INTO sym FROM market.pairs WHERE symbol_id = NEW.symbol_id;\n        IF FOUND THEN\n            NEW.symbol := sym;\n        END IF;\n    END IF;\n\n    RETURN NEW;\nEND;\n$$ LANGUAGE plpgsql;\n\nCREATE OR REPLACE FUNCTION market.sync_indicator_time()\nRETURNS TRIGGER AS $$\nDECLARE\n    sym TEXT;\nBEGIN\n    -- Основное время\n    NEW.time := to_timestamp(NEW.time_ms / 1000.0);\n\n    -- Логика для updated_at\n    IF NEW.updated_at_ms IS NULL THEN\n        NEW.updated_at := now();\n    ELSE\n        NEW.updated_at := to_timestamp(NEW.updated_at_ms / 1000.0);\n    END IF;\n\n    -- Автоматически заполняем символ, если его нет\n    IF NEW.symbol IS NULL OR NEW.symbol = '' THEN\n        SELECT symbol INTO sym FROM market.pairs WHERE symbol_id = NEW.symbol_id;\n        IF FOUND THEN\n            NEW.symbol := sym;\n        END IF;\n    END IF;\n\n    RETURN NEW;\nEND;\n$$ LANGUAGE plpgsql;\n\nCREATE OR REPLACE FUNCTION market.sync_raw_signals_time()\nRETURNS TRIGGER AS $$\nDECLARE\n    sym TEXT;\nBEGIN\n    -- Основное время\n    NEW.time := to_timestamp(NEW.time_ms / 1000.0);\n\n    -- Логика для created_at\n    IF NEW.created_at_ms IS NULL THEN\n        NEW.created_at := now();\n    ELSE\n        NEW.created_at := to_timestamp(NEW.created_at_ms / 1000.0);\n    END IF;\n\n    -- Автоматически заполняем символ, если его нет\n    IF NEW.symbol IS NULL OR NEW.symbol = '' THEN\n        SELECT symbol INTO sym FROM market.pairs WHERE symbol_id = NEW.symbol_id;\n        IF FOUND THEN\n            NEW.symbol := sym;\n        END IF;\n    END IF;\n\n    RETURN NEW;\nEND;\n$$ LANGUAGE plpgsql;\n\n-- Create a sync function for live candles\nCREATE OR REPLACE FUNCTION market.sync_candles_live_time()\nRETURNS TRIGGER AS $$\nDECLARE\n    sym TEXT;\nBEGIN\n    -- Automatically populate symbol if it's not provided\n    IF NEW.symbol IS NULL OR NEW.symbol = '' THEN\n        SELECT symbol INTO sym FROM market.pairs WHERE symbol = NEW.symbol; -- NEW.symbol should already be provided\n        IF FOUND THEN\n            NEW.symbol := sym;\n        END IF;\n    END IF;\n\n    RETURN NEW;\nEND;\n$$ LANGUAGE plpgsql;\n\n-- Populate the symbol column with values from the pairs table\n-- For candles tables\nUPDATE market.candles_1m SET symbol = p.symbol\nFROM market.pairs p\nWHERE market.candles_1m.symbol_id = p.symbol_id AND (market.candles_1m.symbol IS NULL OR market.candles_1m.symbol = '');\n\nUPDATE market.candles_5m SET symbol = p.symbol\nFROM market.pairs p\nWHERE market.candles_5m.symbol_id = p.symbol_id AND (market.candles_5m.symbol IS NULL OR market.candles_5m.symbol = '');\n\nUPDATE market.candles_15m SET symbol = p.symbol\nFROM market.pairs p\nWHERE market.candles_15m.symbol_id = p.symbol_id AND (market.candles_15m.symbol IS NULL OR market.candles_15m.symbol = '');\n\nUPDATE market.candles_1h SET symbol = p.symbol\nFROM market.pairs p\nWHERE market.candles_1h.symbol_id = p.symbol_id AND (market.candles_1h.symbol IS NULL OR market.candles_1h.symbol = '');\n\nUPDATE market.candles_4h SET symbol = p.symbol\nFROM market.pairs p\nWHERE market.candles_4h.symbol_id = p.symbol_id AND (market.candles_4h.symbol IS NULL OR market.candles_4h.symbol = '');\n\nUPDATE market.candles_1d SET symbol = p.symbol\nFROM market.pairs p\nWHERE market.candles_1d.symbol_id = p.symbol_id AND (market.candles_1d.symbol IS NULL OR market.candles_1d.symbol = '');\n\n-- For live candles table (symbol is already part of the data)\nUPDATE market.candles_live SET symbol = p.symbol\nFROM market.pairs p\nWHERE market.candles_live.symbol = p.symbol AND (market.candles_live.symbol IS NULL OR market.candles_live.symbol = '');\n\n-- For indicators tables\nUPDATE market.indicators_wide SET symbol = p.symbol\nFROM market.pairs p\nWHERE market.indicators_wide.symbol_id = p.symbol_id AND (market.indicators_wide.symbol IS NULL OR market.indicators_wide.symbol = '');\n\n\n-- For raw_signals table\nUPDATE market.raw_signals SET symbol = p.symbol\nFROM market.pairs p\nWHERE market.raw_signals.symbol_id = p.symbol_id AND (market.raw_signals.symbol IS NULL OR market.raw_signals.symbol = '');\n\n-- Create indexes for the new symbol column to improve query performance\nCREATE INDEX IF NOT EXISTS ix_candles_1m_symbol ON market.candles_1m (symbol);\nCREATE INDEX IF NOT EXISTS ix_candles_5m_symbol ON market.candles_5m (symbol);\nCREATE INDEX IF NOT EXISTS ix_candles_15m_symbol ON market.candles_15m (symbol);\nCREATE INDEX IF NOT EXISTS ix_candles_1h_symbol ON market.candles_1h (symbol);\nCREATE INDEX IF NOT EXISTS ix_candles_4h_symbol ON market.candles_4h (symbol);\nCREATE INDEX IF NOT EXISTS ix_candles_1d_symbol ON market.candles_1d (symbol);\nCREATE INDEX IF NOT EXISTS ix_candles_live_symbol ON market.candles_live (symbol);\n\nCREATE INDEX IF NOT EXISTS ix_indicators_wide_symbol ON market.indicators_wide (symbol);\n\nCREATE INDEX IF NOT EXISTS ix_raw_signals_symbol ON market.raw_signals (symbol);\n" [3mrows_affected[0m[2m=[0m0 [3mrows_returned[0m[2m=[0m0 [3melapsed[0m[2m=[0m3.387195427s [3melapsed_secs[0m[2m=[0m3.387195427 [3mslow_threshold[0m[2m=[0m1s
[2m2026-02-28T12:13:31.516047Z[0m [33m WARN[0m [2mdatabase_lib::init_db[0m[2m:[0m DDL file #8 error (may be safe to ignore if objects already exist): error returned from database: tuple decompression limit exceeded by operation
[2m2026-02-28T12:13:31.518734Z[0m [33m WARN[0m [2mdatabase_lib::init_db[0m[2m:[0m DDL file #9 error (may be safe to ignore if objects already exist): error returned from database: trigger "trg_sync_final_signals" for relation "final_signals" already exists
[2m2026-02-28T12:13:31.558099Z[0m [33m WARN[0m [2mdatabase_lib::init_db[0m[2m:[0m DDL file #10 error (may be safe to ignore if objects already exist): error returned from database: constraint "chk_final_tf" for relation "final_signals" already exists
[2m2026-02-28T12:13:35.686094Z[0m [33m WARN[0m [2msqlx::postgres::notice[0m[2m:[0m compression policy already exists for hypertable "indicators_wide"
[2m2026-02-28T12:13:35.686221Z[0m [33m WARN[0m [2msqlx::query[0m[2m:[0m slow statement: execution time exceeded alert threshold [3msummary[0m[2m=[0m"-- 060_policies.sql -- retention: …" [3mdb.statement[0m[2m=[0m"\n\n-- 060_policies.sql\n-- retention: target ~12 000 bars per pair per TF for ML training (super_entry)\n-- 1m:  12000 мин ≈ 8.3 days  -> 10 days (1m/5m kept as-is for now, can lower if needed)\n-- 5m:  12000*5 = 60000 мин ≈ 41.7 days -> 45 days\n-- 15m: 12000*15 = 125 days -> 130 days\n-- 1h:  12000*60 = 500 days -> 510 days\n-- 4h:  12000*240 = 2000 days -> 2000 days\n-- 1d:  3700 days -> 3700 days (~10 years)\n\n-- свечи\nSELECT add_retention_policy('market.candles_1m', INTERVAL '10 days',   if_not_exists=>TRUE);\nSELECT add_retention_policy('market.candles_5m', INTERVAL '45 days',   if_not_exists=>TRUE);\nSELECT add_retention_policy('market.candles_15m',INTERVAL '130 days',  if_not_exists=>TRUE);\nSELECT add_retention_policy('market.candles_1h', INTERVAL '510 days',  if_not_exists=>TRUE);\nSELECT add_retention_policy('market.candles_4h', INTERVAL '2000 days', if_not_exists=>TRUE);\nSELECT add_retention_policy('market.candles_1d', INTERVAL '3700 days', if_not_exists=>TRUE);\n\n-- индикаторы snapshot (match 4h retention — 2000 days covers all TFs)\nSELECT add_retention_policy('market.indicators_wide', INTERVAL '2000 days', if_not_exists=>TRUE);\n\n-- raw_signals (храним меньше, чтобы не пухло)\nSELECT add_retention_policy('market.raw_signals', INTERVAL '60 days', if_not_exists=>TRUE);\n\n-- trade.final_signals (можно дольше)\nSELECT add_retention_policy('trade.final_signals', INTERVAL '365 days', if_not_exists=>TRUE);\n\n-- ml_train_examples (по желанию; можно держать дольше, но пока ограничим)\nSELECT add_retention_policy('trade.ml_train_examples', INTERVAL '365 days', if_not_exists=>TRUE);\n\n\n-- Compression (сильно экономит место)\n-- candles\nALTER TABLE market.candles_1m SET (timescaledb.compress, timescaledb.compress_segmentby = 'symbol_id');\nALTER TABLE market.candles_5m SET (timescaledb.compress, timescaledb.compress_segmentby = 'symbol_id');\nALTER TABLE market.candles_15m SET (timescaledb.compress, timescaledb.compress_segmentby = 'symbol_id');\nALTER TABLE market.candles_1h SET (timescaledb.compress, timescaledb.compress_segmentby = 'symbol_id');\nALTER TABLE market.candles_4h SET (timescaledb.compress, timescaledb.compress_segmentby = 'symbol_id');\nALTER TABLE market.candles_1d SET (timescaledb.compress, timescaledb.compress_segmentby = 'symbol_id');\n\nSELECT add_compression_policy('market.candles_1m', INTERVAL '6 hours',  if_not_exists=>TRUE);\nSELECT add_compression_policy('market.candles_5m', INTERVAL '1 day',    if_not_exists=>TRUE);\nSELECT add_compression_policy('market.candles_15m',INTERVAL '2 days',   if_not_exists=>TRUE);\nSELECT add_compression_policy('market.candles_1h', INTERVAL '7 days',   if_not_exists=>TRUE);\nSELECT add_compression_policy('market.candles_4h', INTERVAL '14 days',  if_not_exists=>TRUE);\nSELECT add_compression_policy('market.candles_1d', INTERVAL '30 days',  if_not_exists=>TRUE);\n\n-- indicators\nALTER TABLE market.indicators_wide SET (timescaledb.compress, timescaledb.compress_segmentby = 'symbol_id');\n\n\nSELECT add_compression_policy('market.indicators_wide', INTERVAL '20 days',  if_not_exists=>TRUE);\n\n" [3mrows_affected[0m[2m=[0m17 [3mrows_returned[0m[2m=[0m17 [3melapsed[0m[2m=[0m4.109862123s [3melapsed_secs[0m[2m=[0m4.109862123 [3mslow_threshold[0m[2m=[0m1s
[2m2026-02-28T12:13:35.865974Z[0m [33m WARN[0m [2msqlx::postgres::notice[0m[2m:[0m there is already a transaction in progress
[2m2026-02-28T12:13:35.870144Z[0m [33m WARN[0m [2mdatabase_lib::init_db[0m[2m:[0m DDL file #20 error (may be safe to ignore if objects already exist): error returned from database: functions in index predicate must be marked IMMUTABLE
[2m2026-02-28T12:13:35.906740Z[0m [32m INFO[0m [2mcompute_realtime[0m[2m:[0m compute_realtime: Setting up Super Entry stage for realtime signals
[2m2026-02-28T12:13:36.340871Z[0m [32m INFO[0m [2mcompute_realtime[0m[2m:[0m compute_realtime: ✅ Super Entry realtime stage spawned
Started Kafka consumer, listening on topic: candles.close
Received candle close event: ETHUSDT 1m at 1772281139999
Received candle close event: HUSDT 1m at 1772281139999
Received candle close event: PENDLEUSDT 1m at 1772281139999
Received candle close event: PIPPINUSDT 1m at 1772281139999
Received candle close event: ZECUSDT 1m at 1772281139999
Received candle close event: EULUSDT 1m at 1772281139999
Received candle close event: SKRUSDT 1m at 1772281139999
Received candle close event: SEIUSDT 1m at 1772281139999
Received candle close event: PORTALUSDT 1m at 1772281139999
Received candle close event: POWERUSDT 1m at 1772281139999
Received candle close event: DUSKUSDT 1m at 1772281139999
Received candle close event: TRUTHUSDT 1m at 1772281139999
Received candle close event: VIRTUALUSDT 1m at 1772281139999
Received candle close event: MYXUSDT 1m at 1772281139999
Received candle close event: XMRUSDT 1m at 1772281139999
Received candle close event: RAVEUSDT 1m at 1772281139999
Received candle close event: DOGEUSDT 1m at 1772281139999
Received candle close event: POLUSDT 1m at 1772281139999
Received candle close event: TONUSDT 1m at 1772281139999
Received candle close event: VVVUSDT 1m at 1772281139999
Received candle close event: HYPEUSDT 1m at 1772281139999
Received candle close event: KITEUSDT 1m at 1772281139999
Received candle close event: BIRBUSDT 1m at 1772281139999
Received candle close event: BUSDT 1m at 1772281139999
Received candle close event: BERAUSDT 1m at 1772281139999
Received candle close event: XRPUSDT 1m at 1772281139999
Received candle close event: BARDUSDT 1m at 1772281139999
Received candle close event: BEATUSDT 1m at 1772281139999
Received candle close event: ESPUSDT 1m at 1772281139999
Received candle close event: UAIUSDT 1m at 1772281139999
Received candle close event: ICPUSDT 1m at 1772281139999
Received candle close event: ROBOUSDT 1m at 1772281139999
Received candle close event: SIRENUSDT 1m at 1772281139999
Received candle close event: SANDUSDT 1m at 1772281139999
Received candle close event: BTCUSDT 1m at 1772281139999
Received candle close event: RIVERUSDT 1m at 1772281139999
Received candle close event: WCTUSDT 1m at 1772281139999
Received candle close event: UNIUSDT 1m at 1772281139999
Received candle close event: ZROUSDT 1m at 1772281139999
Received candle close event: HBARUSDT 1m at 1772281139999
Received candle close event: SAHARAUSDT 1m at 1772281139999
Received candle close event: LYNUSDT 1m at 1772281139999
Received candle close event: SIGNUSDT 1m at 1772281139999
Received candle close event: MIRAUSDT 1m at 1772281139999
Received candle close event: SUIUSDT 1m at 1772281139999
Received candle close event: SNXUSDT 1m at 1772281139999
Received candle close event: ALLOUSDT 1m at 1772281139999
Received candle close event: GWEIUSDT 1m at 1772281139999
Received candle close event: ATHUSDT 1m at 1772281139999
Received candle close event: LUNA2USDT 1m at 1772281139999
Received candle close event: NEWTUSDT 1m at 1772281139999
Received candle close event: 1000FLOKIUSDT 1m at 1772281139999
Received candle close event: APTUSDT 1m at 1772281139999
Received candle close event: GUAUSDT 1m at 1772281139999
Received candle close event: AVAXUSDT 1m at 1772281139999
Received candle close event: BULLAUSDT 1m at 1772281139999
Received candle close event: TRXUSDT 1m at 1772281139999
Received candle close event: STABLEUSDT 1m at 1772281139999
Received candle close event: SOPHUSDT 1m at 1772281139999
Received candle close event: 1000SHIBUSDT 1m at 1772281139999
Received candle close event: ENAUSDT 1m at 1772281139999
Received candle close event: FOLKSUSDT 1m at 1772281139999
Received candle close event: XLMUSDT 1m at 1772281139999
Received candle close event: CAKEUSDT 1m at 1772281139999
Received candle close event: SENTUSDT 1m at 1772281139999
Received candle close event: DASHUSDT 1m at 1772281139999
Received candle close event: LAYERUSDT 1m at 1772281139999
Received candle close event: WETUSDT 1m at 1772281139999
Received candle close event: AGLDUSDT 1m at 1772281139999
Received candle close event: WIFUSDT 1m at 1772281139999
Received candle close event: ZBTUSDT 1m at 1772281139999
Received candle close event: ARCUSDT 1m at 1772281139999
Received candle close event: HOLOUSDT 1m at 1772281139999
Received candle close event: 1000LUNCUSDT 1m at 1772281139999
Received candle close event: APEUSDT 1m at 1772281139999
Received candle close event: BCHUSDT 1m at 1772281139999
Received candle close event: ASTERUSDT 1m at 1772281139999
Received candle close event: NEARUSDT 1m at 1772281139999
Received candle close event: SKYAIUSDT 1m at 1772281139999
Received candle close event: ARUSDT 1m at 1772281139999
Received candle close event: ANIMEUSDT 1m at 1772281139999
Received candle close event: DENTUSDT 1m at 1772281139999
Received candle close event: ENSOUSDT 1m at 1772281139999
Received candle close event: CCUSDT 1m at 1772281139999
Received candle close event: ARBUSDT 1m at 1772281139999
Received candle close event: AIXBTUSDT 1m at 1772281139999
Received candle close event: DOTUSDT 1m at 1772281139999
Received candle close event: XPLUSDT 1m at 1772281139999
Received candle close event: CLOUSDT 1m at 1772281139999
Received candle close event: FILUSDT 1m at 1772281139999
Received candle close event: MORPHOUSDT 1m at 1772281139999
Received candle close event: ALICEUSDT 1m at 1772281139999
Received candle close event: KAITOUSDT 1m at 1772281139999
Received candle close event: ROSEUSDT 1m at 1772281139999
Received candle close event: SOLUSDT 1m at 1772281139999
Received candle close event: 1000PEPEUSDT 1m at 1772281139999
Received candle close event: PENGUUSDT 1m at 1772281139999
Received candle close event: MOVEUSDT 1m at 1772281139999
Received candle close event: FOGOUSDT 1m at 1772281139999
Received candle close event: CGPTUSDT 1m at 1772281139999
Received candle close event: ZAMAUSDT 1m at 1772281139999
Received candle close event: ALGOUSDT 1m at 1772281139999
Received candle close event: RENDERUSDT 1m at 1772281139999
Received candle close event: GPSUSDT 1m at 1772281139999
Received candle close event: BIOUSDT 1m at 1772281139999
Received candle close event: FETUSDT 1m at 1772281139999
Received candle close event: OPUSDT 1m at 1772281139999
Received candle close event: ONDOUSDT 1m at 1772281139999
Received candle close event: ZENUSDT 1m at 1772281139999
Received candle close event: GIGGLEUSDT 1m at 1772281139999
Received candle close event: WLFIUSDT 1m at 1772281139999
Received candle close event: PUMPUSDT 1m at 1772281139999
Received candle close event: OPNUSDT 1m at 1772281139999
Received candle close event: AXSUSDT 1m at 1772281139999
Received candle close event: STGUSDT 1m at 1772281139999
Received candle close event: TRUMPUSDT 1m at 1772281139999
Received candle close event: LINKUSDT 1m at 1772281139999
Received candle close event: BNBUSDT 1m at 1772281139999
Received candle close event: TAOUSDT 1m at 1772281139999
Received candle close event: JTOUSDT 1m at 1772281139999
Received candle close event: INJUSDT 1m at 1772281139999
Received candle close event: VETUSDT 1m at 1772281139999
Received candle close event: TIAUSDT 1m at 1772281139999
Received candle close event: ORDIUSDT 1m at 1772281139999
Received candle close event: LTCUSDT 1m at 1772281139999
Received candle close event: LDOUSDT 1m at 1772281139999
Received candle close event: ETCUSDT 1m at 1772281139999
Received candle close event: WLDUSDT 1m at 1772281139999
Received candle close event: ETHFIUSDT 1m at 1772281139999
Received candle close event: NEIROUSDT 1m at 1772281139999
Received candle close event: AAVEUSDT 1m at 1772281139999
Received candle close event: ATOMUSDT 1m at 1772281139999
Received candle close event: STRKUSDT 1m at 1772281139999
Received candle close event: CYBERUSDT 1m at 1772281139999
Received candle close event: ZILUSDT 1m at 1772281139999
Received candle close event: IPUSDT 1m at 1772281139999
Received candle close event: FARTCOINUSDT 1m at 1772281139999
Received candle close event: JELLYJELLYUSDT 1m at 1772281139999
Received candle close event: CHZUSDT 1m at 1772281139999
Received candle close event: 0GUSDT 1m at 1772281139999
Received candle close event: C98USDT 1m at 1772281139999
Received candle close event: 1000BONKUSDT 1m at 1772281139999
Received candle close event: STEEMUSDT 1m at 1772281139999
Received candle close event: JUPUSDT 1m at 1772281139999
Received candle close event: LITUSDT 1m at 1772281139999
Received candle close event: SPACEUSDT 1m at 1772281139999
Received candle close event: SPORTFUNUSDT 1m at 1772281139999
Received candle close event: AZTECUSDT 1m at 1772281139999
Received candle close event: GALAUSDT 1m at 1772281139999
Received candle close event: MONUSDT 1m at 1772281139999
Received candle close event: ADAUSDT 1m at 1772281139999
Received candle close event: CRVUSDT 1m at 1772281139999
Received candle close event: BTCUSDT 1m at 1772281199999
Received candle close event: APTUSDT 5m at 1772281199999
Received candle close event: PENGUUSDT 5m at 1772281199999
Received candle close event: BTCUSDT 5m at 1772281199999
Received candle close event: PENGUUSDT 1m at 1772281199999
Received candle close event: TAOUSDT 5m at 1772281199999
Received candle close event: UNIUSDT 5m at 1772281199999
Received candle close event: TRUTHUSDT 1m at 1772281199999
Received candle close event: ANIMEUSDT 5m at 1772281199999
Received candle close event: ETHUSDT 5m at 1772281199999
Received candle close event: UNIUSDT 1m at 1772281199999
Received candle close event: TRUTHUSDT 5m at 1772281199999
Received candle close event: TAOUSDT 1m at 1772281199999
Received candle close event: ANIMEUSDT 1m at 1772281199999
Received candle close event: ETHUSDT 1m at 1772281199999
Received candle close event: APTUSDT 1m at 1772281199999
Received candle close event: HYPEUSDT 1m at 1772281199999
Received candle close event: XLMUSDT 1m at 1772281199999
Received candle close event: POWERUSDT 1m at 1772281199999
Received candle close event: BNBUSDT 1m at 1772281199999
Received candle close event: HYPEUSDT 5m at 1772281199999
Received candle close event: XLMUSDT 5m at 1772281199999
Received candle close event: 1000FLOKIUSDT 1m at 1772281199999
Received candle close event: GWEIUSDT 5m at 1772281199999
Received candle close event: POWERUSDT 5m at 1772281199999
Received candle close event: BERAUSDT 5m at 1772281199999
Received candle close event: CAKEUSDT 1m at 1772281199999
Received candle close event: MORPHOUSDT 5m at 1772281199999
Received candle close event: BNBUSDT 5m at 1772281199999
Received candle close event: GWEIUSDT 1m at 1772281199999
Received candle close event: 1000FLOKIUSDT 5m at 1772281199999
Received candle close event: CAKEUSDT 5m at 1772281199999
Received candle close event: BERAUSDT 1m at 1772281199999
Received candle close event: MORPHOUSDT 1m at 1772281199999
Received candle close event: ASTERUSDT 5m at 1772281199999
Received candle close event: ASTERUSDT 1m at 1772281199999
Received candle close event: ESPUSDT 1m at 1772281199999
Received candle close event: LUNA2USDT 5m at 1772281199999
Received candle close event: ESPUSDT 5m at 1772281199999
Received candle close event: LUNA2USDT 1m at 1772281199999
Received candle close event: AZTECUSDT 1m at 1772281199999
Received candle close event: 1000PEPEUSDT 5m at 1772281199999
Received candle close event: MOVEUSDT 5m at 1772281199999
Received candle close event: ALICEUSDT 5m at 1772281199999
Received candle close event: AZTECUSDT 5m at 1772281199999
Received candle close event: 1000PEPEUSDT 1m at 1772281199999
Received candle close event: ALICEUSDT 1m at 1772281199999
Received candle close event: MOVEUSDT 1m at 1772281199999
Received candle close event: BCHUSDT 1m at 1772281199999
Received candle close event: RIVERUSDT 5m at 1772281199999
Received candle close event: DOGEUSDT 5m at 1772281199999
Received candle close event: ZECUSDT 5m at 1772281199999
Received candle close event: BCHUSDT 5m at 1772281199999
Received candle close event: RIVERUSDT 1m at 1772281199999
Received candle close event: DOGEUSDT 1m at 1772281199999
Received candle close event: SOLUSDT 5m at 1772281199999
Received candle close event: CYBERUSDT 5m at 1772281199999
Received candle close event: ZECUSDT 1m at 1772281199999
Received candle close event: INJUSDT 5m at 1772281199999
Received candle close event: VVVUSDT 5m at 1772281199999
Received candle close event: XRPUSDT 5m at 1772281199999
Received candle close event: SOLUSDT 1m at 1772281199999
Received candle close event: CYBERUSDT 1m at 1772281199999
Received candle close event: INJUSDT 1m at 1772281199999
Received candle close event: VVVUSDT 1m at 1772281199999
Received candle close event: XRPUSDT 1m at 1772281199999
Received candle close event: ETCUSDT 5m at 1772281199999
Received candle close event: AVAXUSDT 5m at 1772281199999
Received candle close event: 1000SHIBUSDT 1m at 1772281199999
Received candle close event: ETCUSDT 1m at 1772281199999
Received candle close event: SANDUSDT 5m at 1772281199999
Received candle close event: AVAXUSDT 1m at 1772281199999
Received candle close event: 1000SHIBUSDT 5m at 1772281199999
Received candle close event: SANDUSDT 1m at 1772281199999
Received candle close event: ENSOUSDT 5m at 1772281199999
Received candle close event: HUSDT 1m at 1772281199999
Received candle close event: ENSOUSDT 1m at 1772281199999
Received candle close event: HUSDT 5m at 1772281199999
Received candle close event: SIRENUSDT 1m at 1772281199999
Received candle close event: RAVEUSDT 1m at 1772281199999
Received candle close event: CLOUSDT 5m at 1772281199999
Received candle close event: SAHARAUSDT 5m at 1772281199999
Received candle close event: SIRENUSDT 5m at 1772281199999
Received candle close event: RAVEUSDT 5m at 1772281199999
Received candle close event: CLOUSDT 1m at 1772281199999
Received candle close event: SAHARAUSDT 1m at 1772281199999
Received candle close event: LAYERUSDT 1m at 1772281199999
Received candle close event: LAYERUSDT 5m at 1772281199999
Received candle close event: LDOUSDT 1m at 1772281199999
Received candle close event: HOLOUSDT 1m at 1772281199999
Received candle close event: LDOUSDT 5m at 1772281199999
Received candle close event: HOLOUSDT 5m at 1772281199999
Received candle close event: NEIROUSDT 1m at 1772281199999
Received candle close event: NEIROUSDT 5m at 1772281199999
Received candle close event: EULUSDT 1m at 1772281199999
Received candle close event: ONDOUSDT 1m at 1772281199999
Received candle close event: ZAMAUSDT 1m at 1772281199999
Received candle close event: VIRTUALUSDT 1m at 1772281199999
Received candle close event: EULUSDT 5m at 1772281199999
Received candle close event: ONDOUSDT 5m at 1772281199999
Received candle close event: ZAMAUSDT 5m at 1772281199999
Received candle close event: VIRTUALUSDT 5m at 1772281199999
Received candle close event: LTCUSDT 5m at 1772281199999
Received candle close event: AIXBTUSDT 1m at 1772281199999
Received candle close event: LTCUSDT 1m at 1772281199999
Received candle close event: TONUSDT 1m at 1772281199999
Received candle close event: ATHUSDT 5m at 1772281199999
Received candle close event: AIXBTUSDT 5m at 1772281199999
Received candle close event: 1000BONKUSDT 5m at 1772281199999
Received candle close event: TIAUSDT 5m at 1772281199999
Received candle close event: TONUSDT 5m at 1772281199999
Received candle close event: 1000BONKUSDT 1m at 1772281199999
Received candle close event: ATHUSDT 1m at 1772281199999
Received candle close event: TIAUSDT 1m at 1772281199999
Received candle close event: ZBTUSDT 1m at 1772281199999
Received candle close event: SNXUSDT 1m at 1772281199999
Received candle close event: ZBTUSDT 5m at 1772281199999
Received candle close event: SNXUSDT 5m at 1772281199999
Received candle close event: UAIUSDT 1m at 1772281199999
Received candle close event: MIRAUSDT 1m at 1772281199999
Received candle close event: MIRAUSDT 5m at 1772281199999
Received candle close event: UAIUSDT 5m at 1772281199999
Received candle close event: WLDUSDT 1m at 1772281199999
Received candle close event: VETUSDT 5m at 1772281199999
Received candle close event: JELLYJELLYUSDT 5m at 1772281199999
Received candle close event: VETUSDT 1m at 1772281199999
Received candle close event: WLDUSDT 5m at 1772281199999
Received candle close event: JELLYJELLYUSDT 1m at 1772281199999
Received candle close event: DOTUSDT 1m at 1772281199999
Received candle close event: DUSKUSDT 5m at 1772281199999
Received candle close event: DOTUSDT 5m at 1772281199999
Received candle close event: HBARUSDT 1m at 1772281199999
Received candle close event: DUSKUSDT 1m at 1772281199999
Received candle close event: HBARUSDT 5m at 1772281199999
Received candle close event: 0GUSDT 1m at 1772281199999
Received candle close event: 0GUSDT 5m at 1772281199999
Received candle close event: NEARUSDT 1m at 1772281199999
Received candle close event: WIFUSDT 1m at 1772281199999
Received candle close event: ZROUSDT 5m at 1772281199999
Received candle close event: SUIUSDT 5m at 1772281199999
Received candle close event: POLUSDT 1m at 1772281199999
Received candle close event: CHZUSDT 5m at 1772281199999
Received candle close event: PIPPINUSDT 5m at 1772281199999
Received candle close event: NEARUSDT 5m at 1772281199999
Received candle close event: ZROUSDT 1m at 1772281199999
Received candle close event: WIFUSDT 5m at 1772281199999
Received candle close event: SUIUSDT 1m at 1772281199999
Received candle close event: POLUSDT 5m at 1772281199999
Received candle close event: CHZUSDT 1m at 1772281199999
Received candle close event: PIPPINUSDT 1m at 1772281199999
Received candle close event: TRUMPUSDT 1m at 1772281199999
Received candle close event: TRUMPUSDT 5m at 1772281199999
Received candle close event: KITEUSDT 5m at 1772281199999
Received candle close event: LINKUSDT 5m at 1772281199999
Received candle close event: DASHUSDT 1m at 1772281199999
Received candle close event: PUMPUSDT 5m at 1772281199999
Received candle close event: KITEUSDT 1m at 1772281199999
Received candle close event: AAVEUSDT 1m at 1772281199999
Received candle close event: WCTUSDT 5m at 1772281199999
Received candle close event: LINKUSDT 1m at 1772281199999
Received candle close event: GUAUSDT 1m at 1772281199999
Received candle close event: FOGOUSDT 1m at 1772281199999
Received candle close event: PENDLEUSDT 1m at 1772281199999
Received candle close event: BIRBUSDT 5m at 1772281199999
Received candle close event: ETHFIUSDT 5m at 1772281199999
Received candle close event: SEIUSDT 1m at 1772281199999
Received candle close event: DASHUSDT 5m at 1772281199999
Received candle close event: PUMPUSDT 1m at 1772281199999
Received candle close event: AAVEUSDT 5m at 1772281199999
Received candle close event: SOPHUSDT 1m at 1772281199999
Received candle close event: GUAUSDT 5m at 1772281199999
Received candle close event: FOGOUSDT 5m at 1772281199999
Received candle close event: PENDLEUSDT 5m at 1772281199999
Received candle close event: BIRBUSDT 1m at 1772281199999
Received candle close event: ETHFIUSDT 1m at 1772281199999
Received candle close event: ORDIUSDT 1m at 1772281199999
Received candle close event: WCTUSDT 1m at 1772281199999
Received candle close event: SKRUSDT 5m at 1772281199999
Received candle close event: ORDIUSDT 5m at 1772281199999
Received candle close event: SOPHUSDT 5m at 1772281199999
Received candle close event: SKRUSDT 1m at 1772281199999
Received candle close event: SEIUSDT 5m at 1772281199999
Received candle close event: BARDUSDT 5m at 1772281199999
Received candle close event: ARCUSDT 5m at 1772281199999
Received candle close event: ALLOUSDT 5m at 1772281199999
Received candle close event: BULLAUSDT 1m at 1772281199999
Received candle close event: BARDUSDT 1m at 1772281199999
Received candle close event: SIGNUSDT 1m at 1772281199999
Received candle close event: ARCUSDT 1m at 1772281199999
Received candle close event: ALLOUSDT 1m at 1772281199999
Received candle close event: STGUSDT 1m at 1772281199999
Received candle close event: BULLAUSDT 5m at 1772281199999
Received candle close event: SIGNUSDT 5m at 1772281199999
Received candle close event: FARTCOINUSDT 5m at 1772281199999
Received candle close event: STGUSDT 5m at 1772281199999
Received candle close event: FARTCOINUSDT 1m at 1772281199999
Received candle close event: ADAUSDT 5m at 1772281199999
Received candle close event: BIOUSDT 5m at 1772281199999
Received candle close event: ALGOUSDT 1m at 1772281199999
Received candle close event: ATOMUSDT 1m at 1772281199999
Received candle close event: XPLUSDT 5m at 1772281199999
Received candle close event: ADAUSDT 1m at 1772281199999
Received candle close event: BIOUSDT 1m at 1772281199999
Received candle close event: ALGOUSDT 5m at 1772281199999
Received candle close event: JTOUSDT 1m at 1772281199999
Received candle close event: ROBOUSDT 5m at 1772281199999
Received candle close event: ROSEUSDT 5m at 1772281199999
Received candle close event: BUSDT 1m at 1772281199999
Received candle close event: ATOMUSDT 5m at 1772281199999
Received candle close event: XPLUSDT 1m at 1772281199999
Received candle close event: JTOUSDT 5m at 1772281199999
Received candle close event: ROBOUSDT 1m at 1772281199999
Received candle close event: ROSEUSDT 1m at 1772281199999
Received candle close event: BUSDT 5m at 1772281199999
Received candle close event: STRKUSDT 1m at 1772281199999
Received candle close event: STRKUSDT 5m at 1772281199999
Received candle close event: OPUSDT 5m at 1772281199999
Received candle close event: OPUSDT 1m at 1772281199999
Received candle close event: 1000LUNCUSDT 5m at 1772281199999
Received candle close event: 1000LUNCUSDT 1m at 1772281199999
Received candle close event: ICPUSDT 5m at 1772281199999
Received candle close event: ICPUSDT 1m at 1772281199999
Received candle close event: KAITOUSDT 5m at 1772281199999
Received candle close event: KAITOUSDT 1m at 1772281199999
Received candle close event: AGLDUSDT 5m at 1772281199999
Received candle close event: AGLDUSDT 1m at 1772281199999
Received candle close event: C98USDT 5m at 1772281199999
Received candle close event: C98USDT 1m at 1772281199999
Received candle close event: FOLKSUSDT 5m at 1772281199999
Received candle close event: MYXUSDT 5m at 1772281199999
Received candle close event: MYXUSDT 1m at 1772281199999
Received candle close event: FOLKSUSDT 1m at 1772281199999
Received candle close event: NEWTUSDT 1m at 1772281199999
Received candle close event: STABLEUSDT 5m at 1772281199999
Received candle close event: XMRUSDT 1m at 1772281199999
Received candle close event: NEWTUSDT 5m at 1772281199999
Received candle close event: GPSUSDT 5m at 1772281199999
Received candle close event: SKYAIUSDT 1m at 1772281199999
Received candle close event: WETUSDT 1m at 1772281199999
Received candle close event: SPACEUSDT 1m at 1772281199999
Received candle close event: STABLEUSDT 1m at 1772281199999
Received candle close event: APEUSDT 5m at 1772281199999
Received candle close event: XMRUSDT 5m at 1772281199999
Received candle close event: PORTALUSDT 5m at 1772281199999
Received candle close event: SKYAIUSDT 5m at 1772281199999
Received candle close event: GPSUSDT 1m at 1772281199999
Received candle close event: SPACEUSDT 5m at 1772281199999
Received candle close event: WETUSDT 5m at 1772281199999
Received candle close event: BEATUSDT 5m at 1772281199999
Received candle close event: APEUSDT 1m at 1772281199999
Received candle close event: PORTALUSDT 1m at 1772281199999
Received candle close event: BEATUSDT 1m at 1772281199999
Received candle close event: CCUSDT 1m at 1772281199999
Received candle close event: CCUSDT 5m at 1772281199999
Received candle close event: LYNUSDT 5m at 1772281199999
Received candle close event: TRXUSDT 1m at 1772281199999
Received candle close event: LYNUSDT 1m at 1772281199999
Received candle close event: TRXUSDT 5m at 1772281199999
Received candle close event: ENAUSDT 5m at 1772281199999
Received candle close event: ZENUSDT 5m at 1772281199999
Received candle close event: ENAUSDT 1m at 1772281199999
Received candle close event: ZENUSDT 1m at 1772281199999
Received candle close event: MONUSDT 1m at 1772281199999
Received candle close event: ARBUSDT 1m at 1772281199999
Received candle close event: ARBUSDT 5m at 1772281199999
Received candle close event: MONUSDT 5m at 1772281199999
Received candle close event: OPNUSDT 5m at 1772281199999
Received candle close event: IPUSDT 5m at 1772281199999
Received candle close event: OPNUSDT 1m at 1772281199999
Received candle close event: IPUSDT 1m at 1772281199999
Received candle close event: JUPUSDT 1m at 1772281199999
Received candle close event: RENDERUSDT 1m at 1772281199999
Received candle close event: JUPUSDT 5m at 1772281199999
Received candle close event: RENDERUSDT 5m at 1772281199999
Received candle close event: AXSUSDT 5m at 1772281199999
Received candle close event: AXSUSDT 1m at 1772281199999
Received candle close event: GIGGLEUSDT 5m at 1772281199999
Received candle close event: WLFIUSDT 5m at 1772281199999
Received candle close event: GIGGLEUSDT 1m at 1772281199999
Received candle close event: WLFIUSDT 1m at 1772281199999
Received candle close event: FETUSDT 1m at 1772281199999
Received candle close event: FETUSDT 5m at 1772281199999
Received candle close event: CGPTUSDT 1m at 1772281199999
Received candle close event: FILUSDT 1m at 1772281199999
Received candle close event: CGPTUSDT 5m at 1772281199999
Received candle close event: FILUSDT 5m at 1772281199999
Received candle close event: ARUSDT 5m at 1772281199999
Received candle close event: ARUSDT 1m at 1772281199999
Received candle close event: DENTUSDT 5m at 1772281199999
Received candle close event: DENTUSDT 1m at 1772281199999
Received candle close event: ZILUSDT 1m at 1772281199999
Received candle close event: ZILUSDT 5m at 1772281199999
Received candle close event: STEEMUSDT 5m at 1772281199999
Received candle close event: STEEMUSDT 1m at 1772281199999
Received candle close event: CRVUSDT 5m at 1772281199999
Received candle close event: CRVUSDT 1m at 1772281199999
Received candle close event: GALAUSDT 1m at 1772281199999
Received candle close event: GALAUSDT 5m at 1772281199999
Received candle close event: LITUSDT 1m at 1772281199999
Received candle close event: LITUSDT 5m at 1772281199999
Received candle close event: SENTUSDT 5m at 1772281199999
Received candle close event: SENTUSDT 1m at 1772281199999
Received candle close event: SPORTFUNUSDT 1m at 1772281199999
Received candle close event: SPORTFUNUSDT 5m at 1772281199999
Received candle close event: ETHUSDT 1m at 1772281259999
Received candle close event: AVAXUSDT 1m at 1772281259999
Received candle close event: ROBOUSDT 1m at 1772281259999
Received candle close event: XRPUSDT 1m at 1772281259999
Received candle close event: RIVERUSDT 1m at 1772281259999
Received candle close event: POWERUSDT 1m at 1772281259999
Received candle close event: DOTUSDT 1m at 1772281259999
Received candle close event: UNIUSDT 1m at 1772281259999
Received candle close event: FOLKSUSDT 1m at 1772281259999
Received candle close event: BARDUSDT 1m at 1772281259999
Received candle close event: AGLDUSDT 1m at 1772281259999
Received candle close event: JELLYJELLYUSDT 1m at 1772281259999
Received candle close event: ATHUSDT 1m at 1772281259999
Received candle close event: SEIUSDT 1m at 1772281259999
Received candle close event: BIOUSDT 1m at 1772281259999
Received candle close event: BUSDT 1m at 1772281259999
Received candle close event: PIPPINUSDT 1m at 1772281259999
Received candle close event: GWEIUSDT 1m at 1772281259999
Received candle close event: 1000PEPEUSDT 1m at 1772281259999
Received candle close event: LYNUSDT 1m at 1772281259999
Received candle close event: NEWTUSDT 1m at 1772281259999
Received candle close event: 1000SHIBUSDT 1m at 1772281259999
Received candle close event: ALICEUSDT 1m at 1772281259999
Received candle close event: SOPHUSDT 1m at 1772281259999
Received candle close event: SOLUSDT 1m at 1772281259999
Received candle close event: ZECUSDT 1m at 1772281259999
Received candle close event: ROSEUSDT 1m at 1772281259999
Received candle close event: MOVEUSDT 1m at 1772281259999
Received candle close event: VIRTUALUSDT 1m at 1772281259999
Received candle close event: HUSDT 1m at 1772281259999
Received candle close event: WETUSDT 1m at 1772281259999
Received candle close event: UAIUSDT 1m at 1772281259999
Received candle close event: OPNUSDT 1m at 1772281259999
Received candle close event: ORDIUSDT 1m at 1772281259999
Received candle close event: AIXBTUSDT 1m at 1772281259999
Received candle close event: EULUSDT 1m at 1772281259999
Received candle close event: BTCUSDT 1m at 1772281259999
Received candle close event: ADAUSDT 1m at 1772281259999
Received candle close event: STRKUSDT 1m at 1772281259999
Received candle close event: PENDLEUSDT 1m at 1772281259999
Received candle close event: KITEUSDT 1m at 1772281259999
Received candle close event: ALLOUSDT 1m at 1772281259999
Received candle close event: GUAUSDT 1m at 1772281259999
Received candle close event: BIRBUSDT 1m at 1772281259999
Received candle close event: STABLEUSDT 1m at 1772281259999
Received candle close event: BULLAUSDT 1m at 1772281259999
Received candle close event: SIGNUSDT 1m at 1772281259999
Received candle close event: SIRENUSDT 1m at 1772281259999
Received candle close event: KAITOUSDT 1m at 1772281259999
Received candle close event: CCUSDT 1m at 1772281259999
Received candle close event: MIRAUSDT 1m at 1772281259999
Received candle close event: BNBUSDT 1m at 1772281259999
Received candle close event: TRUTHUSDT 1m at 1772281259999
Received candle close event: FARTCOINUSDT 1m at 1772281259999
Received candle close event: DENTUSDT 1m at 1772281259999
Received candle close event: ARCUSDT 1m at 1772281259999
Received candle close event: ZILUSDT 1m at 1772281259999
Received candle close event: SPACEUSDT 1m at 1772281259999
Received candle close event: VVVUSDT 1m at 1772281259999
Received candle close event: ENSOUSDT 1m at 1772281259999
Received candle close event: SAHARAUSDT 1m at 1772281259999
Received candle close event: XMRUSDT 1m at 1772281259999
Received candle close event: ZBTUSDT 1m at 1772281259999
Received candle close event: ZROUSDT 1m at 1772281259999
Received candle close event: SPORTFUNUSDT 1m at 1772281259999
Received candle close event: WCTUSDT 1m at 1772281259999
Received candle close event: ANIMEUSDT 1m at 1772281259999
Received candle close event: PORTALUSDT 1m at 1772281259999
Received candle close event: SKRUSDT 1m at 1772281259999
Received candle close event: ETHFIUSDT 1m at 1772281259999
Received candle close event: CYBERUSDT 1m at 1772281259999
Received candle close event: TAOUSDT 1m at 1772281259999
Received candle close event: APTUSDT 1m at 1772281259999
Received candle close event: HYPEUSDT 1m at 1772281259999
Received candle close event: HOLOUSDT 1m at 1772281259999
Received candle close event: DUSKUSDT 1m at 1772281259999
Received candle close event: FETUSDT 1m at 1772281259999
Received candle close event: MYXUSDT 1m at 1772281259999
Received candle close event: LAYERUSDT 1m at 1772281259999
Received candle close event: RAVEUSDT 1m at 1772281259999
Received candle close event: VETUSDT 1m at 1772281259999
Received candle close event: HBARUSDT 1m at 1772281259999
Received candle close event: MORPHOUSDT 1m at 1772281259999
Received candle close event: APEUSDT 1m at 1772281259999
Received candle close event: 1000LUNCUSDT 1m at 1772281259999
Received candle close event: NEIROUSDT 1m at 1772281259999
Received candle close event: CLOUSDT 1m at 1772281259999
Received candle close event: TRXUSDT 1m at 1772281259999
Received candle close event: WIFUSDT 1m at 1772281259999
Received candle close event: LUNA2USDT 1m at 1772281259999
Received candle close event: PENGUUSDT 1m at 1772281259999
Received candle close event: BCHUSDT 1m at 1772281259999
Received candle close event: DOGEUSDT 1m at 1772281259999
Received candle close event: LINKUSDT 1m at 1772281259999
Received candle close event: SUIUSDT 1m at 1772281259999
Received candle close event: TIAUSDT 1m at 1772281259999
Received candle close event: RENDERUSDT 1m at 1772281259999
Received candle close event: POLUSDT 1m at 1772281259999
Received candle close event: ZENUSDT 1m at 1772281259999
Received candle close event: ICPUSDT 1m at 1772281259999
Received candle close event: 1000BONKUSDT 1m at 1772281259999
Received candle close event: CHZUSDT 1m at 1772281259999
Received candle close event: LDOUSDT 1m at 1772281259999
Received candle close event: XLMUSDT 1m at 1772281259999
Received candle close event: AAVEUSDT 1m at 1772281259999
Received candle close event: BERAUSDT 1m at 1772281259999
Received candle close event: INJUSDT 1m at 1772281259999
Received candle close event: LTCUSDT 1m at 1772281259999
Received candle close event: ATOMUSDT 1m at 1772281259999
Received candle close event: TONUSDT 1m at 1772281259999
Received candle close event: GPSUSDT 1m at 1772281259999
Received candle close event: CAKEUSDT 1m at 1772281259999
Received candle close event: SANDUSDT 1m at 1772281259999
Received candle close event: STEEMUSDT 1m at 1772281259999
Received candle close event: STGUSDT 1m at 1772281259999
Received candle close event: SNXUSDT 1m at 1772281259999
Received candle close event: FILUSDT 1m at 1772281259999
Received candle close event: SKYAIUSDT 1m at 1772281259999
Received candle close event: ASTERUSDT 1m at 1772281259999
Received candle close event: GIGGLEUSDT 1m at 1772281259999
Received candle close event: MONUSDT 1m at 1772281259999
Received candle close event: WLDUSDT 1m at 1772281259999
Received candle close event: ESPUSDT 1m at 1772281259999
Received candle close event: XPLUSDT 1m at 1772281259999
Received candle close event: DASHUSDT 1m at 1772281259999
Received candle close event: LITUSDT 1m at 1772281259999
Received candle close event: CGPTUSDT 1m at 1772281259999
Received candle close event: ENAUSDT 1m at 1772281259999
Received candle close event: SENTUSDT 1m at 1772281259999
Received candle close event: 1000FLOKIUSDT 1m at 1772281259999
Received candle close event: AZTECUSDT 1m at 1772281259999
Received candle close event: 0GUSDT 1m at 1772281259999
Received candle close event: GALAUSDT 1m at 1772281259999
Received candle close event: ONDOUSDT 1m at 1772281259999
Received candle close event: NEARUSDT 1m at 1772281259999
Received candle close event: PUMPUSDT 1m at 1772281259999
Received candle close event: BEATUSDT 1m at 1772281259999
Received candle close event: AXSUSDT 1m at 1772281259999
Received candle close event: WLFIUSDT 1m at 1772281259999
Received candle close event: JTOUSDT 1m at 1772281259999
Received candle close event: ZAMAUSDT 1m at 1772281259999
Received candle close event: OPUSDT 1m at 1772281259999
Received candle close event: ALGOUSDT 1m at 1772281259999
Received candle close event: ETCUSDT 1m at 1772281259999
Received candle close event: ARBUSDT 1m at 1772281259999
Received candle close event: CRVUSDT 1m at 1772281259999
Received candle close event: ARUSDT 1m at 1772281259999
Received candle close event: IPUSDT 1m at 1772281259999
Received candle close event: JUPUSDT 1m at 1772281259999
Received candle close event: FOGOUSDT 1m at 1772281259999
Received candle close event: TRUMPUSDT 1m at 1772281259999
Received candle close event: C98USDT 1m at 1772281259999
Received candle close event: XRPUSDT 1m at 1772281319999
Received candle close event: PENGUUSDT 1m at 1772281319999
Received candle close event: POWERUSDT 1m at 1772281319999
Received candle close event: BIRBUSDT 1m at 1772281319999
Received candle close event: WIFUSDT 1m at 1772281319999
Received candle close event: TIAUSDT 1m at 1772281319999
Received candle close event: PORTALUSDT 1m at 1772281319999
Received candle close event: APTUSDT 1m at 1772281319999
Received candle close event: BARDUSDT 1m at 1772281319999
Received candle close event: BTCUSDT 1m at 1772281319999
Received candle close event: OPNUSDT 1m at 1772281319999
Received candle close event: VVVUSDT 1m at 1772281319999
Received candle close event: RIVERUSDT 1m at 1772281319999
Received candle close event: ETHUSDT 1m at 1772281319999
Received candle close event: LDOUSDT 1m at 1772281319999
Received candle close event: ZBTUSDT 1m at 1772281319999
Received candle close event: LTCUSDT 1m at 1772281319999
Received candle close event: GWEIUSDT 1m at 1772281319999
Received candle close event: PIPPINUSDT 1m at 1772281319999
Received candle close event: ASTERUSDT 1m at 1772281319999
Received candle close event: HUSDT 1m at 1772281319999
Received candle close event: DOGEUSDT 1m at 1772281319999
Received candle close event: 1000SHIBUSDT 1m at 1772281319999
Received candle close event: DENTUSDT 1m at 1772281319999
Received candle close event: CLOUSDT 1m at 1772281319999
Received candle close event: AAVEUSDT 1m at 1772281319999
Received candle close event: EULUSDT 1m at 1772281319999
Received candle close event: 1000PEPEUSDT 1m at 1772281319999
Received candle close event: TAOUSDT 1m at 1772281319999
Received candle close event: JELLYJELLYUSDT 1m at 1772281319999
Received candle close event: ALICEUSDT 1m at 1772281319999
Received candle close event: MORPHOUSDT 1m at 1772281319999
Received candle close event: PENDLEUSDT 1m at 1772281319999
Received candle close event: NEIROUSDT 1m at 1772281319999
Received candle close event: SUIUSDT 1m at 1772281319999
Received candle close event: VIRTUALUSDT 1m at 1772281319999
Received candle close event: FETUSDT 1m at 1772281319999
Received candle close event: LINKUSDT 1m at 1772281319999
Received candle close event: BNBUSDT 1m at 1772281319999
Received candle close event: ETCUSDT 1m at 1772281319999
Received candle close event: AVAXUSDT 1m at 1772281319999
Received candle close event: SOPHUSDT 1m at 1772281319999
Received candle close event: 1000FLOKIUSDT 1m at 1772281319999
Received candle close event: WLDUSDT 1m at 1772281319999
Received candle close event: 1000BONKUSDT 1m at 1772281319999
Received candle close event: VETUSDT 1m at 1772281319999
Received candle close event: ZROUSDT 1m at 1772281319999
Received candle close event: STGUSDT 1m at 1772281319999
Received candle close event: SANDUSDT 1m at 1772281319999
Received candle close event: ORDIUSDT 1m at 1772281319999
Received candle close event: XLMUSDT 1m at 1772281319999
Received candle close event: ESPUSDT 1m at 1772281319999
Received candle close event: FILUSDT 1m at 1772281319999
Received candle close event: 1000LUNCUSDT 1m at 1772281319999
Received candle close event: BCHUSDT 1m at 1772281319999
Received candle close event: DOTUSDT 1m at 1772281319999
Received candle close event: STABLEUSDT 1m at 1772281319999
Received candle close event: DUSKUSDT 1m at 1772281319999
Received candle close event: TRUTHUSDT 1m at 1772281319999
Received candle close event: LUNA2USDT 1m at 1772281319999
Received candle close event: POLUSDT 1m at 1772281319999
Received candle close event: BERAUSDT 1m at 1772281319999
Received candle close event: GIGGLEUSDT 1m at 1772281319999
Received candle close event: ARBUSDT 1m at 1772281319999
Received candle close event: NEWTUSDT 1m at 1772281319999
Received candle close event: ALGOUSDT 1m at 1772281319999
Received candle close event: ZECUSDT 1m at 1772281319999
Received candle close event: HYPEUSDT 1m at 1772281319999
Received candle close event: SOLUSDT 1m at 1772281319999
Received candle close event: LITUSDT 1m at 1772281319999
Received candle close event: ZENUSDT 1m at 1772281319999
Received candle close event: ANIMEUSDT 1m at 1772281319999
Received candle close event: HBARUSDT 1m at 1772281319999
Received candle close event: INJUSDT 1m at 1772281319999
Received candle close event: ROSEUSDT 1m at 1772281319999
Received candle close event: UAIUSDT 1m at 1772281319999
Received candle close event: XMRUSDT 1m at 1772281319999
Received candle close event: KITEUSDT 1m at 1772281319999
Received candle close event: OPUSDT 1m at 1772281319999
Received candle close event: LYNUSDT 1m at 1772281319999
Received candle close event: SIGNUSDT 1m at 1772281319999
Received candle close event: WETUSDT 1m at 1772281319999
Received candle close event: LAYERUSDT 1m at 1772281319999
Received candle close event: STRKUSDT 1m at 1772281319999
Received candle close event: TRUMPUSDT 1m at 1772281319999
Received candle close event: ZILUSDT 1m at 1772281319999
Received candle close event: ALLOUSDT 1m at 1772281319999
Received candle close event: SKYAIUSDT 1m at 1772281319999
Received candle close event: SKRUSDT 1m at 1772281319999
Received candle close event: SIRENUSDT 1m at 1772281319999
Received candle close event: BUSDT 1m at 1772281319999
Received candle close event: GUAUSDT 1m at 1772281319999
Received candle close event: AGLDUSDT 1m at 1772281319999
Received candle close event: APEUSDT 1m at 1772281319999
Received candle close event: PUMPUSDT 1m at 1772281319999
Received candle close event: ATHUSDT 1m at 1772281319999
Received candle close event: RAVEUSDT 1m at 1772281319999
Received candle close event: RENDERUSDT 1m at 1772281319999
Received candle close event: SAHARAUSDT 1m at 1772281319999
Received candle close event: MIRAUSDT 1m at 1772281319999
Received candle close event: BIOUSDT 1m at 1772281319999
Received candle close event: BULLAUSDT 1m at 1772281319999
Received candle close event: WCTUSDT 1m at 1772281319999
Received candle close event: UNIUSDT 1m at 1772281319999
Received candle close event: AZTECUSDT 1m at 1772281319999
Received candle close event: CYBERUSDT 1m at 1772281319999
Received candle close event: ARCUSDT 1m at 1772281319999
Received candle close event: NEARUSDT 1m at 1772281319999
Received candle close event: ROBOUSDT 1m at 1772281319999
Received candle close event: CGPTUSDT 1m at 1772281319999
Received candle close event: 0GUSDT 1m at 1772281319999
Received candle close event: SNXUSDT 1m at 1772281319999
Received candle close event: HOLOUSDT 1m at 1772281319999
Received candle close event: SPORTFUNUSDT 1m at 1772281319999
Received candle close event: SEIUSDT 1m at 1772281319999
Received candle close event: STEEMUSDT 1m at 1772281319999
Received candle close event: FOLKSUSDT 1m at 1772281319999
Received candle close event: ENSOUSDT 1m at 1772281319999
Received candle close event: BEATUSDT 1m at 1772281319999
Received candle close event: GPSUSDT 1m at 1772281319999
Received candle close event: TONUSDT 1m at 1772281319999
Received candle close event: ICPUSDT 1m at 1772281319999
Received candle close event: ADAUSDT 1m at 1772281319999
Received candle close event: ZAMAUSDT 1m at 1772281319999
Received candle close event: CAKEUSDT 1m at 1772281319999
Received candle close event: XPLUSDT 1m at 1772281319999
Received candle close event: DASHUSDT 1m at 1772281319999
Received candle close event: ENAUSDT 1m at 1772281319999
Received candle close event: KAITOUSDT 1m at 1772281319999
Received candle close event: ATOMUSDT 1m at 1772281319999
Received candle close event: JTOUSDT 1m at 1772281319999
Received candle close event: IPUSDT 1m at 1772281319999
Received candle close event: TRXUSDT 1m at 1772281319999
Received candle close event: SPACEUSDT 1m at 1772281319999
Received candle close event: ONDOUSDT 1m at 1772281319999
Received candle close event: FARTCOINUSDT 1m at 1772281319999
Received candle close event: MONUSDT 1m at 1772281319999
Received candle close event: GALAUSDT 1m at 1772281319999
Received candle close event: CHZUSDT 1m at 1772281319999
Received candle close event: AIXBTUSDT 1m at 1772281319999
Received candle close event: C98USDT 1m at 1772281319999
Received candle close event: ETHFIUSDT 1m at 1772281319999
Received candle close event: ARUSDT 1m at 1772281319999
Received candle close event: AXSUSDT 1m at 1772281319999
Received candle close event: FOGOUSDT 1m at 1772281319999
Received candle close event: WLFIUSDT 1m at 1772281319999
Received candle close event: CCUSDT 1m at 1772281319999
Received candle close event: SENTUSDT 1m at 1772281319999
Received candle close event: MYXUSDT 1m at 1772281319999
Received candle close event: CRVUSDT 1m at 1772281319999
Received candle close event: JUPUSDT 1m at 1772281319999
Received candle close event: MOVEUSDT 1m at 1772281319999
Received candle close event: SOLUSDT 1m at 1772281379999
Received candle close event: SPORTFUNUSDT 1m at 1772281379999
Received candle close event: MIRAUSDT 1m at 1772281379999
Received candle close event: ENSOUSDT 1m at 1772281379999
Received candle close event: BTCUSDT 1m at 1772281379999
Received candle close event: ADAUSDT 1m at 1772281379999
Received candle close event: POWERUSDT 1m at 1772281379999
Received candle close event: GWEIUSDT 1m at 1772281379999
Received candle close event: VVVUSDT 1m at 1772281379999
Received candle close event: ZBTUSDT 1m at 1772281379999
Received candle close event: BEATUSDT 1m at 1772281379999
Received candle close event: WETUSDT 1m at 1772281379999
Received candle close event: UNIUSDT 1m at 1772281379999
Received candle close event: STGUSDT 1m at 1772281379999
Received candle close event: SIRENUSDT 1m at 1772281379999
Received candle close event: ETHUSDT 1m at 1772281379999
Received candle close event: PIPPINUSDT 1m at 1772281379999
Received candle close event: RIVERUSDT 1m at 1772281379999
Received candle close event: TRUMPUSDT 1m at 1772281379999
Received candle close event: NEIROUSDT 1m at 1772281379999
Received candle close event: SNXUSDT 1m at 1772281379999
Received candle close event: OPNUSDT 1m at 1772281379999
Received candle close event: SAHARAUSDT 1m at 1772281379999
Received candle close event: HOLOUSDT 1m at 1772281379999
Received candle close event: XRPUSDT 1m at 1772281379999
Received candle close event: STABLEUSDT 1m at 1772281379999
Received candle close event: SIGNUSDT 1m at 1772281379999
Received candle close event: ALLOUSDT 1m at 1772281379999
Received candle close event: LITUSDT 1m at 1772281379999
Received candle close event: FILUSDT 1m at 1772281379999
Received candle close event: SUIUSDT 1m at 1772281379999
Received candle close event: UAIUSDT 1m at 1772281379999
Received candle close event: XLMUSDT 1m at 1772281379999
Received candle close event: AVAXUSDT 1m at 1772281379999
Received candle close event: SPACEUSDT 1m at 1772281379999
Received candle close event: EULUSDT 1m at 1772281379999
Received candle close event: SKYAIUSDT 1m at 1772281379999
Received candle close event: DASHUSDT 1m at 1772281379999
Received candle close event: 1000PEPEUSDT 1m at 1772281379999
Received candle close event: TAOUSDT 1m at 1772281379999
Received candle close event: KITEUSDT 1m at 1772281379999
Received candle close event: LYNUSDT 1m at 1772281379999
Received candle close event: BULLAUSDT 1m at 1772281379999
Received candle close event: CCUSDT 1m at 1772281379999
Received candle close event: SOPHUSDT 1m at 1772281379999
Received candle close event: AGLDUSDT 1m at 1772281379999
Received candle close event: SKRUSDT 1m at 1772281379999
Received candle close event: TRUTHUSDT 1m at 1772281379999
Received candle close event: ATHUSDT 1m at 1772281379999
Received candle close event: ESPUSDT 1m at 1772281379999
Received candle close event: BUSDT 1m at 1772281379999
Received candle close event: HUSDT 1m at 1772281379999
Received candle close event: DOGEUSDT 1m at 1772281379999
Received candle close event: ZECUSDT 1m at 1772281379999
Received candle close event: BIRBUSDT 1m at 1772281379999
Received candle close event: ZROUSDT 1m at 1772281379999
Received candle close event: GUAUSDT 1m at 1772281379999
Received candle close event: BERAUSDT 1m at 1772281379999
Received candle close event: PENGUUSDT 1m at 1772281379999
Received candle close event: BARDUSDT 1m at 1772281379999
Received candle close event: ROBOUSDT 1m at 1772281379999
Received candle close event: ARCUSDT 1m at 1772281379999
Received candle close event: ALICEUSDT 1m at 1772281379999
Received candle close event: STEEMUSDT 1m at 1772281379999
Received candle close event: ANIMEUSDT 1m at 1772281379999
Received candle close event: MYXUSDT 1m at 1772281379999
Received candle close event: BIOUSDT 1m at 1772281379999
Received candle close event: XPLUSDT 1m at 1772281379999
Received candle close event: HYPEUSDT 1m at 1772281379999
Received candle close event: 0GUSDT 1m at 1772281379999
Received candle close event: APTUSDT 1m at 1772281379999
Received candle close event: WIFUSDT 1m at 1772281379999
Received candle close event: NEWTUSDT 1m at 1772281379999
Received candle close event: CLOUSDT 1m at 1772281379999
Received candle close event: BNBUSDT 1m at 1772281379999
Received candle close event: WCTUSDT 1m at 1772281379999
Received candle close event: RAVEUSDT 1m at 1772281379999
Received candle close event: LUNA2USDT 1m at 1772281379999
Received candle close event: MORPHOUSDT 1m at 1772281379999
Received candle close event: 1000LUNCUSDT 1m at 1772281379999
Received candle close event: BCHUSDT 1m at 1772281379999
Received candle close event: MONUSDT 1m at 1772281379999
Received candle close event: 1000SHIBUSDT 1m at 1772281379999
Received candle close event: AZTECUSDT 1m at 1772281379999
Received candle close event: ROSEUSDT 1m at 1772281379999
Received candle close event: FOLKSUSDT 1m at 1772281379999
Received candle close event: XMRUSDT 1m at 1772281379999
Received candle close event: DUSKUSDT 1m at 1772281379999
Received candle close event: LAYERUSDT 1m at 1772281379999
Received candle close event: KAITOUSDT 1m at 1772281379999
Received candle close event: PORTALUSDT 1m at 1772281379999
Received candle close event: ASTERUSDT 1m at 1772281379999
Received candle close event: FARTCOINUSDT 1m at 1772281379999
Received candle close event: AAVEUSDT 1m at 1772281379999
Received candle close event: FETUSDT 1m at 1772281379999
Received candle close event: TONUSDT 1m at 1772281379999
Received candle close event: APEUSDT 1m at 1772281379999
Received candle close event: AIXBTUSDT 1m at 1772281379999
Received candle close event: ZENUSDT 1m at 1772281379999
Received candle close event: RENDERUSDT 1m at 1772281379999
Received candle close event: TIAUSDT 1m at 1772281379999
Received candle close event: SENTUSDT 1m at 1772281379999
Received candle close event: IPUSDT 1m at 1772281379999
Received candle close event: JELLYJELLYUSDT 1m at 1772281379999
Received candle close event: VIRTUALUSDT 1m at 1772281379999
Received candle close event: ZILUSDT 1m at 1772281379999
Received candle close event: WLDUSDT 1m at 1772281379999
Received candle close event: POLUSDT 1m at 1772281379999
Received candle close event: PUMPUSDT 1m at 1772281379999
Received candle close event: CYBERUSDT 1m at 1772281379999
Received candle close event: INJUSDT 1m at 1772281379999
Received candle close event: ORDIUSDT 1m at 1772281379999
Received candle close event: CAKEUSDT 1m at 1772281379999
Received candle close event: ATOMUSDT 1m at 1772281379999
Received candle close event: ENAUSDT 1m at 1772281379999
Received candle close event: AXSUSDT 1m at 1772281379999
Received candle close event: GPSUSDT 1m at 1772281379999
Received candle close event: 1000FLOKIUSDT 1m at 1772281379999
Received candle close event: MOVEUSDT 1m at 1772281379999
Received candle close event: ARBUSDT 1m at 1772281379999
Received candle close event: SEIUSDT 1m at 1772281379999
Received candle close event: DENTUSDT 1m at 1772281379999
Received candle close event: GALAUSDT 1m at 1772281379999
Received candle close event: 1000BONKUSDT 1m at 1772281379999
Received candle close event: PENDLEUSDT 1m at 1772281379999
Received candle close event: STRKUSDT 1m at 1772281379999
Received candle close event: LDOUSDT 1m at 1772281379999
Received candle close event: OPUSDT 1m at 1772281379999
Received candle close event: VETUSDT 1m at 1772281379999
Received candle close event: ZAMAUSDT 1m at 1772281379999
Received candle close event: JUPUSDT 1m at 1772281379999
Received candle close event: ETCUSDT 1m at 1772281379999
Received candle close event: SANDUSDT 1m at 1772281379999
Received candle close event: ETHFIUSDT 1m at 1772281379999
Received candle close event: WLFIUSDT 1m at 1772281379999
Received candle close event: NEARUSDT 1m at 1772281379999
Received candle close event: HBARUSDT 1m at 1772281379999
Received candle close event: TRXUSDT 1m at 1772281379999
Received candle close event: ONDOUSDT 1m at 1772281379999
Received candle close event: ICPUSDT 1m at 1772281379999
Received candle close event: LTCUSDT 1m at 1772281379999
Received candle close event: CHZUSDT 1m at 1772281379999
Received candle close event: GIGGLEUSDT 1m at 1772281379999
Received candle close event: LINKUSDT 1m at 1772281379999
Received candle close event: DOTUSDT 1m at 1772281379999
Received candle close event: ARUSDT 1m at 1772281379999
Received candle close event: ALGOUSDT 1m at 1772281379999
Received candle close event: CGPTUSDT 1m at 1772281379999
Received candle close event: JTOUSDT 1m at 1772281379999
Received candle close event: FOGOUSDT 1m at 1772281379999
Received candle close event: C98USDT 1m at 1772281379999
Received candle close event: CRVUSDT 1m at 1772281379999
Received candle close event: SIRENUSDT 1m at 1772281439999
Received candle close event: SPORTFUNUSDT 1m at 1772281439999
Received candle close event: FETUSDT 1m at 1772281439999
Received candle close event: HYPEUSDT 1m at 1772281439999
Received candle close event: LINKUSDT 1m at 1772281439999
Received candle close event: GALAUSDT 1m at 1772281439999
Received candle close event: 1000LUNCUSDT 1m at 1772281439999
Received candle close event: SEIUSDT 1m at 1772281439999
Received candle close event: STEEMUSDT 1m at 1772281439999
Received candle close event: ALICEUSDT 1m at 1772281439999
Received candle close event: RIVERUSDT 1m at 1772281439999
Received candle close event: POWERUSDT 1m at 1772281439999
Received candle close event: SOPHUSDT 1m at 1772281439999
Received candle close event: BTCUSDT 1m at 1772281439999
Received candle close event: EULUSDT 1m at 1772281439999
Received candle close event: CLOUSDT 1m at 1772281439999
Received candle close event: AAVEUSDT 1m at 1772281439999
Received candle close event: RAVEUSDT 1m at 1772281439999
Received candle close event: ENSOUSDT 1m at 1772281439999
Received candle close event: BEATUSDT 1m at 1772281439999
Received candle close event: HOLOUSDT 1m at 1772281439999
Received candle close event: UNIUSDT 1m at 1772281439999
Received candle close event: GWEIUSDT 1m at 1772281439999
Received candle close event: ENAUSDT 1m at 1772281439999
Received candle close event: WETUSDT 1m at 1772281439999
Received candle close event: LUNA2USDT 1m at 1772281439999
Received candle close event: PIPPINUSDT 1m at 1772281439999
Received candle close event: BCHUSDT 1m at 1772281439999
Received candle close event: ZILUSDT 1m at 1772281439999
Received candle close event: ORDIUSDT 1m at 1772281439999
Received candle close event: MORPHOUSDT 1m at 1772281439999
Received candle close event: ROBOUSDT 1m at 1772281439999
Received candle close event: TRUTHUSDT 1m at 1772281439999
Received candle close event: BULLAUSDT 1m at 1772281439999
Received candle close event: FILUSDT 1m at 1772281439999
Received candle close event: KITEUSDT 1m at 1772281439999
Received candle close event: ALLOUSDT 1m at 1772281439999
Received candle close event: BIRBUSDT 1m at 1772281439999
Received candle close event: SKRUSDT 1m at 1772281439999
Received candle close event: LAYERUSDT 1m at 1772281439999
Received candle close event: GUAUSDT 1m at 1772281439999
Received candle close event: AGLDUSDT 1m at 1772281439999
Received candle close event: ESPUSDT 1m at 1772281439999
Received candle close event: SPACEUSDT 1m at 1772281439999
Received candle close event: BUSDT 1m at 1772281439999
Received candle close event: XRPUSDT 1m at 1772281439999
Received candle close event: MONUSDT 1m at 1772281439999
Received candle close event: ZECUSDT 1m at 1772281439999
Received candle close event: SAHARAUSDT 1m at 1772281439999
Received candle close event: PUMPUSDT 1m at 1772281439999
Received candle close event: LYNUSDT 1m at 1772281439999
Received candle close event: AVAXUSDT 1m at 1772281439999
Received candle close event: SUIUSDT 1m at 1772281439999
Received candle close event: VVVUSDT 1m at 1772281439999
Received candle close event: ARCUSDT 1m at 1772281439999
Received candle close event: XMRUSDT 1m at 1772281439999
Received candle close event: DUSKUSDT 1m at 1772281439999
Received candle close event: SKYAIUSDT 1m at 1772281439999
Received candle close event: ATHUSDT 1m at 1772281439999
Received candle close event: DASHUSDT 1m at 1772281439999
Received candle close event: POLUSDT 1m at 1772281439999
Received candle close event: KAITOUSDT 1m at 1772281439999
Received candle close event: DENTUSDT 1m at 1772281439999
Received candle close event: MIRAUSDT 1m at 1772281439999
Received candle close event: NEWTUSDT 1m at 1772281439999
Received candle close event: UAIUSDT 1m at 1772281439999
Received candle close event: STABLEUSDT 1m at 1772281439999
Received candle close event: MYXUSDT 1m at 1772281439999
Received candle close event: FOLKSUSDT 1m at 1772281439999
Received candle close event: WCTUSDT 1m at 1772281439999
Received candle close event: 1000PEPEUSDT 1m at 1772281439999
Received candle close event: CCUSDT 1m at 1772281439999
Received candle close event: AIXBTUSDT 1m at 1772281439999
Received candle close event: JELLYJELLYUSDT 1m at 1772281439999
Received candle close event: ETHUSDT 1m at 1772281439999
Received candle close event: SOLUSDT 1m at 1772281439999
Received candle close event: SIGNUSDT 1m at 1772281439999
Received candle close event: BNBUSDT 1m at 1772281439999
Received candle close event: BARDUSDT 1m at 1772281439999
Received candle close event: VETUSDT 1m at 1772281439999
Received candle close event: CAKEUSDT 1m at 1772281439999
Received candle close event: ARBUSDT 1m at 1772281439999
Received candle close event: RENDERUSDT 1m at 1772281439999
Received candle close event: WIFUSDT 1m at 1772281439999
Received candle close event: 1000FLOKIUSDT 1m at 1772281439999
Received candle close event: SANDUSDT 1m at 1772281439999
Received candle close event: PENDLEUSDT 1m at 1772281439999
Received candle close event: APTUSDT 1m at 1772281439999
Received candle close event: XPLUSDT 1m at 1772281439999
Received candle close event: 1000BONKUSDT 1m at 1772281439999
Received candle close event: ZENUSDT 1m at 1772281439999
Received candle close event: ROSEUSDT 1m at 1772281439999
Received candle close event: WLDUSDT 1m at 1772281439999
Received candle close event: ETCUSDT 1m at 1772281439999
Received candle close event: GIGGLEUSDT 1m at 1772281439999
Received candle close event: WLFIUSDT 1m at 1772281439999
Received candle close event: 1000SHIBUSDT 1m at 1772281439999
Received candle close event: CHZUSDT 1m at 1772281439999
Received candle close event: ARUSDT 1m at 1772281439999
Received candle close event: PENGUUSDT 1m at 1772281439999
Received candle close event: TIAUSDT 1m at 1772281439999
Received candle close event: VIRTUALUSDT 1m at 1772281439999
Received candle close event: IPUSDT 1m at 1772281439999
Received candle close event: TAOUSDT 1m at 1772281439999
Received candle close event: HBARUSDT 1m at 1772281439999
Received candle close event: LTCUSDT 1m at 1772281439999
Received candle close event: BIOUSDT 1m at 1772281439999
Received candle close event: AZTECUSDT 1m at 1772281439999
Received candle close event: ANIMEUSDT 1m at 1772281439999
Received candle close event: HUSDT 1m at 1772281439999
Received candle close event: ASTERUSDT 1m at 1772281439999
Received candle close event: LDOUSDT 1m at 1772281439999
Received candle close event: STRKUSDT 1m at 1772281439999
Received candle close event: TONUSDT 1m at 1772281439999
Received candle close event: XLMUSDT 1m at 1772281439999
Received candle close event: MOVEUSDT 1m at 1772281439999
Received candle close event: FARTCOINUSDT 1m at 1772281439999
Received candle close event: DOTUSDT 1m at 1772281439999
Received candle close event: BERAUSDT 1m at 1772281439999
Received candle close event: C98USDT 1m at 1772281439999
Received candle close event: 0GUSDT 1m at 1772281439999
Received candle close event: OPNUSDT 1m at 1772281439999
Received candle close event: NEARUSDT 1m at 1772281439999
Received candle close event: DOGEUSDT 1m at 1772281439999
Received candle close event: LITUSDT 1m at 1772281439999
Received candle close event: FOGOUSDT 1m at 1772281439999
Received candle close event: AXSUSDT 1m at 1772281439999
Received candle close event: PORTALUSDT 1m at 1772281439999
Received candle close event: ZBTUSDT 1m at 1772281439999
Received candle close event: ATOMUSDT 1m at 1772281439999
Received candle close event: ZROUSDT 1m at 1772281439999
Received candle close event: CYBERUSDT 1m at 1772281439999
Received candle close event: TRUMPUSDT 1m at 1772281439999
Received candle close event: INJUSDT 1m at 1772281439999
Received candle close event: OPUSDT 1m at 1772281439999
Received candle close event: STGUSDT 1m at 1772281439999
Received candle close event: ZAMAUSDT 1m at 1772281439999
Received candle close event: APEUSDT 1m at 1772281439999
Received candle close event: SNXUSDT 1m at 1772281439999
Received candle close event: ADAUSDT 1m at 1772281439999
Received candle close event: SENTUSDT 1m at 1772281439999
Received candle close event: NEIROUSDT 1m at 1772281439999
Received candle close event: ICPUSDT 1m at 1772281439999
Received candle close event: CRVUSDT 1m at 1772281439999
Received candle close event: TRXUSDT 1m at 1772281439999
Received candle close event: ETHFIUSDT 1m at 1772281439999
Received candle close event: GPSUSDT 1m at 1772281439999
Received candle close event: CGPTUSDT 1m at 1772281439999
Received candle close event: ALGOUSDT 1m at 1772281439999
Received candle close event: JTOUSDT 1m at 1772281439999
Received candle close event: ONDOUSDT 1m at 1772281439999
Received candle close event: JUPUSDT 1m at 1772281439999
Received candle close event: ETHFIUSDT 5m at 1772281499999
Received candle close event: ETHFIUSDT 1m at 1772281499999
Received candle close event: RIVERUSDT 5m at 1772281499999
Received candle close event: POWERUSDT 5m at 1772281499999
Received candle close event: RIVERUSDT 1m at 1772281499999
Received candle close event: SOPHUSDT 1m at 1772281499999
Received candle close event: ESPUSDT 1m at 1772281499999
Received candle close event: POWERUSDT 1m at 1772281499999
Received candle close event: MORPHOUSDT 1m at 1772281499999
Received candle close event: SOPHUSDT 5m at 1772281499999
Received candle close event: ESPUSDT 5m at 1772281499999
Received candle close event: MORPHOUSDT 5m at 1772281499999
Received candle close event: BCHUSDT 1m at 1772281499999
Received candle close event: ZBTUSDT 1m at 1772281499999
Received candle close event: ZECUSDT 5m at 1772281499999
Received candle close event: BULLAUSDT 1m at 1772281499999
Received candle close event: ZBTUSDT 5m at 1772281499999
Received candle close event: BCHUSDT 5m at 1772281499999
Received candle close event: WLDUSDT 1m at 1772281499999
Received candle close event: SEIUSDT 5m at 1772281499999
Received candle close event: VVVUSDT 5m at 1772281499999
Received candle close event: BULLAUSDT 5m at 1772281499999
Received candle close event: ZECUSDT 1m at 1772281499999
Received candle close event: WLDUSDT 5m at 1772281499999
Received candle close event: SEIUSDT 1m at 1772281499999
Received candle close event: VVVUSDT 1m at 1772281499999
Received candle close event: SUIUSDT 5m at 1772281499999
Received candle close event: SUIUSDT 1m at 1772281499999
Received candle close event: ARBUSDT 1m at 1772281499999
Received candle close event: HUSDT 1m at 1772281499999
Received candle close event: ARBUSDT 5m at 1772281499999
Received candle close event: HUSDT 5m at 1772281499999
Received candle close event: SAHARAUSDT 5m at 1772281499999
Received candle close event: SAHARAUSDT 1m at 1772281499999
Received candle close event: INJUSDT 5m at 1772281499999
Received candle close event: INJUSDT 1m at 1772281499999
Received candle close event: BIOUSDT 1m at 1772281499999
Received candle close event: SIGNUSDT 1m at 1772281499999
Received candle close event: BIOUSDT 5m at 1772281499999
Received candle close event: SIGNUSDT 5m at 1772281499999
Received candle close event: EULUSDT 5m at 1772281499999
Received candle close event: EULUSDT 1m at 1772281499999
Received candle close event: KITEUSDT 5m at 1772281499999
Received candle close event: FETUSDT 1m at 1772281499999
Received candle close event: HOLOUSDT 1m at 1772281499999
Received candle close event: FETUSDT 5m at 1772281499999
Received candle close event: KITEUSDT 1m at 1772281499999
Received candle close event: FILUSDT 1m at 1772281499999
Received candle close event: HOLOUSDT 5m at 1772281499999
Received candle close event: FILUSDT 5m at 1772281499999
Received candle close event: UNIUSDT 5m at 1772281499999
Received candle close event: IPUSDT 5m at 1772281499999
Received candle close event: UNIUSDT 1m at 1772281499999
Received candle close event: IPUSDT 1m at 1772281499999
Received candle close event: DOGEUSDT 1m at 1772281499999
Received candle close event: BNBUSDT 5m at 1772281499999
Received candle close event: SOLUSDT 5m at 1772281499999
Received candle close event: DOGEUSDT 5m at 1772281499999
Received candle close event: WETUSDT 1m at 1772281499999
Received candle close event: ROBOUSDT 5m at 1772281499999
Received candle close event: BERAUSDT 5m at 1772281499999
Received candle close event: BNBUSDT 1m at 1772281499999
Received candle close event: SOLUSDT 1m at 1772281499999
Received candle close event: WETUSDT 5m at 1772281499999
Received candle close event: ROBOUSDT 1m at 1772281499999
Received candle close event: BERAUSDT 1m at 1772281499999
Received candle close event: MIRAUSDT 1m at 1772281499999
Received candle close event: HYPEUSDT 1m at 1772281499999
Received candle close event: FOLKSUSDT 5m at 1772281499999
Received candle close event: MIRAUSDT 5m at 1772281499999
Received candle close event: FOLKSUSDT 1m at 1772281499999
Received candle close event: HYPEUSDT 5m at 1772281499999
Received candle close event: STRKUSDT 1m at 1772281499999
Received candle close event: STRKUSDT 5m at 1772281499999
Received candle close event: AAVEUSDT 1m at 1772281499999
Received candle close event: AAVEUSDT 5m at 1772281499999
Received candle close event: BIRBUSDT 5m at 1772281499999
Received candle close event: BIRBUSDT 1m at 1772281499999
Received candle close event: 0GUSDT 5m at 1772281499999
Received candle close event: BEATUSDT 1m at 1772281499999
Received candle close event: 0GUSDT 1m at 1772281499999
Received candle close event: DUSKUSDT 5m at 1772281499999
Received candle close event: AVAXUSDT 1m at 1772281499999
Received candle close event: BEATUSDT 5m at 1772281499999
Received candle close event: SPORTFUNUSDT 1m at 1772281499999
Received candle close event: TRUTHUSDT 1m at 1772281499999
Received candle close event: AGLDUSDT 5m at 1772281499999
Received candle close event: SIRENUSDT 1m at 1772281499999
Received candle close event: PIPPINUSDT 1m at 1772281499999
Received candle close event: DUSKUSDT 1m at 1772281499999
Received candle close event: AVAXUSDT 5m at 1772281499999
Received candle close event: TRUTHUSDT 5m at 1772281499999
Received candle close event: SPORTFUNUSDT 5m at 1772281499999
Received candle close event: SIRENUSDT 5m at 1772281499999
Received candle close event: AGLDUSDT 1m at 1772281499999
Received candle close event: PIPPINUSDT 5m at 1772281499999
Received candle close event: DOTUSDT 1m at 1772281499999
Received candle close event: ALLOUSDT 5m at 1772281499999
Received candle close event: DOTUSDT 5m at 1772281499999
Received candle close event: SKRUSDT 1m at 1772281499999
Received candle close event: ALLOUSDT 1m at 1772281499999
Received candle close event: SKRUSDT 5m at 1772281499999
Received candle close event: ZROUSDT 5m at 1772281499999
Received candle close event: ANIMEUSDT 5m at 1772281499999
Received candle close event: ZROUSDT 1m at 1772281499999
Received candle close event: ANIMEUSDT 1m at 1772281499999
Received candle close event: ATHUSDT 5m at 1772281499999
Received candle close event: ATHUSDT 1m at 1772281499999
Received candle close event: LYNUSDT 5m at 1772281499999
Received candle close event: ARCUSDT 5m at 1772281499999
Received candle close event: STABLEUSDT 5m at 1772281499999
Received candle close event: XMRUSDT 1m at 1772281499999
Received candle close event: XPLUSDT 5m at 1772281499999
Received candle close event: LYNUSDT 1m at 1772281499999
Received candle close event: ARCUSDT 1m at 1772281499999
Received candle close event: STABLEUSDT 1m at 1772281499999
Received candle close event: BUSDT 1m at 1772281499999
Received candle close event: GWEIUSDT 5m at 1772281499999
Received candle close event: JELLYJELLYUSDT 5m at 1772281499999
Received candle close event: CHZUSDT 1m at 1772281499999
Received candle close event: XMRUSDT 5m at 1772281499999
Received candle close event: XPLUSDT 1m at 1772281499999
Received candle close event: GWEIUSDT 1m at 1772281499999
Received candle close event: BUSDT 5m at 1772281499999
Received candle close event: CHZUSDT 5m at 1772281499999
Received candle close event: JELLYJELLYUSDT 1m at 1772281499999
Received candle close event: APTUSDT 1m at 1772281499999
Received candle close event: BTCUSDT 1m at 1772281499999
Received candle close event: NEARUSDT 1m at 1772281499999
Received candle close event: BTCUSDT 5m at 1772281499999
Received candle close event: APTUSDT 5m at 1772281499999
Received candle close event: JTOUSDT 1m at 1772281499999
Received candle close event: 1000PEPEUSDT 1m at 1772281499999
Received candle close event: GUAUSDT 1m at 1772281499999
Received candle close event: NEARUSDT 5m at 1772281499999
Received candle close event: ETHUSDT 5m at 1772281499999
Received candle close event: JTOUSDT 5m at 1772281499999
Received candle close event: 1000PEPEUSDT 5m at 1772281499999
Received candle close event: GUAUSDT 5m at 1772281499999
Received candle close event: ETHUSDT 1m at 1772281499999
Received candle close event: RAVEUSDT 1m at 1772281499999
Received candle close event: PORTALUSDT 5m at 1772281499999
Received candle close event: RAVEUSDT 5m at 1772281499999
Received candle close event: PORTALUSDT 1m at 1772281499999
Received candle close event: ASTERUSDT 1m at 1772281499999
Received candle close event: ASTERUSDT 5m at 1772281499999
Received candle close event: BARDUSDT 5m at 1772281499999
Received candle close event: BARDUSDT 1m at 1772281499999
Received candle close event: ENSOUSDT 5m at 1772281499999
Received candle close event: FARTCOINUSDT 5m at 1772281499999
Received candle close event: CRVUSDT 5m at 1772281499999
Received candle close event: ENSOUSDT 1m at 1772281499999
Received candle close event: FARTCOINUSDT 1m at 1772281499999
Received candle close event: CRVUSDT 1m at 1772281499999
Received candle close event: AIXBTUSDT 1m at 1772281499999
Received candle close event: AIXBTUSDT 5m at 1772281499999
Received candle close event: PENGUUSDT 5m at 1772281499999
Received candle close event: PENGUUSDT 1m at 1772281499999
Received candle close event: CLOUSDT 5m at 1772281499999
Received candle close event: CLOUSDT 1m at 1772281499999
Received candle close event: VIRTUALUSDT 1m at 1772281499999
Received candle close event: LUNA2USDT 5m at 1772281499999
Received candle close event: GPSUSDT 5m at 1772281499999
Received candle close event: GPSUSDT 1m at 1772281499999
Received candle close event: 1000LUNCUSDT 5m at 1772281499999
Received candle close event: VIRTUALUSDT 5m at 1772281499999
Received candle close event: 1000LUNCUSDT 1m at 1772281499999
Received candle close event: LUNA2USDT 1m at 1772281499999
Received candle close event: TAOUSDT 5m at 1772281499999
Received candle close event: TAOUSDT 1m at 1772281499999
Received candle close event: OPNUSDT 5m at 1772281499999
Received candle close event: OPNUSDT 1m at 1772281499999
Received candle close event: POLUSDT 5m at 1772281499999
Received candle close event: POLUSDT 1m at 1772281499999
Received candle close event: 1000FLOKIUSDT 5m at 1772281499999
Received candle close event: ZILUSDT 5m at 1772281499999
Received candle close event: 1000FLOKIUSDT 1m at 1772281499999
Received candle close event: ZILUSDT 1m at 1772281499999
Received candle close event: 1000SHIBUSDT 1m at 1772281499999
Received candle close event: WIFUSDT 1m at 1772281499999
Received candle close event: 1000SHIBUSDT 5m at 1772281499999
Received candle close event: WIFUSDT 5m at 1772281499999
Received candle close event: TRXUSDT 5m at 1772281499999
Received candle close event: DASHUSDT 1m at 1772281499999
Received candle close event: TRXUSDT 1m at 1772281499999
Received candle close event: DASHUSDT 5m at 1772281499999
Received candle close event: OPUSDT 5m at 1772281499999
Received candle close event: OPUSDT 1m at 1772281499999
Received candle close event: LAYERUSDT 1m at 1772281499999
Received candle close event: LAYERUSDT 5m at 1772281499999
Received candle close event: ARUSDT 5m at 1772281499999
Received candle close event: SPACEUSDT 1m at 1772281499999
Received candle close event: ZENUSDT 1m at 1772281499999
Received candle close event: ARUSDT 1m at 1772281499999
Received candle close event: SPACEUSDT 5m at 1772281499999
Received candle close event: ZENUSDT 5m at 1772281499999
Received candle close event: ICPUSDT 5m at 1772281499999
Received candle close event: ALGOUSDT 5m at 1772281499999
Received candle close event: ICPUSDT 1m at 1772281499999
Received candle close event: ALGOUSDT 1m at 1772281499999
Received candle close event: STGUSDT 1m at 1772281499999
Received candle close event: STGUSDT 5m at 1772281499999
Received candle close event: TRUMPUSDT 1m at 1772281499999
Received candle close event: TRUMPUSDT 5m at 1772281499999
Received candle close event: GIGGLEUSDT 1m at 1772281499999
Received candle close event: ATOMUSDT 5m at 1772281499999
Received candle close event: GIGGLEUSDT 5m at 1772281499999
Received candle close event: STEEMUSDT 5m at 1772281499999
Received candle close event: ATOMUSDT 1m at 1772281499999
Received candle close event: STEEMUSDT 1m at 1772281499999
Received candle close event: SENTUSDT 5m at 1772281499999
Received candle close event: WCTUSDT 5m at 1772281499999
Received candle close event: SENTUSDT 1m at 1772281499999
Received candle close event: WCTUSDT 1m at 1772281499999
Received candle close event: ROSEUSDT 5m at 1772281499999
Received candle close event: ROSEUSDT 1m at 1772281499999
Received candle close event: LINKUSDT 5m at 1772281499999
Received candle close event: SKYAIUSDT 1m at 1772281499999
Received candle close event: LINKUSDT 1m at 1772281499999
Received candle close event: SKYAIUSDT 5m at 1772281499999
Received candle close event: NEWTUSDT 1m at 1772281499999
Received candle close event: CCUSDT 5m at 1772281499999
Received candle close event: CCUSDT 1m at 1772281499999
Received candle close event: NEWTUSDT 5m at 1772281499999
Received candle close event: ENAUSDT 5m at 1772281499999
Received candle close event: ENAUSDT 1m at 1772281499999
Received candle close event: TONUSDT 1m at 1772281499999
Received candle close event: TONUSDT 5m at 1772281499999
Received candle close event: ALICEUSDT 5m at 1772281499999
Received candle close event: ALICEUSDT 1m at 1772281499999
Received candle close event: DENTUSDT 5m at 1772281499999
Received candle close event: VETUSDT 5m at 1772281499999
Received candle close event: GALAUSDT 1m at 1772281499999
Received candle close event: VETUSDT 1m at 1772281499999
Received candle close event: DENTUSDT 1m at 1772281499999
Received candle close event: GALAUSDT 5m at 1772281499999
Received candle close event: XRPUSDT 5m at 1772281499999
Received candle close event: XLMUSDT 1m at 1772281499999
Received candle close event: XRPUSDT 1m at 1772281499999
Received candle close event: XLMUSDT 5m at 1772281499999
Received candle close event: TIAUSDT 5m at 1772281499999
Received candle close event: TIAUSDT 1m at 1772281499999
Received candle close event: PUMPUSDT 5m at 1772281499999
Received candle close event: PUMPUSDT 1m at 1772281499999
Received candle close event: 1000BONKUSDT 5m at 1772281499999
Received candle close event: RENDERUSDT 1m at 1772281499999
Received candle close event: 1000BONKUSDT 1m at 1772281499999
Received candle close event: RENDERUSDT 5m at 1772281499999
Received candle close event: CAKEUSDT 1m at 1772281499999
Received candle close event: CAKEUSDT 5m at 1772281499999
Received candle close event: UAIUSDT 1m at 1772281499999
Received candle close event: LDOUSDT 1m at 1772281499999
Received candle close event: LDOUSDT 5m at 1772281499999
Received candle close event: UAIUSDT 5m at 1772281499999
Received candle close event: ADAUSDT 1m at 1772281499999
Received candle close event: ADAUSDT 5m at 1772281499999
Received candle close event: AXSUSDT 5m at 1772281499999
Received candle close event: AXSUSDT 1m at 1772281499999
Received candle close event: APEUSDT 5m at 1772281499999
Received candle close event: APEUSDT 1m at 1772281499999
Received candle close event: C98USDT 1m at 1772281499999
Received candle close event: C98USDT 5m at 1772281499999
Received candle close event: NEIROUSDT 1m at 1772281499999
Received candle close event: NEIROUSDT 5m at 1772281499999
Received candle close event: SNXUSDT 5m at 1772281499999
Received candle close event: SNXUSDT 1m at 1772281499999
Received candle close event: JUPUSDT 5m at 1772281499999
Received candle close event: JUPUSDT 1m at 1772281499999
Received candle close event: WLFIUSDT 1m at 1772281499999
Received candle close event: WLFIUSDT 5m at 1772281499999
Received candle close event: HBARUSDT 1m at 1772281499999
Received candle close event: SANDUSDT 1m at 1772281499999
Received candle close event: HBARUSDT 5m at 1772281499999
Received candle close event: SANDUSDT 5m at 1772281499999
Received candle close event: LITUSDT 1m at 1772281499999
Received candle close event: LITUSDT 5m at 1772281499999
Received candle close event: ORDIUSDT 1m at 1772281499999
Received candle close event: ORDIUSDT 5m at 1772281499999
Received candle close event: ZAMAUSDT 1m at 1772281499999
Received candle close event: ZAMAUSDT 5m at 1772281499999
Received candle close event: MYXUSDT 5m at 1772281499999
Received candle close event: LTCUSDT 5m at 1772281499999
Received candle close event: MONUSDT 1m at 1772281499999
Received candle close event: ETCUSDT 1m at 1772281499999
Received candle close event: MYXUSDT 1m at 1772281499999
Received candle close event: LTCUSDT 1m at 1772281499999
Received candle close event: MONUSDT 5m at 1772281499999
Received candle close event: ETCUSDT 5m at 1772281499999
Received candle close event: FOGOUSDT 5m at 1772281499999
Received candle close event: AZTECUSDT 1m at 1772281499999
Received candle close event: CGPTUSDT 1m at 1772281499999
Received candle close event: PENDLEUSDT 1m at 1772281499999
Received candle close event: ONDOUSDT 5m at 1772281499999
Received candle close event: CYBERUSDT 5m at 1772281499999
Received candle close event: CGPTUSDT 5m at 1772281499999
Received candle close event: FOGOUSDT 1m at 1772281499999
Received candle close event: AZTECUSDT 5m at 1772281499999
Received candle close event: ONDOUSDT 1m at 1772281499999
Received candle close event: PENDLEUSDT 5m at 1772281499999
Received candle close event: KAITOUSDT 5m at 1772281499999
Received candle close event: CYBERUSDT 1m at 1772281499999
Received candle close event: KAITOUSDT 1m at 1772281499999
Received candle close event: MOVEUSDT 5m at 1772281499999
Received candle close event: MOVEUSDT 1m at 1772281499999
Received candle close event: RIVERUSDT 1m at 1772281559999
Received candle close event: ETHUSDT 1m at 1772281559999
Received candle close event: BARDUSDT 1m at 1772281559999
Received candle close event: ESPUSDT 1m at 1772281559999
Received candle close event: ZAMAUSDT 1m at 1772281559999
Received candle close event: OPNUSDT 1m at 1772281559999
Received candle close event: DOTUSDT 1m at 1772281559999
Received candle close event: WLFIUSDT 1m at 1772281559999
Received candle close event: BULLAUSDT 1m at 1772281559999
Received candle close event: XPLUSDT 1m at 1772281559999
Received candle close event: LYNUSDT 1m at 1772281559999
Received candle close event: NEARUSDT 1m at 1772281559999
Received candle close event: GWEIUSDT 1m at 1772281559999
Received candle close event: ROBOUSDT 1m at 1772281559999
Received candle close event: BIOUSDT 1m at 1772281559999
Received candle close event: ZECUSDT 1m at 1772281559999
Received candle close event: SOPHUSDT 1m at 1772281559999
Received candle close event: TAOUSDT 1m at 1772281559999
Received candle close event: PIPPINUSDT 1m at 1772281559999
Received candle close event: TRUMPUSDT 1m at 1772281559999
Received candle close event: SOLUSDT 1m at 1772281559999
Received candle close event: SKYAIUSDT 1m at 1772281559999
Received candle close event: ENAUSDT 1m at 1772281559999
Received candle close event: FOGOUSDT 1m at 1772281559999
Received candle close event: 1000LUNCUSDT 1m at 1772281559999
Received candle close event: ALICEUSDT 1m at 1772281559999
Received candle close event: XRPUSDT 1m at 1772281559999
Received candle close event: HOLOUSDT 1m at 1772281559999
Received candle close event: UNIUSDT 1m at 1772281559999
Received candle close event: IPUSDT 1m at 1772281559999
Received candle close event: VVVUSDT 1m at 1772281559999
Received candle close event: MORPHOUSDT 1m at 1772281559999
Received candle close event: ETCUSDT 1m at 1772281559999
Received candle close event: POWERUSDT 1m at 1772281559999
Received candle close event: PUMPUSDT 1m at 1772281559999
Received candle close event: DOGEUSDT 1m at 1772281559999
Received candle close event: CYBERUSDT 1m at 1772281559999
Received candle close event: ROSEUSDT 1m at 1772281559999
Received candle close event: ZENUSDT 1m at 1772281559999
Received candle close event: FETUSDT 1m at 1772281559999
Received candle close event: BEATUSDT 1m at 1772281559999
Received candle close event: TONUSDT 1m at 1772281559999
Received candle close event: HYPEUSDT 1m at 1772281559999
Received candle close event: TRXUSDT 1m at 1772281559999
Received candle close event: LITUSDT 1m at 1772281559999
Received candle close event: MIRAUSDT 1m at 1772281559999
Received candle close event: ZBTUSDT 1m at 1772281559999
Received candle close event: ALLOUSDT 1m at 1772281559999
Received candle close event: KITEUSDT 1m at 1772281559999
Received candle close event: BCHUSDT 1m at 1772281559999
Received candle close event: ARCUSDT 1m at 1772281559999
Received candle close event: STABLEUSDT 1m at 1772281559999
Received candle close event: DUSKUSDT 1m at 1772281559999
Received candle close event: EULUSDT 1m at 1772281559999
Received candle close event: ZROUSDT 1m at 1772281559999
Received candle close event: BIRBUSDT 1m at 1772281559999
Received candle close event: PENDLEUSDT 1m at 1772281559999
Received candle close event: SPACEUSDT 1m at 1772281559999
Received candle close event: WETUSDT 1m at 1772281559999
Received candle close event: JELLYJELLYUSDT 1m at 1772281559999
Received candle close event: ANIMEUSDT 1m at 1772281559999
Received candle close event: ATHUSDT 1m at 1772281559999
Received candle close event: SKRUSDT 1m at 1772281559999
Received candle close event: TRUTHUSDT 1m at 1772281559999
Received candle close event: RAVEUSDT 1m at 1772281559999
Received candle close event: BTCUSDT 1m at 1772281559999
Received candle close event: ADAUSDT 1m at 1772281559999
Received candle close event: UAIUSDT 1m at 1772281559999
Received candle close event: FOLKSUSDT 1m at 1772281559999
Received candle close event: SPORTFUNUSDT 1m at 1772281559999
Received candle close event: ZILUSDT 1m at 1772281559999
Received candle close event: SAHARAUSDT 1m at 1772281559999
Received candle close event: CLOUSDT 1m at 1772281559999
Received candle close event: FARTCOINUSDT 1m at 1772281559999
Received candle close event: SIRENUSDT 1m at 1772281559999
Received candle close event: ENSOUSDT 1m at 1772281559999
Received candle close event: CRVUSDT 1m at 1772281559999
Received candle close event: AGLDUSDT 1m at 1772281559999
Received candle close event: AIXBTUSDT 1m at 1772281559999
Received candle close event: GPSUSDT 1m at 1772281559999
Received candle close event: SIGNUSDT 1m at 1772281559999
Received candle close event: STEEMUSDT 1m at 1772281559999
Received candle close event: WCTUSDT 1m at 1772281559999
Received candle close event: GUAUSDT 1m at 1772281559999
Received candle close event: PORTALUSDT 1m at 1772281559999
Received candle close event: MYXUSDT 1m at 1772281559999
Received candle close event: CCUSDT 1m at 1772281559999
Received candle close event: HUSDT 1m at 1772281559999
Received candle close event: LAYERUSDT 1m at 1772281559999
Received candle close event: 1000PEPEUSDT 1m at 1772281559999
Received candle close event: BUSDT 1m at 1772281559999
Received candle close event: BERAUSDT 1m at 1772281559999
Received candle close event: AVAXUSDT 1m at 1772281559999
Received candle close event: ONDOUSDT 1m at 1772281559999
Received candle close event: PENGUUSDT 1m at 1772281559999
Received candle close event: DENTUSDT 1m at 1772281559999
Received candle close event: NEIROUSDT 1m at 1772281559999
Received candle close event: ICPUSDT 1m at 1772281559999
Received candle close event: ARBUSDT 1m at 1772281559999
Received candle close event: TIAUSDT 1m at 1772281559999
Received candle close event: 1000BONKUSDT 1m at 1772281559999
Received candle close event: DASHUSDT 1m at 1772281559999
Received candle close event: C98USDT 1m at 1772281559999
Received candle close event: XLMUSDT 1m at 1772281559999
Received candle close event: JTOUSDT 1m at 1772281559999
Received candle close event: FILUSDT 1m at 1772281559999
Received candle close event: OPUSDT 1m at 1772281559999
Received candle close event: SNXUSDT 1m at 1772281559999
Received candle close event: 1000FLOKIUSDT 1m at 1772281559999
Received candle close event: SEIUSDT 1m at 1772281559999
Received candle close event: VIRTUALUSDT 1m at 1772281559999
Received candle close event: AZTECUSDT 1m at 1772281559999
Received candle close event: MOVEUSDT 1m at 1772281559999
Received candle close event: APEUSDT 1m at 1772281559999
Received candle close event: 0GUSDT 1m at 1772281559999
Received candle close event: INJUSDT 1m at 1772281559999
Received candle close event: NEWTUSDT 1m at 1772281559999
Received candle close event: WIFUSDT 1m at 1772281559999
Received candle close event: BNBUSDT 1m at 1772281559999
Received candle close event: SANDUSDT 1m at 1772281559999
Received candle close event: JUPUSDT 1m at 1772281559999
Received candle close event: SUIUSDT 1m at 1772281559999
Received candle close event: AXSUSDT 1m at 1772281559999
Received candle close event: ATOMUSDT 1m at 1772281559999
Received candle close event: STGUSDT 1m at 1772281559999
Received candle close event: ASTERUSDT 1m at 1772281559999
Received candle close event: LINKUSDT 1m at 1772281559999
Received candle close event: KAITOUSDT 1m at 1772281559999
Received candle close event: LUNA2USDT 1m at 1772281559999
Received candle close event: STRKUSDT 1m at 1772281559999
Received candle close event: POLUSDT 1m at 1772281559999
Received candle close event: ETHFIUSDT 1m at 1772281559999
Received candle close event: AAVEUSDT 1m at 1772281559999
Received candle close event: ALGOUSDT 1m at 1772281559999
Received candle close event: XMRUSDT 1m at 1772281559999
Received candle close event: WLDUSDT 1m at 1772281559999
Received candle close event: APTUSDT 1m at 1772281559999
Received candle close event: VETUSDT 1m at 1772281559999
Received candle close event: CHZUSDT 1m at 1772281559999
Received candle close event: GIGGLEUSDT 1m at 1772281559999
Received candle close event: LTCUSDT 1m at 1772281559999
Received candle close event: LDOUSDT 1m at 1772281559999
Received candle close event: SENTUSDT 1m at 1772281559999
Received candle close event: 1000SHIBUSDT 1m at 1772281559999
Received candle close event: MONUSDT 1m at 1772281559999
Received candle close event: CGPTUSDT 1m at 1772281559999
Received candle close event: RENDERUSDT 1m at 1772281559999
Received candle close event: HBARUSDT 1m at 1772281559999
Received candle close event: ORDIUSDT 1m at 1772281559999
Received candle close event: GALAUSDT 1m at 1772281559999
Received candle close event: CAKEUSDT 1m at 1772281559999
Received candle close event: ARUSDT 1m at 1772281559999
Received candle close event: RIVERUSDT 1m at 1772281619999
Received candle close event: ETHUSDT 1m at 1772281619999
Received candle close event: GWEIUSDT 1m at 1772281619999
Received candle close event: BCHUSDT 1m at 1772281619999
Received candle close event: MIRAUSDT 1m at 1772281619999
Received candle close event: DOTUSDT 1m at 1772281619999
Received candle close event: BNBUSDT 1m at 1772281619999
Received candle close event: AZTECUSDT 1m at 1772281619999
Received candle close event: 1000PEPEUSDT 1m at 1772281619999
Received candle close event: PIPPINUSDT 1m at 1772281619999
Received candle close event: ZBTUSDT 1m at 1772281619999
Received candle close event: POWERUSDT 1m at 1772281619999
Received candle close event: BULLAUSDT 1m at 1772281619999
Received candle close event: IPUSDT 1m at 1772281619999
Received candle close event: AAVEUSDT 1m at 1772281619999
Received candle close event: TRUTHUSDT 1m at 1772281619999
Received candle close event: UNIUSDT 1m at 1772281619999
Received candle close event: BTCUSDT 1m at 1772281619999
Received candle close event: ARBUSDT 1m at 1772281619999
Received candle close event: HYPEUSDT 1m at 1772281619999
Received candle close event: PUMPUSDT 1m at 1772281619999
Received candle close event: ESPUSDT 1m at 1772281619999
Received candle close event: ALICEUSDT 1m at 1772281619999
Received candle close event: OPUSDT 1m at 1772281619999
Received candle close event: LYNUSDT 1m at 1772281619999
Received candle close event: VETUSDT 1m at 1772281619999
Received candle close event: SUIUSDT 1m at 1772281619999
Received candle close event: LDOUSDT 1m at 1772281619999
Received candle close event: SOLUSDT 1m at 1772281619999
Received candle close event: LITUSDT 1m at 1772281619999
Received candle close event: PENDLEUSDT 1m at 1772281619999
Received candle close event: INJUSDT 1m at 1772281619999
Received candle close event: 1000LUNCUSDT 1m at 1772281619999
Received candle close event: SENTUSDT 1m at 1772281619999
Received candle close event: ZROUSDT 1m at 1772281619999
Received candle close event: ROBOUSDT 1m at 1772281619999
Received candle close event: ENSOUSDT 1m at 1772281619999
Received candle close event: XRPUSDT 1m at 1772281619999
Received candle close event: STABLEUSDT 1m at 1772281619999
Received candle close event: ZECUSDT 1m at 1772281619999
Received candle close event: SKYAIUSDT 1m at 1772281619999
Received candle close event: ONDOUSDT 1m at 1772281619999
Received candle close event: WETUSDT 1m at 1772281619999
Received candle close event: SOPHUSDT 1m at 1772281619999
Received candle close event: OPNUSDT 1m at 1772281619999
Received candle close event: BARDUSDT 1m at 1772281619999
Received candle close event: RENDERUSDT 1m at 1772281619999
Received candle close event: CGPTUSDT 1m at 1772281619999
Received candle close event: FOGOUSDT 1m at 1772281619999
Received candle close event: FILUSDT 1m at 1772281619999
Received candle close event: UAIUSDT 1m at 1772281619999
Received candle close event: SAHARAUSDT 1m at 1772281619999
Received candle close event: XPLUSDT 1m at 1772281619999
Received candle close event: KITEUSDT 1m at 1772281619999
Received candle close event: 1000SHIBUSDT 1m at 1772281619999
Received candle close event: EULUSDT 1m at 1772281619999
Received candle close event: ATHUSDT 1m at 1772281619999
Received candle close event: JELLYJELLYUSDT 1m at 1772281619999
Received candle close event: VVVUSDT 1m at 1772281619999
Received candle close event: SIRENUSDT 1m at 1772281619999
Received candle close event: NEWTUSDT 1m at 1772281619999
Received candle close event: SIGNUSDT 1m at 1772281619999
Received candle close event: JUPUSDT 1m at 1772281619999
Received candle close event: TRUMPUSDT 1m at 1772281619999
Received candle close event: SPACEUSDT 1m at 1772281619999
Received candle close event: RAVEUSDT 1m at 1772281619999
Received candle close event: POLUSDT 1m at 1772281619999
Received candle close event: JTOUSDT 1m at 1772281619999
Received candle close event: AGLDUSDT 1m at 1772281619999
Received candle close event: ARCUSDT 1m at 1772281619999
Received candle close event: XMRUSDT 1m at 1772281619999
Received candle close event: NEARUSDT 1m at 1772281619999
Received candle close event: 1000BONKUSDT 1m at 1772281619999
Received candle close event: ATOMUSDT 1m at 1772281619999
Received candle close event: WCTUSDT 1m at 1772281619999
Received candle close event: STGUSDT 1m at 1772281619999
Received candle close event: AIXBTUSDT 1m at 1772281619999
Received candle close event: HOLOUSDT 1m at 1772281619999
Received candle close event: SPORTFUNUSDT 1m at 1772281619999
Received candle close event: BIRBUSDT 1m at 1772281619999
Received candle close event: CYBERUSDT 1m at 1772281619999
Received candle close event: FOLKSUSDT 1m at 1772281619999
Received candle close event: SKRUSDT 1m at 1772281619999
Received candle close event: BEATUSDT 1m at 1772281619999
Received candle close event: DUSKUSDT 1m at 1772281619999
Received candle close event: NEIROUSDT 1m at 1772281619999
Received candle close event: SEIUSDT 1m at 1772281619999
Received candle close event: DENTUSDT 1m at 1772281619999
Received candle close event: ADAUSDT 1m at 1772281619999
Received candle close event: AVAXUSDT 1m at 1772281619999
Received candle close event: DASHUSDT 1m at 1772281619999
Received candle close event: BUSDT 1m at 1772281619999
Received candle close event: MYXUSDT 1m at 1772281619999
Received candle close event: MONUSDT 1m at 1772281619999
Received candle close event: WLFIUSDT 1m at 1772281619999
Received candle close event: BIOUSDT 1m at 1772281619999
Received candle close event: MORPHOUSDT 1m at 1772281619999
Received candle close event: LUNA2USDT 1m at 1772281619999
Received candle close event: PORTALUSDT 1m at 1772281619999
Received candle close event: ALLOUSDT 1m at 1772281619999
Received candle close event: GPSUSDT 1m at 1772281619999
Received candle close event: SNXUSDT 1m at 1772281619999
Received candle close event: FETUSDT 1m at 1772281619999
Received candle close event: ENAUSDT 1m at 1772281619999
Received candle close event: WIFUSDT 1m at 1772281619999
Received candle close event: 1000FLOKIUSDT 1m at 1772281619999
Received candle close event: ZENUSDT 1m at 1772281619999
Received candle close event: MOVEUSDT 1m at 1772281619999
Received candle close event: ASTERUSDT 1m at 1772281619999
Received candle close event: XLMUSDT 1m at 1772281619999
Received candle close event: DOGEUSDT 1m at 1772281619999
Received candle close event: HBARUSDT 1m at 1772281619999
Received candle close event: HUSDT 1m at 1772281619999
Received candle close event: BERAUSDT 1m at 1772281619999
Received candle close event: AXSUSDT 1m at 1772281619999
Received candle close event: LAYERUSDT 1m at 1772281619999
Received candle close event: ZILUSDT 1m at 1772281619999
Received candle close event: ZAMAUSDT 1m at 1772281619999
Received candle close event: CLOUSDT 1m at 1772281619999
Received candle close event: TONUSDT 1m at 1772281619999
Received candle close event: ORDIUSDT 1m at 1772281619999
Received candle close event: VIRTUALUSDT 1m at 1772281619999
Received candle close event: TAOUSDT 1m at 1772281619999
Received candle close event: APTUSDT 1m at 1772281619999
Received candle close event: FARTCOINUSDT 1m at 1772281619999
Received candle close event: LTCUSDT 1m at 1772281619999
Received candle close event: ROSEUSDT 1m at 1772281619999
Received candle close event: TRXUSDT 1m at 1772281619999
Received candle close event: WLDUSDT 1m at 1772281619999
Received candle close event: TIAUSDT 1m at 1772281619999
Received candle close event: ETCUSDT 1m at 1772281619999
Received candle close event: GUAUSDT 1m at 1772281619999
Received candle close event: SANDUSDT 1m at 1772281619999
Received candle close event: C98USDT 1m at 1772281619999
Received candle close event: 0GUSDT 1m at 1772281619999
Received candle close event: KAITOUSDT 1m at 1772281619999
Received candle close event: ICPUSDT 1m at 1772281619999
Received candle close event: APEUSDT 1m at 1772281619999
Received candle close event: PENGUUSDT 1m at 1772281619999
Received candle close event: CCUSDT 1m at 1772281619999
Received candle close event: LINKUSDT 1m at 1772281619999
Received candle close event: GIGGLEUSDT 1m at 1772281619999
Received candle close event: ARUSDT 1m at 1772281619999
Received candle close event: ETHFIUSDT 1m at 1772281619999
Received candle close event: STRKUSDT 1m at 1772281619999
Received candle close event: ANIMEUSDT 1m at 1772281619999
Received candle close event: STEEMUSDT 1m at 1772281619999
Received candle close event: CAKEUSDT 1m at 1772281619999
Received candle close event: CHZUSDT 1m at 1772281619999
Received candle close event: CRVUSDT 1m at 1772281619999
Received candle close event: GALAUSDT 1m at 1772281619999
Received candle close event: ALGOUSDT 1m at 1772281619999
Received candle close event: EULUSDT 1m at 1772281679999
Received candle close event: WLDUSDT 1m at 1772281679999
Received candle close event: RIVERUSDT 1m at 1772281679999
Received candle close event: ATHUSDT 1m at 1772281679999
Received candle close event: FILUSDT 1m at 1772281679999
Received candle close event: APTUSDT 1m at 1772281679999
Received candle close event: LYNUSDT 1m at 1772281679999
Received candle close event: POWERUSDT 1m at 1772281679999
Received candle close event: DUSKUSDT 1m at 1772281679999
Received candle close event: PENDLEUSDT 1m at 1772281679999
Received candle close event: DENTUSDT 1m at 1772281679999
Received candle close event: ROBOUSDT 1m at 1772281679999
Received candle close event: CHZUSDT 1m at 1772281679999
Received candle close event: HYPEUSDT 1m at 1772281679999
Received candle close event: 1000LUNCUSDT 1m at 1772281679999
Received candle close event: DOGEUSDT 1m at 1772281679999
Received candle close event: ARUSDT 1m at 1772281679999
Received candle close event: OPUSDT 1m at 1772281679999
Received candle close event: LINKUSDT 1m at 1772281679999
Received candle close event: BCHUSDT 1m at 1772281679999
Received candle close event: SOPHUSDT 1m at 1772281679999
Received candle close event: GWEIUSDT 1m at 1772281679999
Received candle close event: RAVEUSDT 1m at 1772281679999
Received candle close event: ASTERUSDT 1m at 1772281679999
Received candle close event: ZBTUSDT 1m at 1772281679999
Received candle close event: BNBUSDT 1m at 1772281679999
Received candle close event: AZTECUSDT 1m at 1772281679999
Received candle close event: TAOUSDT 1m at 1772281679999
Received candle close event: 1000BONKUSDT 1m at 1772281679999
Received candle close event: GPSUSDT 1m at 1772281679999
Received candle close event: 1000PEPEUSDT 1m at 1772281679999
Received candle close event: ENSOUSDT 1m at 1772281679999
Received candle close event: TRXUSDT 1m at 1772281679999
Received candle close event: PIPPINUSDT 1m at 1772281679999
Received candle close event: HUSDT 1m at 1772281679999
Received candle close event: BULLAUSDT 1m at 1772281679999
Received candle close event: ZECUSDT 1m at 1772281679999
Received candle close event: KITEUSDT 1m at 1772281679999
Received candle close event: SKYAIUSDT 1m at 1772281679999
Received candle close event: AVAXUSDT 1m at 1772281679999
Received candle close event: TRUTHUSDT 1m at 1772281679999
Received candle close event: ESPUSDT 1m at 1772281679999
Received candle close event: WETUSDT 1m at 1772281679999
Received candle close event: SPACEUSDT 1m at 1772281679999
Received candle close event: VVVUSDT 1m at 1772281679999
Received candle close event: JELLYJELLYUSDT 1m at 1772281679999
Received candle close event: SKRUSDT 1m at 1772281679999
Received candle close event: WLFIUSDT 1m at 1772281679999
Received candle close event: OPNUSDT 1m at 1772281679999
Received candle close event: MIRAUSDT 1m at 1772281679999
Received candle close event: BTCUSDT 1m at 1772281679999
Received candle close event: ETHUSDT 1m at 1772281679999
Received candle close event: 0GUSDT 1m at 1772281679999
Received candle close event: SOLUSDT 1m at 1772281679999
Received candle close event: SUIUSDT 1m at 1772281679999
Received candle close event: C98USDT 1m at 1772281679999
Received candle close event: XRPUSDT 1m at 1772281679999
Received candle close event: BARDUSDT 1m at 1772281679999
Received candle close event: NEARUSDT 1m at 1772281679999
Received candle close event: AGLDUSDT 1m at 1772281679999
Received candle close event: ICPUSDT 1m at 1772281679999
Received candle close event: XPLUSDT 1m at 1772281679999
Received candle close event: BUSDT 1m at 1772281679999
Received candle close event: ALICEUSDT 1m at 1772281679999
Received candle close event: ADAUSDT 1m at 1772281679999
Received candle close event: STEEMUSDT 1m at 1772281679999
Received candle close event: FETUSDT 1m at 1772281679999
Received candle close event: BEATUSDT 1m at 1772281679999
Received candle close event: SPORTFUNUSDT 1m at 1772281679999
Received candle close event: BIRBUSDT 1m at 1772281679999
Received candle close event: IPUSDT 1m at 1772281679999
Received candle close event: MORPHOUSDT 1m at 1772281679999
Received candle close event: NEWTUSDT 1m at 1772281679999
Received candle close event: CLOUSDT 1m at 1772281679999
Received candle close event: FOLKSUSDT 1m at 1772281679999
Received candle close event: ARCUSDT 1m at 1772281679999
Received candle close event: STABLEUSDT 1m at 1772281679999
Received candle close event: HOLOUSDT 1m at 1772281679999
Received candle close event: UAIUSDT 1m at 1772281679999
Received candle close event: SAHARAUSDT 1m at 1772281679999
Received candle close event: WCTUSDT 1m at 1772281679999
Received candle close event: AIXBTUSDT 1m at 1772281679999
Received candle close event: SIRENUSDT 1m at 1772281679999
Received candle close event: CGPTUSDT 1m at 1772281679999
Received candle close event: MOVEUSDT 1m at 1772281679999
Received candle close event: MYXUSDT 1m at 1772281679999
Received candle close event: GIGGLEUSDT 1m at 1772281679999
Received candle close event: CCUSDT 1m at 1772281679999
Received candle close event: XMRUSDT 1m at 1772281679999
Received candle close event: AAVEUSDT 1m at 1772281679999
Received candle close event: GUAUSDT 1m at 1772281679999
Received candle close event: LUNA2USDT 1m at 1772281679999
Received candle close event: ATOMUSDT 1m at 1772281679999
Received candle close event: ALLOUSDT 1m at 1772281679999
Received candle close event: XLMUSDT 1m at 1772281679999
Received candle close event: TONUSDT 1m at 1772281679999
Received candle close event: ZILUSDT 1m at 1772281679999
Received candle close event: LAYERUSDT 1m at 1772281679999
Received candle close event: PORTALUSDT 1m at 1772281679999
Received candle close event: ENAUSDT 1m at 1772281679999
Received candle close event: BIOUSDT 1m at 1772281679999
Received candle close event: FOGOUSDT 1m at 1772281679999
Received candle close event: CYBERUSDT 1m at 1772281679999
Received candle close event: ZENUSDT 1m at 1772281679999
Received candle close event: DASHUSDT 1m at 1772281679999
Received candle close event: SEIUSDT 1m at 1772281679999
Received candle close event: ZAMAUSDT 1m at 1772281679999
Received candle close event: ROSEUSDT 1m at 1772281679999
Received candle close event: FARTCOINUSDT 1m at 1772281679999
Received candle close event: WIFUSDT 1m at 1772281679999
Received candle close event: SIGNUSDT 1m at 1772281679999
Received candle close event: INJUSDT 1m at 1772281679999
Received candle close event: SNXUSDT 1m at 1772281679999
Received candle close event: 1000FLOKIUSDT 1m at 1772281679999
Received candle close event: TRUMPUSDT 1m at 1772281679999
Received candle close event: VETUSDT 1m at 1772281679999
Received candle close event: JTOUSDT 1m at 1772281679999
Received candle close event: APEUSDT 1m at 1772281679999
Received candle close event: SENTUSDT 1m at 1772281679999
Received candle close event: LTCUSDT 1m at 1772281679999
Received candle close event: 1000SHIBUSDT 1m at 1772281679999
Received candle close event: AXSUSDT 1m at 1772281679999
Received candle close event: POLUSDT 1m at 1772281679999
Received candle close event: TIAUSDT 1m at 1772281679999
Received candle close event: ARBUSDT 1m at 1772281679999
Received candle close event: ZROUSDT 1m at 1772281679999
Received candle close event: VIRTUALUSDT 1m at 1772281679999
Received candle close event: ETCUSDT 1m at 1772281679999
Received candle close event: LITUSDT 1m at 1772281679999
Received candle close event: ETHFIUSDT 1m at 1772281679999
Received candle close event: SANDUSDT 1m at 1772281679999
Received candle close event: UNIUSDT 1m at 1772281679999
Received candle close event: DOTUSDT 1m at 1772281679999
Received candle close event: PENGUUSDT 1m at 1772281679999
Received candle close event: PUMPUSDT 1m at 1772281679999
Received candle close event: HBARUSDT 1m at 1772281679999
Received candle close event: ORDIUSDT 1m at 1772281679999
Received candle close event: STRKUSDT 1m at 1772281679999
Received candle close event: BERAUSDT 1m at 1772281679999
Received candle close event: LDOUSDT 1m at 1772281679999
Received candle close event: ONDOUSDT 1m at 1772281679999
Received candle close event: STGUSDT 1m at 1772281679999
Received candle close event: GALAUSDT 1m at 1772281679999
Received candle close event: CAKEUSDT 1m at 1772281679999
Received candle close event: KAITOUSDT 1m at 1772281679999
Received candle close event: ANIMEUSDT 1m at 1772281679999
Received candle close event: MONUSDT 1m at 1772281679999
Received candle close event: CRVUSDT 1m at 1772281679999
Received candle close event: ALGOUSDT 1m at 1772281679999
Received candle close event: JUPUSDT 1m at 1772281679999
Received candle close event: RENDERUSDT 1m at 1772281679999
Received candle close event: NEIROUSDT 1m at 1772281679999
Received candle close event: ETHUSDT 1m at 1772281739999
Received candle close event: RIVERUSDT 1m at 1772281739999
Received candle close event: POWERUSDT 1m at 1772281739999
Received candle close event: TAOUSDT 1m at 1772281739999
Received candle close event: BUSDT 1m at 1772281739999
Received candle close event: TRUTHUSDT 1m at 1772281739999
Received candle close event: MIRAUSDT 1m at 1772281739999
Received candle close event: BCHUSDT 1m at 1772281739999
Received candle close event: LYNUSDT 1m at 1772281739999
Received candle close event: SIRENUSDT 1m at 1772281739999
Received candle close event: ESPUSDT 1m at 1772281739999
Received candle close event: ZBTUSDT 1m at 1772281739999
Received candle close event: HYPEUSDT 1m at 1772281739999
Received candle close event: ADAUSDT 1m at 1772281739999
Received candle close event: ZECUSDT 1m at 1772281739999
Received candle close event: VVVUSDT 1m at 1772281739999
Received candle close event: FETUSDT 1m at 1772281739999
Received candle close event: BNBUSDT 1m at 1772281739999
Received candle close event: ROBOUSDT 1m at 1772281739999
Received candle close event: XRPUSDT 1m at 1772281739999
Received candle close event: BULLAUSDT 1m at 1772281739999
Received candle close event: PIPPINUSDT 1m at 1772281739999
Received candle close event: ATHUSDT 1m at 1772281739999
Received candle close event: HUSDT 1m at 1772281739999
Received candle close event: CCUSDT 1m at 1772281739999
Received candle close event: BARDUSDT 1m at 1772281739999
Received candle close event: LAYERUSDT 1m at 1772281739999
Received candle close event: BTCUSDT 1m at 1772281739999
Received candle close event: GWEIUSDT 1m at 1772281739999
Received candle close event: NEIROUSDT 1m at 1772281739999
Received candle close event: MORPHOUSDT 1m at 1772281739999
Received candle close event: ARCUSDT 1m at 1772281739999
Received candle close event: BIRBUSDT 1m at 1772281739999
Received candle close event: BERAUSDT 1m at 1772281739999
Received candle close event: PORTALUSDT 1m at 1772281739999
Received candle close event: CLOUSDT 1m at 1772281739999
Received candle close event: KITEUSDT 1m at 1772281739999
Received candle close event: SAHARAUSDT 1m at 1772281739999
Received candle close event: 1000LUNCUSDT 1m at 1772281739999
Received candle close event: ROSEUSDT 1m at 1772281739999
Received candle close event: WCTUSDT 1m at 1772281739999
Received candle close event: GALAUSDT 1m at 1772281739999
Received candle close event: SOPHUSDT 1m at 1772281739999
Received candle close event: RAVEUSDT 1m at 1772281739999
Received candle close event: ETCUSDT 1m at 1772281739999
Received candle close event: WETUSDT 1m at 1772281739999
Received candle close event: AGLDUSDT 1m at 1772281739999
Received candle close event: FARTCOINUSDT 1m at 1772281739999
Received candle close event: BEATUSDT 1m at 1772281739999
Received candle close event: SKYAIUSDT 1m at 1772281739999
Received candle close event: VIRTUALUSDT 1m at 1772281739999
Received candle close event: RENDERUSDT 1m at 1772281739999
Received candle close event: ENSOUSDT 1m at 1772281739999
Received candle close event: UAIUSDT 1m at 1772281739999
Received candle close event: AIXBTUSDT 1m at 1772281739999
Received candle close event: HOLOUSDT 1m at 1772281739999
Received candle close event: EULUSDT 1m at 1772281739999
Received candle close event: FOLKSUSDT 1m at 1772281739999
Received candle close event: SPACEUSDT 1m at 1772281739999
Received candle close event: CHZUSDT 1m at 1772281739999
Received candle close event: SIGNUSDT 1m at 1772281739999
Received candle close event: STABLEUSDT 1m at 1772281739999
Received candle close event: XMRUSDT 1m at 1772281739999
Received candle close event: VETUSDT 1m at 1772281739999
Received candle close event: SKRUSDT 1m at 1772281739999
Received candle close event: SPORTFUNUSDT 1m at 1772281739999
Received candle close event: OPNUSDT 1m at 1772281739999
Received candle close event: GPSUSDT 1m at 1772281739999
Received candle close event: LUNA2USDT 1m at 1772281739999
Received candle close event: ALLOUSDT 1m at 1772281739999
Received candle close event: ANIMEUSDT 1m at 1772281739999
Received candle close event: AZTECUSDT 1m at 1772281739999
Received candle close event: SEIUSDT 1m at 1772281739999
Received candle close event: JELLYJELLYUSDT 1m at 1772281739999
Received candle close event: 1000FLOKIUSDT 1m at 1772281739999
Received candle close event: GUAUSDT 1m at 1772281739999
Received candle close event: DASHUSDT 1m at 1772281739999
Received candle close event: HBARUSDT 1m at 1772281739999
Received candle close event: JTOUSDT 1m at 1772281739999
Received candle close event: DENTUSDT 1m at 1772281739999
Received candle close event: TRXUSDT 1m at 1772281739999
Received candle close event: BIOUSDT 1m at 1772281739999
Received candle close event: DOTUSDT 1m at 1772281739999
Received candle close event: ZAMAUSDT 1m at 1772281739999
Received candle close event: PENDLEUSDT 1m at 1772281739999
Received candle close event: TIAUSDT 1m at 1772281739999
Received candle close event: 0GUSDT 1m at 1772281739999
Received candle close event: ALICEUSDT 1m at 1772281739999
Received candle close event: SENTUSDT 1m at 1772281739999
Received candle close event: WLFIUSDT 1m at 1772281739999
Received candle close event: ENAUSDT 1m at 1772281739999
Received candle close event: ONDOUSDT 1m at 1772281739999
Received candle close event: TONUSDT 1m at 1772281739999
Received candle close event: ZILUSDT 1m at 1772281739999
Received candle close event: CAKEUSDT 1m at 1772281739999
Received candle close event: ALGOUSDT 1m at 1772281739999
Received candle close event: DUSKUSDT 1m at 1772281739999
Received candle close event: SNXUSDT 1m at 1772281739999
Received candle close event: WLDUSDT 1m at 1772281739999
Received candle close event: DOGEUSDT 1m at 1772281739999
Received candle close event: 1000PEPEUSDT 1m at 1772281739999
Received candle close event: AAVEUSDT 1m at 1772281739999
Received candle close event: KAITOUSDT 1m at 1772281739999
Received candle close event: WIFUSDT 1m at 1772281739999
Received candle close event: TRUMPUSDT 1m at 1772281739999
Received candle close event: APEUSDT 1m at 1772281739999
Received candle close event: INJUSDT 1m at 1772281739999
Received candle close event: ZENUSDT 1m at 1772281739999
Received candle close event: ATOMUSDT 1m at 1772281739999
Received candle close event: ICPUSDT 1m at 1772281739999
Received candle close event: XLMUSDT 1m at 1772281739999
Received candle close event: JUPUSDT 1m at 1772281739999
Received candle close event: SUIUSDT 1m at 1772281739999
Received candle close event: GIGGLEUSDT 1m at 1772281739999
Received candle close event: NEWTUSDT 1m at 1772281739999
Received candle close event: XPLUSDT 1m at 1772281739999
Received candle close event: POLUSDT 1m at 1772281739999
Received candle close event: NEARUSDT 1m at 1772281739999
Received candle close event: STEEMUSDT 1m at 1772281739999
Received candle close event: FILUSDT 1m at 1772281739999
Received candle close event: PUMPUSDT 1m at 1772281739999
Received candle close event: AXSUSDT 1m at 1772281739999
Received candle close event: OPUSDT 1m at 1772281739999
Received candle close event: MYXUSDT 1m at 1772281739999
Received candle close event: SOLUSDT 1m at 1772281739999
Received candle close event: IPUSDT 1m at 1772281739999
Received candle close event: CGPTUSDT 1m at 1772281739999
Received candle close event: 1000BONKUSDT 1m at 1772281739999
Received candle close event: ZROUSDT 1m at 1772281739999
Received candle close event: 1000SHIBUSDT 1m at 1772281739999
Received candle close event: UNIUSDT 1m at 1772281739999
Received candle close event: CYBERUSDT 1m at 1772281739999
Received candle close event: STGUSDT 1m at 1772281739999
Received candle close event: SANDUSDT 1m at 1772281739999
Received candle close event: LITUSDT 1m at 1772281739999
Received candle close event: LTCUSDT 1m at 1772281739999
Received candle close event: LDOUSDT 1m at 1772281739999
Received candle close event: MONUSDT 1m at 1772281739999
Received candle close event: ASTERUSDT 1m at 1772281739999
Received candle close event: PENGUUSDT 1m at 1772281739999
Received candle close event: LINKUSDT 1m at 1772281739999
Received candle close event: CRVUSDT 1m at 1772281739999
Received candle close event: ARUSDT 1m at 1772281739999
Received candle close event: AVAXUSDT 1m at 1772281739999
Received candle close event: APTUSDT 1m at 1772281739999
Received candle close event: ETHFIUSDT 1m at 1772281739999
Received candle close event: STRKUSDT 1m at 1772281739999
Received candle close event: FOGOUSDT 1m at 1772281739999
Received candle close event: C98USDT 1m at 1772281739999
Received candle close event: ORDIUSDT 1m at 1772281739999
Received candle close event: MOVEUSDT 1m at 1772281739999
Received candle close event: ARBUSDT 1m at 1772281739999
Received candle close event: ETHUSDT 15m at 1772281799999
Processing feature batch for ETHUSDT on 15m, bars=499, cols=34, realtime: true
Received candle close event: ZECUSDT 1m at 1772281799999
  Persisting 68 indicator records for ETHUSDT on 15m (bars 497..498, skipped 497 warmup bars)
Received candle close event: ETHUSDT 5m at 1772281799999
Received candle close event: ZECUSDT 5m at 1772281799999
Received candle close event: ETHUSDT 1m at 1772281799999
Received candle close event: ZECUSDT 15m at 1772281799999
Received candle close event: BCHUSDT 1m at 1772281799999
Received candle close event: KITEUSDT 5m at 1772281799999
Received candle close event: PUMPUSDT 5m at 1772281799999
Received candle close event: KITEUSDT 15m at 1772281799999
Processing feature batch for ZECUSDT on 15m, bars=499, cols=34, realtime: true
  Persisting 68 indicator records for ZECUSDT on 15m (bars 497..498, skipped 497 warmup bars)
Processing feature batch for KITEUSDT on 15m, bars=498, cols=34, realtime: true
Received candle close event: BCHUSDT 15m at 1772281799999
  Persisting 68 indicator records for KITEUSDT on 15m (bars 496..497, skipped 496 warmup bars)
Processing feature batch for BCHUSDT on 15m, bars=498, cols=34, realtime: true
Received candle close event: TRUTHUSDT 1m at 1772281799999
  Persisting 68 indicator records for BCHUSDT on 15m (bars 496..497, skipped 496 warmup bars)
Received candle close event: OPNUSDT 15m at 1772281799999
Received candle close event: TONUSDT 15m at 1772281799999
Processing feature batch for OPNUSDT on 15m, bars=498, cols=34, realtime: true
  Persisting 68 indicator records for OPNUSDT on 15m (bars 496..497, skipped 496 warmup bars)
Processing feature batch for TONUSDT on 15m, bars=499, cols=34, realtime: true
Received candle close event: PUMPUSDT 15m at 1772281799999
  Persisting 68 indicator records for TONUSDT on 15m (bars 497..498, skipped 497 warmup bars)
Processing feature batch for PUMPUSDT on 15m, bars=499, cols=34, realtime: true
Received candle close event: BCHUSDT 5m at 1772281799999
  Persisting 68 indicator records for PUMPUSDT on 15m (bars 497..498, skipped 497 warmup bars)
Received candle close event: KITEUSDT 1m at 1772281799999
Received candle close event: OPNUSDT 5m at 1772281799999
Received candle close event: TRUTHUSDT 5m at 1772281799999
Received candle close event: TONUSDT 1m at 1772281799999
Received candle close event: PUMPUSDT 1m at 1772281799999
Received candle close event: OPNUSDT 1m at 1772281799999
Received candle close event: TRUTHUSDT 15m at 1772281799999
Processing feature batch for TRUTHUSDT on 15m, bars=1, cols=34, realtime: true
Skipping feature batch for TRUTHUSDT on 15m - no bars with enough valid indicators
Received candle close event: TONUSDT 5m at 1772281799999
Received candle close event: RIVERUSDT 5m at 1772281799999
Received candle close event: POWERUSDT 5m at 1772281799999
Received candle close event: BNBUSDT 5m at 1772281799999
Received candle close event: RIVERUSDT 1m at 1772281799999
Received candle close event: LAYERUSDT 1m at 1772281799999
Received candle close event: JUPUSDT 15m at 1772281799999
Received candle close event: STGUSDT 15m at 1772281799999
Processing feature batch for JUPUSDT on 15m, bars=499, cols=34, realtime: true
  Persisting 68 indicator records for JUPUSDT on 15m (bars 497..498, skipped 497 warmup bars)
Received candle close event: POWERUSDT 1m at 1772281799999
Received candle close event: BNBUSDT 15m at 1772281799999
Processing feature batch for STGUSDT on 15m, bars=499, cols=34, realtime: true
  Persisting 68 indicator records for STGUSDT on 15m (bars 497..498, skipped 497 warmup bars)
Received candle close event: RIVERUSDT 15m at 1772281799999
Processing feature batch for BNBUSDT on 15m, bars=499, cols=34, realtime: true
  Persisting 68 indicator records for BNBUSDT on 15m (bars 497..498, skipped 497 warmup bars)
Received candle close event: LAYERUSDT 5m at 1772281799999
Received candle close event: JUPUSDT 5m at 1772281799999
Processing feature batch for RIVERUSDT on 15m, bars=499, cols=34, realtime: true
Received candle close event: STGUSDT 5m at 1772281799999
  Persisting 68 indicator records for RIVERUSDT on 15m (bars 497..498, skipped 497 warmup bars)
Received candle close event: POWERUSDT 15m at 1772281799999
Processing feature batch for POWERUSDT on 15m, bars=499, cols=34, realtime: true
Received candle close event: BNBUSDT 1m at 1772281799999
  Persisting 68 indicator records for POWERUSDT on 15m (bars 497..498, skipped 497 warmup bars)
Received candle close event: LAYERUSDT 15m at 1772281799999
Processing feature batch for LAYERUSDT on 15m, bars=499, cols=34, realtime: true
Received candle close event: JUPUSDT 1m at 1772281799999
  Persisting 68 indicator records for LAYERUSDT on 15m (bars 497..498, skipped 497 warmup bars)
Received candle close event: STGUSDT 1m at 1772281799999
Received candle close event: XMRUSDT 1m at 1772281799999
Received candle close event: WLDUSDT 1m at 1772281799999
Received candle close event: PIPPINUSDT 15m at 1772281799999
Received candle close event: CHZUSDT 1m at 1772281799999
Processing feature batch for PIPPINUSDT on 15m, bars=498, cols=34, realtime: true
Received candle close event: XMRUSDT 15m at 1772281799999
  Persisting 68 indicator records for PIPPINUSDT on 15m (bars 496..497, skipped 496 warmup bars)
Received candle close event: PENDLEUSDT 15m at 1772281799999
Processing feature batch for XMRUSDT on 15m, bars=499, cols=34, realtime: true
  Persisting 68 indicator records for XMRUSDT on 15m (bars 497..498, skipped 497 warmup bars)
Processing feature batch for PENDLEUSDT on 15m, bars=499, cols=34, realtime: true
Received candle close event: PIPPINUSDT 5m at 1772281799999
  Persisting 68 indicator records for PENDLEUSDT on 15m (bars 497..498, skipped 497 warmup bars)
Received candle close event: CHZUSDT 5m at 1772281799999
Received candle close event: XMRUSDT 5m at 1772281799999
Received candle close event: WLDUSDT 5m at 1772281799999
Received candle close event: PIPPINUSDT 1m at 1772281799999
Received candle close event: CHZUSDT 15m at 1772281799999
Received candle close event: PENDLEUSDT 5m at 1772281799999
Processing feature batch for CHZUSDT on 15m, bars=499, cols=34, realtime: true
Received candle close event: GIGGLEUSDT 15m at 1772281799999
  Persisting 68 indicator records for CHZUSDT on 15m (bars 497..498, skipped 497 warmup bars)
Received candle close event: WLDUSDT 15m at 1772281799999
Processing feature batch for GIGGLEUSDT on 15m, bars=499, cols=34, realtime: true
  Persisting 68 indicator records for GIGGLEUSDT on 15m (bars 497..498, skipped 497 warmup bars)
Received candle close event: GIGGLEUSDT 5m at 1772281799999
Received candle close event: AAVEUSDT 1m at 1772281799999
Received candle close event: VIRTUALUSDT 1m at 1772281799999
Processing feature batch for WLDUSDT on 15m, bars=499, cols=34, realtime: true
Received candle close event: PENDLEUSDT 1m at 1772281799999
Received candle close event: GIGGLEUSDT 1m at 1772281799999
Received candle close event: AAVEUSDT 5m at 1772281799999
Received candle close event: VIRTUALUSDT 5m at 1772281799999
  Persisting 68 indicator records for WLDUSDT on 15m (bars 497..498, skipped 497 warmup bars)
Received candle close event: AAVEUSDT 15m at 1772281799999
Received candle close event: VIRTUALUSDT 15m at 1772281799999
Processing feature batch for AAVEUSDT on 15m, bars=499, cols=34, realtime: true
  Persisting 68 indicator records for AAVEUSDT on 15m (bars 497..498, skipped 497 warmup bars)
Received candle close event: ATOMUSDT 15m at 1772281799999
Processing feature batch for VIRTUALUSDT on 15m, bars=499, cols=34, realtime: true
  Persisting 68 indicator records for VIRTUALUSDT on 15m (bars 497..498, skipped 497 warmup bars)
Processing feature batch for ATOMUSDT on 15m, bars=499, cols=34, realtime: true
  Persisting 68 indicator records for ATOMUSDT on 15m (bars 497..498, skipped 497 warmup bars)
Received candle close event: BIRBUSDT 1m at 1772281799999
Received candle close event: GWEIUSDT 5m at 1772281799999
Received candle close event: ALICEUSDT 5m at 1772281799999
Received candle close event: BIRBUSDT 15m at 1772281799999
Received candle close event: GWEIUSDT 15m at 1772281799999
Processing feature batch for BIRBUSDT on 15m, bars=498, cols=34, realtime: true
  Persisting 68 indicator records for BIRBUSDT on 15m (bars 496..497, skipped 496 warmup bars)
Received candle close event: ALICEUSDT 15m at 1772281799999
Processing feature batch for GWEIUSDT on 15m, bars=498, cols=34, realtime: true
  Persisting 68 indicator records for GWEIUSDT on 15m (bars 496..497, skipped 496 warmup bars)
Received candle close event: GWEIUSDT 1m at 1772281799999
Processing feature batch for ALICEUSDT on 15m, bars=498, cols=34, realtime: true
Received candle close event: BIRBUSDT 5m at 1772281799999
  Persisting 68 indicator records for ALICEUSDT on 15m (bars 496..497, skipped 496 warmup bars)
Received candle close event: ALICEUSDT 1m at 1772281799999
Received candle close event: XRPUSDT 5m at 1772281799999
Received candle close event: HYPEUSDT 1m at 1772281799999
Received candle close event: DOGEUSDT 1m at 1772281799999
Received candle close event: XRPUSDT 15m at 1772281799999
Received candle close event: HYPEUSDT 15m at 1772281799999
Processing feature batch for XRPUSDT on 15m, bars=499, cols=34, realtime: true
  Persisting 68 indicator records for XRPUSDT on 15m (bars 497..498, skipped 497 warmup bars)
Received candle close event: DOGEUSDT 15m at 1772281799999
Processing feature batch for HYPEUSDT on 15m, bars=499, cols=34, realtime: true
  Persisting 68 indicator records for HYPEUSDT on 15m (bars 497..498, skipped 497 warmup bars)
Processing feature batch for DOGEUSDT on 15m, bars=499, cols=34, realtime: true
Received candle close event: ESPUSDT 1m at 1772281799999
  Persisting 68 indicator records for DOGEUSDT on 15m (bars 497..498, skipped 497 warmup bars)
Received candle close event: NEIROUSDT 1m at 1772281799999
Received candle close event: BERAUSDT 5m at 1772281799999
Received candle close event: XRPUSDT 1m at 1772281799999
Received candle close event: HYPEUSDT 5m at 1772281799999
Received candle close event: DOGEUSDT 5m at 1772281799999
Received candle close event: ESPUSDT 15m at 1772281799999
Processing feature batch for ESPUSDT on 15m, bars=499, cols=34, realtime: true
Received candle close event: NEIROUSDT 15m at 1772281799999
  Persisting 68 indicator records for ESPUSDT on 15m (bars 497..498, skipped 497 warmup bars)
Received candle close event: BERAUSDT 15m at 1772281799999
Processing feature batch for NEIROUSDT on 15m, bars=499, cols=34, realtime: true
  Persisting 68 indicator records for NEIROUSDT on 15m (bars 497..498, skipped 497 warmup bars)
Received candle close event: ESPUSDT 5m at 1772281799999
Received candle close event: NEIROUSDT 5m at 1772281799999
Received candle close event: BERAUSDT 1m at 1772281799999
Processing feature batch for BERAUSDT on 15m, bars=499, cols=34, realtime: true
  Persisting 68 indicator records for BERAUSDT on 15m (bars 497..498, skipped 497 warmup bars)
Received candle close event: BARDUSDT 5m at 1772281799999
Received candle close event: BTCUSDT 1m at 1772281799999
Received candle close event: BARDUSDT 1m at 1772281799999
Received candle close event: BTCUSDT 5m at 1772281799999
Received candle close event: ROBOUSDT 5m at 1772281799999
Received candle close event: TAOUSDT 5m at 1772281799999
Received candle close event: BARDUSDT 15m at 1772281799999
Received candle close event: BTCUSDT 15m at 1772281799999
Processing feature batch for BARDUSDT on 15m, bars=498, cols=34, realtime: true
  Persisting 68 indicator records for BARDUSDT on 15m (bars 496..497, skipped 496 warmup bars)
Processing feature batch for BTCUSDT on 15m, bars=498, cols=34, realtime: true
Received candle close event: ROBOUSDT 15m at 1772281799999
  Persisting 68 indicator records for BTCUSDT on 15m (bars 496..497, skipped 496 warmup bars)
Received candle close event: TAOUSDT 1m at 1772281799999
Processing feature batch for ROBOUSDT on 15m, bars=108, cols=34, realtime: true
Received candle close event: ROBOUSDT 1m at 1772281799999
Received candle close event: TAOUSDT 15m at 1772281799999
  Persisting 66 indicator records for ROBOUSDT on 15m (bars 106..107, skipped 106 warmup bars)
Processing feature batch for TAOUSDT on 15m, bars=498, cols=34, realtime: true
  Persisting 68 indicator records for TAOUSDT on 15m (bars 496..497, skipped 496 warmup bars)
Received candle close event: ZBTUSDT 1m at 1772281799999
Received candle close event: ZBTUSDT 5m at 1772281799999
Received candle close event: ZBTUSDT 15m at 1772281799999
Processing feature batch for ZBTUSDT on 15m, bars=499, cols=34, realtime: true
  Persisting 68 indicator records for ZBTUSDT on 15m (bars 497..498, skipped 497 warmup bars)
Received candle close event: 1000BONKUSDT 5m at 1772281799999
Received candle close event: 1000BONKUSDT 15m at 1772281799999
Processing feature batch for 1000BONKUSDT on 15m, bars=498, cols=34, realtime: true
  Persisting 68 indicator records for 1000BONKUSDT on 15m (bars 496..497, skipped 496 warmup bars)
Received candle close event: 1000BONKUSDT 1m at 1772281799999
Received candle close event: ATOMUSDT 5m at 1772281799999
Received candle close event: UNIUSDT 5m at 1772281799999
Received candle close event: SPACEUSDT 1m at 1772281799999
Received candle close event: ATOMUSDT 1m at 1772281799999
Received candle close event: UNIUSDT 15m at 1772281799999
Received candle close event: SPACEUSDT 5m at 1772281799999
Processing feature batch for UNIUSDT on 15m, bars=499, cols=34, realtime: true
  Persisting 68 indicator records for UNIUSDT on 15m (bars 497..498, skipped 497 warmup bars)
Received candle close event: UNIUSDT 1m at 1772281799999
Received candle close event: SPACEUSDT 15m at 1772281799999
Processing feature batch for SPACEUSDT on 15m, bars=499, cols=34, realtime: true
  Persisting 68 indicator records for SPACEUSDT on 15m (bars 497..498, skipped 497 warmup bars)
Received candle close event: BULLAUSDT 15m at 1772281799999
Processing feature batch for BULLAUSDT on 15m, bars=498, cols=34, realtime: true
  Persisting 68 indicator records for BULLAUSDT on 15m (bars 496..497, skipped 496 warmup bars)
Received candle close event: BULLAUSDT 1m at 1772281799999
Received candle close event: BULLAUSDT 5m at 1772281799999
Received candle close event: INJUSDT 5m at 1772281799999
Received candle close event: INJUSDT 1m at 1772281799999
Received candle close event: INJUSDT 15m at 1772281799999
Processing feature batch for INJUSDT on 15m, bars=499, cols=34, realtime: true
  Persisting 68 indicator records for INJUSDT on 15m (bars 497..498, skipped 497 warmup bars)
Received candle close event: SAHARAUSDT 15m at 1772281799999
Received candle close event: BEATUSDT 1m at 1772281799999
Processing feature batch for SAHARAUSDT on 15m, bars=498, cols=34, realtime: true
  Persisting 68 indicator records for SAHARAUSDT on 15m (bars 496..497, skipped 496 warmup bars)
Received candle close event: SAHARAUSDT 5m at 1772281799999
Received candle close event: SOPHUSDT 1m at 1772281799999
Received candle close event: SIRENUSDT 1m at 1772281799999
Received candle close event: FOGOUSDT 15m at 1772281799999
Received candle close event: BEATUSDT 15m at 1772281799999
Processing feature batch for FOGOUSDT on 15m, bars=499, cols=34, realtime: true
  Persisting 68 indicator records for FOGOUSDT on 15m (bars 497..498, skipped 497 warmup bars)
Processing feature batch for BEATUSDT on 15m, bars=499, cols=34, realtime: true
Received candle close event: SEIUSDT 1m at 1772281799999
  Persisting 68 indicator records for BEATUSDT on 15m (bars 497..498, skipped 497 warmup bars)
Received candle close event: SOPHUSDT 5m at 1772281799999
Received candle close event: SAHARAUSDT 1m at 1772281799999
Received candle close event: FOGOUSDT 5m at 1772281799999
Received candle close event: SIRENUSDT 5m at 1772281799999
Received candle close event: BEATUSDT 5m at 1772281799999
Received candle close event: SEIUSDT 5m at 1772281799999
Received candle close event: SOPHUSDT 15m at 1772281799999
Received candle close event: FOGOUSDT 1m at 1772281799999
Processing feature batch for SOPHUSDT on 15m, bars=499, cols=34, realtime: true
Received candle close event: SIRENUSDT 15m at 1772281799999
  Persisting 68 indicator records for SOPHUSDT on 15m (bars 497..498, skipped 497 warmup bars)
Received candle close event: SEIUSDT 15m at 1772281799999
Processing feature batch for SIRENUSDT on 15m, bars=499, cols=34, realtime: true
  Persisting 68 indicator records for SIRENUSDT on 15m (bars 497..498, skipped 497 warmup bars)
Processing feature batch for SEIUSDT on 15m, bars=499, cols=34, realtime: true
Received candle close event: UAIUSDT 1m at 1772281799999
  Persisting 68 indicator records for SEIUSDT on 15m (bars 497..498, skipped 497 warmup bars)
Received candle close event: ARCUSDT 15m at 1772281799999
Processing feature batch for ARCUSDT on 15m, bars=499, cols=34, realtime: true
  Persisting 68 indicator records for ARCUSDT on 15m (bars 497..498, skipped 497 warmup bars)
Received candle close event: UAIUSDT 15m at 1772281799999
Processing feature batch for UAIUSDT on 15m, bars=499, cols=34, realtime: true
Received candle close event: ARCUSDT 5m at 1772281799999
  Persisting 68 indicator records for UAIUSDT on 15m (bars 497..498, skipped 497 warmup bars)
Received candle close event: GPSUSDT 5m at 1772281799999
Received candle close event: RAVEUSDT 1m at 1772281799999
Received candle close event: 1000LUNCUSDT 5m at 1772281799999
Received candle close event: UAIUSDT 5m at 1772281799999
Received candle close event: ARCUSDT 1m at 1772281799999
Received candle close event: RAVEUSDT 15m at 1772281799999
Received candle close event: ATHUSDT 1m at 1772281799999
Processing feature batch for RAVEUSDT on 15m, bars=499, cols=34, realtime: true
Received candle close event: 1000LUNCUSDT 15m at 1772281799999
  Persisting 68 indicator records for RAVEUSDT on 15m (bars 497..498, skipped 497 warmup bars)
Received candle close event: GPSUSDT 1m at 1772281799999
Received candle close event: WETUSDT 1m at 1772281799999
Received candle close event: 1000LUNCUSDT 1m at 1772281799999
Processing feature batch for 1000LUNCUSDT on 15m, bars=499, cols=34, realtime: true
  Persisting 68 indicator records for 1000LUNCUSDT on 15m (bars 497..498, skipped 497 warmup bars)
Received candle close event: RAVEUSDT 5m at 1772281799999
Received candle close event: ATHUSDT 5m at 1772281799999
Received candle close event: ATHUSDT 15m at 1772281799999
Received candle close event: WETUSDT 5m at 1772281799999
Processing feature batch for ATHUSDT on 15m, bars=499, cols=34, realtime: true
  Persisting 68 indicator records for ATHUSDT on 15m (bars 497..498, skipped 497 warmup bars)
Received candle close event: STRKUSDT 15m at 1772281799999
Processing feature batch for STRKUSDT on 15m, bars=498, cols=34, realtime: true
Received candle close event: C98USDT 15m at 1772281799999
  Persisting 68 indicator records for STRKUSDT on 15m (bars 496..497, skipped 496 warmup bars)
Received candle close event: MOVEUSDT 15m at 1772281799999
Processing feature batch for C98USDT on 15m, bars=498, cols=34, realtime: true
  Persisting 68 indicator records for C98USDT on 15m (bars 496..497, skipped 496 warmup bars)
Received candle close event: GPSUSDT 15m at 1772281799999
Processing feature batch for MOVEUSDT on 15m, bars=498, cols=34, realtime: true
  Persisting 68 indicator records for MOVEUSDT on 15m (bars 496..497, skipped 496 warmup bars)
Received candle close event: WETUSDT 15m at 1772281799999
Processing feature batch for GPSUSDT on 15m, bars=499, cols=34, realtime: true
  Persisting 68 indicator records for GPSUSDT on 15m (bars 497..498, skipped 497 warmup bars)
Received candle close event: STRKUSDT 1m at 1772281799999
Processing feature batch for WETUSDT on 15m, bars=499, cols=34, realtime: true
Received candle close event: MOVEUSDT 5m at 1772281799999
  Persisting 68 indicator records for WETUSDT on 15m (bars 497..498, skipped 497 warmup bars)
Received candle close event: STRKUSDT 5m at 1772281799999
Received candle close event: MOVEUSDT 1m at 1772281799999
Received candle close event: C98USDT 5m at 1772281799999
Received candle close event: C98USDT 1m at 1772281799999
Received candle close event: 0GUSDT 1m at 1772281799999
Received candle close event: LTCUSDT 5m at 1772281799999
Received candle close event: APTUSDT 1m at 1772281799999
Received candle close event: DOTUSDT 1m at 1772281799999
Received candle close event: PENGUUSDT 15m at 1772281799999
Received candle close event: XLMUSDT 15m at 1772281799999
Processing feature batch for PENGUUSDT on 15m, bars=499, cols=34, realtime: true
  Persisting 68 indicator records for PENGUUSDT on 15m (bars 497..498, skipped 497 warmup bars)
Received candle close event: LTCUSDT 1m at 1772281799999
Processing feature batch for XLMUSDT on 15m, bars=499, cols=34, realtime: true
Received candle close event: APTUSDT 15m at 1772281799999
  Persisting 68 indicator records for XLMUSDT on 15m (bars 497..498, skipped 497 warmup bars)
Received candle close event: 0GUSDT 5m at 1772281799999
Processing feature batch for APTUSDT on 15m, bars=499, cols=34, realtime: true
  Persisting 68 indicator records for APTUSDT on 15m (bars 497..498, skipped 497 warmup bars)
Received candle close event: SOLUSDT 5m at 1772281799999
Received candle close event: PENGUUSDT 5m at 1772281799999
Received candle close event: DOTUSDT 5m at 1772281799999
Received candle close event: XLMUSDT 1m at 1772281799999
Received candle close event: ZROUSDT 15m at 1772281799999
Received candle close event: 1000PEPEUSDT 1m at 1772281799999
Received candle close event: SANDUSDT 15m at 1772281799999
Processing feature batch for ZROUSDT on 15m, bars=499, cols=34, realtime: true
  Persisting 68 indicator records for ZROUSDT on 15m (bars 497..498, skipped 497 warmup bars)
Processing feature batch for SANDUSDT on 15m, bars=499, cols=34, realtime: true
Received candle close event: POLUSDT 5m at 1772281799999
  Persisting 68 indicator records for SANDUSDT on 15m (bars 497..498, skipped 497 warmup bars)
Received candle close event: LTCUSDT 15m at 1772281799999
Received candle close event: 0GUSDT 15m at 1772281799999
Processing feature batch for LTCUSDT on 15m, bars=499, cols=34, realtime: true
  Persisting 68 indicator records for LTCUSDT on 15m (bars 497..498, skipped 497 warmup bars)
Received candle close event: APTUSDT 5m at 1772281799999
Received candle close event: SOLUSDT 1m at 1772281799999
Received candle close event: PENGUUSDT 1m at 1772281799999
Processing feature batch for 0GUSDT on 15m, bars=499, cols=34, realtime: true
Received candle close event: XLMUSDT 5m at 1772281799999
  Persisting 68 indicator records for 0GUSDT on 15m (bars 497..498, skipped 497 warmup bars)
Received candle close event: DOTUSDT 15m at 1772281799999
Processing feature batch for DOTUSDT on 15m, bars=499, cols=34, realtime: true
Received candle close event: ZROUSDT 5m at 1772281799999
  Persisting 68 indicator records for DOTUSDT on 15m (bars 497..498, skipped 497 warmup bars)
Received candle close event: SANDUSDT 1m at 1772281799999
Received candle close event: 1000PEPEUSDT 5m at 1772281799999
Received candle close event: POLUSDT 1m at 1772281799999
Received candle close event: ASTERUSDT 1m at 1772281799999
Received candle close event: ARBUSDT 1m at 1772281799999
Received candle close event: SOLUSDT 15m at 1772281799999
Received candle close event: ZROUSDT 1m at 1772281799999
Received candle close event: SANDUSDT 5m at 1772281799999
Received candle close event: 1000PEPEUSDT 15m at 1772281799999
Processing feature batch for SOLUSDT on 15m, bars=499, cols=34, realtime: true
  Persisting 68 indicator records for SOLUSDT on 15m (bars 497..498, skipped 497 warmup bars)
Received candle close event: POLUSDT 15m at 1772281799999
Processing feature batch for 1000PEPEUSDT on 15m, bars=499, cols=34, realtime: true
  Persisting 68 indicator records for 1000PEPEUSDT on 15m (bars 497..498, skipped 497 warmup bars)
Received candle close event: ASTERUSDT 15m at 1772281799999
Processing feature batch for POLUSDT on 15m, bars=499, cols=34, realtime: true
  Persisting 68 indicator records for POLUSDT on 15m (bars 497..498, skipped 497 warmup bars)
Received candle close event: ARBUSDT 15m at 1772281799999
Processing feature batch for ASTERUSDT on 15m, bars=499, cols=34, realtime: true
  Persisting 68 indicator records for ASTERUSDT on 15m (bars 497..498, skipped 497 warmup bars)
Processing feature batch for ARBUSDT on 15m, bars=499, cols=34, realtime: true
Received candle close event: AVAXUSDT 15m at 1772281799999
  Persisting 68 indicator records for ARBUSDT on 15m (bars 497..498, skipped 497 warmup bars)
Processing feature batch for AVAXUSDT on 15m, bars=499, cols=34, realtime: true
Received candle close event: HBARUSDT 1m at 1772281799999
  Persisting 68 indicator records for AVAXUSDT on 15m (bars 497..498, skipped 497 warmup bars)
Received candle close event: SUIUSDT 5m at 1772281799999
Received candle close event: ENSOUSDT 5m at 1772281799999
Received candle close event: MORPHOUSDT 15m at 1772281799999
Processing feature batch for MORPHOUSDT on 15m, bars=499, cols=34, realtime: true
Received candle close event: ADAUSDT 5m at 1772281799999
  Persisting 68 indicator records for MORPHOUSDT on 15m (bars 497..498, skipped 497 warmup bars)
Received candle close event: ASTERUSDT 5m at 1772281799999
Received candle close event: ARBUSDT 5m at 1772281799999
Received candle close event: ALLOUSDT 15m at 1772281799999
Processing feature batch for ALLOUSDT on 15m, bars=498, cols=34, realtime: true
Received candle close event: AVAXUSDT 1m at 1772281799999
  Persisting 68 indicator records for ALLOUSDT on 15m (bars 496..497, skipped 496 warmup bars)
Received candle close event: HBARUSDT 5m at 1772281799999
Received candle close event: SUIUSDT 15m at 1772281799999
Received candle close event: ENSOUSDT 15m at 1772281799999
Processing feature batch for SUIUSDT on 15m, bars=499, cols=34, realtime: true
  Persisting 68 indicator records for SUIUSDT on 15m (bars 497..498, skipped 497 warmup bars)
Received candle close event: MORPHOUSDT 5m at 1772281799999
Processing feature batch for ENSOUSDT on 15m, bars=499, cols=34, realtime: true
Received candle close event: ADAUSDT 15m at 1772281799999
  Persisting 68 indicator records for ENSOUSDT on 15m (bars 497..498, skipped 497 warmup bars)
Received candle close event: ALLOUSDT 5m at 1772281799999
Processing feature batch for ADAUSDT on 15m, bars=499, cols=34, realtime: true
Received candle close event: AVAXUSDT 5m at 1772281799999
  Persisting 68 indicator records for ADAUSDT on 15m (bars 497..498, skipped 497 warmup bars)
Received candle close event: ORDIUSDT 1m at 1772281799999
Received candle close event: HBARUSDT 15m at 1772281799999
Processing feature batch for HBARUSDT on 15m, bars=499, cols=34, realtime: true
Received candle close event: SUIUSDT 1m at 1772281799999
  Persisting 68 indicator records for HBARUSDT on 15m (bars 497..498, skipped 497 warmup bars)
Received candle close event: ENSOUSDT 1m at 1772281799999
Received candle close event: MORPHOUSDT 1m at 1772281799999
Received candle close event: ADAUSDT 1m at 1772281799999
Received candle close event: ALLOUSDT 1m at 1772281799999
Received candle close event: ORDIUSDT 15m at 1772281799999
Received candle close event: RENDERUSDT 1m at 1772281799999
Processing feature batch for ORDIUSDT on 15m, bars=499, cols=34, realtime: true
Received candle close event: ETCUSDT 5m at 1772281799999
  Persisting 68 indicator records for ORDIUSDT on 15m (bars 497..498, skipped 497 warmup bars)
Received candle close event: ORDIUSDT 5m at 1772281799999
Received candle close event: RENDERUSDT 15m at 1772281799999
Received candle close event: ETCUSDT 15m at 1772281799999
Processing feature batch for RENDERUSDT on 15m, bars=499, cols=34, realtime: true
  Persisting 68 indicator records for RENDERUSDT on 15m (bars 497..498, skipped 497 warmup bars)
Processing feature batch for ETCUSDT on 15m, bars=499, cols=34, realtime: true
Received candle close event: RENDERUSDT 5m at 1772281799999
Received candle close event: ETCUSDT 1m at 1772281799999
  Persisting 68 indicator records for ETCUSDT on 15m (bars 497..498, skipped 497 warmup bars)
Received candle close event: DUSKUSDT 5m at 1772281799999
Received candle close event: JTOUSDT 15m at 1772281799999
Processing feature batch for JTOUSDT on 15m, bars=499, cols=34, realtime: true
Received candle close event: APEUSDT 1m at 1772281799999
  Persisting 68 indicator records for JTOUSDT on 15m (bars 497..498, skipped 497 warmup bars)
Received candle close event: CYBERUSDT 5m at 1772281799999
Received candle close event: CAKEUSDT 15m at 1772281799999
Processing feature batch for CAKEUSDT on 15m, bars=499, cols=34, realtime: true
Received candle close event: DUSKUSDT 1m at 1772281799999
Received candle close event: JTOUSDT 5m at 1772281799999
Received candle close event: CYBERUSDT 15m at 1772281799999
  Persisting 68 indicator records for CAKEUSDT on 15m (bars 497..498, skipped 497 warmup bars)
Processing feature batch for CYBERUSDT on 15m, bars=499, cols=34, realtime: true
Received candle close event: APEUSDT 15m at 1772281799999
  Persisting 68 indicator records for CYBERUSDT on 15m (bars 497..498, skipped 497 warmup bars)
Received candle close event: STEEMUSDT 15m at 1772281799999
Processing feature batch for APEUSDT on 15m, bars=499, cols=34, realtime: true
  Persisting 68 indicator records for APEUSDT on 15m (bars 497..498, skipped 497 warmup bars)
Processing feature batch for STEEMUSDT on 15m, bars=499, cols=34, realtime: true
Received candle close event: DUSKUSDT 15m at 1772281799999
  Persisting 68 indicator records for STEEMUSDT on 15m (bars 497..498, skipped 497 warmup bars)
Received candle close event: JTOUSDT 1m at 1772281799999
Received candle close event: CYBERUSDT 1m at 1772281799999
Received candle close event: APEUSDT 5m at 1772281799999
Received candle close event: STEEMUSDT 1m at 1772281799999
Processing feature batch for DUSKUSDT on 15m, bars=499, cols=34, realtime: true
Received candle close event: STEEMUSDT 5m at 1772281799999
  Persisting 68 indicator records for DUSKUSDT on 15m (bars 497..498, skipped 497 warmup bars)
Received candle close event: FOLKSUSDT 5m at 1772281799999
Received candle close event: CAKEUSDT 5m at 1772281799999
Received candle close event: FOLKSUSDT 1m at 1772281799999
Received candle close event: EULUSDT 15m at 1772281799999
Received candle close event: SPORTFUNUSDT 5m at 1772281799999
Received candle close event: AGLDUSDT 5m at 1772281799999
Received candle close event: CGPTUSDT 1m at 1772281799999
Received candle close event: ROSEUSDT 5m at 1772281799999
Received candle close event: ANIMEUSDT 5m at 1772281799999
Received candle close event: CAKEUSDT 1m at 1772281799999
Received candle close event: FOLKSUSDT 15m at 1772281799999
Processing feature batch for EULUSDT on 15m, bars=499, cols=34, realtime: true
  Persisting 68 indicator records for EULUSDT on 15m (bars 497..498, skipped 497 warmup bars)
Processing feature batch for FOLKSUSDT on 15m, bars=499, cols=34, realtime: true
Received candle close event: EULUSDT 1m at 1772281799999
  Persisting 68 indicator records for FOLKSUSDT on 15m (bars 497..498, skipped 497 warmup bars)
Received candle close event: SPORTFUNUSDT 1m at 1772281799999
Received candle close event: AGLDUSDT 1m at 1772281799999
Received candle close event: CGPTUSDT 5m at 1772281799999
Received candle close event: ROSEUSDT 1m at 1772281799999
Received candle close event: ANIMEUSDT 1m at 1772281799999
Received candle close event: SIGNUSDT 15m at 1772281799999
Processing feature batch for SIGNUSDT on 15m, bars=499, cols=34, realtime: true
Received candle close event: SPORTFUNUSDT 15m at 1772281799999
  Persisting 68 indicator records for SIGNUSDT on 15m (bars 497..498, skipped 497 warmup bars)
Received candle close event: CGPTUSDT 15m at 1772281799999
Processing feature batch for SPORTFUNUSDT on 15m, bars=499, cols=34, realtime: true
  Persisting 68 indicator records for SPORTFUNUSDT on 15m (bars 497..498, skipped 497 warmup bars)
Processing feature batch for CGPTUSDT on 15m, bars=85, cols=34, realtime: true
Received candle close event: AGLDUSDT 15m at 1772281799999
  Persisting 66 indicator records for CGPTUSDT on 15m (bars 83..84, skipped 83 warmup bars)
Processing feature batch for AGLDUSDT on 15m, bars=499, cols=34, realtime: true
  Persisting 68 indicator records for AGLDUSDT on 15m (bars 497..498, skipped 497 warmup bars)
Received candle close event: VVVUSDT 5m at 1772281799999
Received candle close event: ROSEUSDT 15m at 1772281799999
Received candle close event: SIGNUSDT 1m at 1772281799999
Received candle close event: SKRUSDT 15m at 1772281799999
Processing feature batch for ROSEUSDT on 15m, bars=499, cols=34, realtime: true
  Persisting 68 indicator records for ROSEUSDT on 15m (bars 497..498, skipped 497 warmup bars)
Processing feature batch for SKRUSDT on 15m, bars=499, cols=34, realtime: true
Received candle close event: ANIMEUSDT 15m at 1772281799999
  Persisting 68 indicator records for SKRUSDT on 15m (bars 497..498, skipped 497 warmup bars)
Received candle close event: NEWTUSDT 15m at 1772281799999
Processing feature batch for ANIMEUSDT on 15m, bars=499, cols=34, realtime: true
  Persisting 68 indicator records for ANIMEUSDT on 15m (bars 497..498, skipped 497 warmup bars)
Processing feature batch for NEWTUSDT on 15m, bars=499, cols=34, realtime: true
Received candle close event: LYNUSDT 15m at 1772281799999
  Persisting 68 indicator records for NEWTUSDT on 15m (bars 497..498, skipped 497 warmup bars)
Received candle close event: AIXBTUSDT 15m at 1772281799999
Processing feature batch for LYNUSDT on 15m, bars=499, cols=34, realtime: true
  Persisting 68 indicator records for LYNUSDT on 15m (bars 497..498, skipped 497 warmup bars)
Received candle close event: SIGNUSDT 5m at 1772281799999
Processing feature batch for AIXBTUSDT on 15m, bars=499, cols=34, realtime: true
Received candle close event: STABLEUSDT 15m at 1772281799999
  Persisting 68 indicator records for AIXBTUSDT on 15m (bars 497..498, skipped 497 warmup bars)
Received candle close event: HOLOUSDT 1m at 1772281799999
Processing feature batch for STABLEUSDT on 15m, bars=499, cols=34, realtime: true
Received candle close event: SKRUSDT 1m at 1772281799999
Received candle close event: VVVUSDT 15m at 1772281799999
  Persisting 68 indicator records for STABLEUSDT on 15m (bars 497..498, skipped 497 warmup bars)
Received candle close event: NEWTUSDT 1m at 1772281799999
Received candle close event: LYNUSDT 5m at 1772281799999
Received candle close event: AIXBTUSDT 1m at 1772281799999
Processing feature batch for VVVUSDT on 15m, bars=499, cols=34, realtime: true
Received candle close event: EULUSDT 5m at 1772281799999
Received candle close event: STABLEUSDT 5m at 1772281799999
Received candle close event: HOLOUSDT 5m at 1772281799999
  Persisting 68 indicator records for VVVUSDT on 15m (bars 497..498, skipped 497 warmup bars)
Received candle close event: SKRUSDT 5m at 1772281799999
Received candle close event: VVVUSDT 1m at 1772281799999
Received candle close event: MYXUSDT 15m at 1772281799999
Received candle close event: LYNUSDT 1m at 1772281799999
Received candle close event: AIXBTUSDT 5m at 1772281799999
Processing feature batch for MYXUSDT on 15m, bars=499, cols=34, realtime: true
Received candle close event: SKYAIUSDT 1m at 1772281799999
Received candle close event: STABLEUSDT 1m at 1772281799999
  Persisting 68 indicator records for MYXUSDT on 15m (bars 497..498, skipped 497 warmup bars)
Received candle close event: HOLOUSDT 15m at 1772281799999
Processing feature batch for HOLOUSDT on 15m, bars=499, cols=34, realtime: true
Received candle close event: NEWTUSDT 5m at 1772281799999
  Persisting 68 indicator records for HOLOUSDT on 15m (bars 497..498, skipped 497 warmup bars)
Received candle close event: WCTUSDT 5m at 1772281799999
Received candle close event: XPLUSDT 5m at 1772281799999
Received candle close event: MYXUSDT 5m at 1772281799999
Received candle close event: SKYAIUSDT 15m at 1772281799999
Processing feature batch for SKYAIUSDT on 15m, bars=499, cols=34, realtime: true
Received candle close event: XPLUSDT 15m at 1772281799999
  Persisting 68 indicator records for SKYAIUSDT on 15m (bars 497..498, skipped 497 warmup bars)
Received candle close event: LDOUSDT 1m at 1772281799999
Received candle close event: MYXUSDT 1m at 1772281799999
Received candle close event: SKYAIUSDT 5m at 1772281799999
Received candle close event: XPLUSDT 1m at 1772281799999
Received candle close event: LDOUSDT 5m at 1772281799999
Received candle close event: IPUSDT 5m at 1772281799999
Received candle close event: TIAUSDT 15m at 1772281799999
Processing feature batch for XPLUSDT on 15m, bars=499, cols=34, realtime: true
  Persisting 68 indicator records for XPLUSDT on 15m (bars 497..498, skipped 497 warmup bars)
Processing feature batch for TIAUSDT on 15m, bars=498, cols=34, realtime: true
Received candle close event: WCTUSDT 1m at 1772281799999
  Persisting 68 indicator records for TIAUSDT on 15m (bars 496..497, skipped 496 warmup bars)
Received candle close event: LDOUSDT 15m at 1772281799999
Processing feature batch for LDOUSDT on 15m, bars=498, cols=34, realtime: true
Received candle close event: IPUSDT 15m at 1772281799999
  Persisting 68 indicator records for LDOUSDT on 15m (bars 496..497, skipped 496 warmup bars)
Received candle close event: TIAUSDT 5m at 1772281799999
Received candle close event: WCTUSDT 15m at 1772281799999
Processing feature batch for IPUSDT on 15m, bars=498, cols=34, realtime: true
  Persisting 68 indicator records for IPUSDT on 15m (bars 496..497, skipped 496 warmup bars)
Received candle close event: IPUSDT 1m at 1772281799999
Processing feature batch for WCTUSDT on 15m, bars=499, cols=34, realtime: true
  Persisting 68 indicator records for WCTUSDT on 15m (bars 497..498, skipped 497 warmup bars)
Received candle close event: TIAUSDT 1m at 1772281799999
Received candle close event: LUNA2USDT 5m at 1772281799999
Received candle close event: LUNA2USDT 15m at 1772281799999
Processing feature batch for LUNA2USDT on 15m, bars=499, cols=34, realtime: true
  Persisting 68 indicator records for LUNA2USDT on 15m (bars 497..498, skipped 497 warmup bars)
Received candle close event: LUNA2USDT 1m at 1772281799999
Received candle close event: NEARUSDT 1m at 1772281799999
Received candle close event: NEARUSDT 15m at 1772281799999
Processing feature batch for NEARUSDT on 15m, bars=498, cols=34, realtime: true
  Persisting 68 indicator records for NEARUSDT on 15m (bars 496..497, skipped 496 warmup bars)
Received candle close event: NEARUSDT 5m at 1772281799999
Received candle close event: ZAMAUSDT 15m at 1772281799999
Processing feature batch for ZAMAUSDT on 15m, bars=499, cols=34, realtime: true
  Persisting 68 indicator records for ZAMAUSDT on 15m (bars 497..498, skipped 497 warmup bars)
Received candle close event: ZAMAUSDT 1m at 1772281799999
Received candle close event: ZAMAUSDT 5m at 1772281799999
Received candle close event: WIFUSDT 15m at 1772281799999
Processing feature batch for WIFUSDT on 15m, bars=498, cols=34, realtime: true
  Persisting 68 indicator records for WIFUSDT on 15m (bars 496..497, skipped 496 warmup bars)
Received candle close event: WIFUSDT 5m at 1772281799999
Received candle close event: WIFUSDT 1m at 1772281799999
Received candle close event: DENTUSDT 15m at 1772281799999
Processing feature batch for DENTUSDT on 15m, bars=499, cols=34, realtime: true
  Persisting 68 indicator records for DENTUSDT on 15m (bars 497..498, skipped 497 warmup bars)
Received candle close event: DENTUSDT 5m at 1772281799999
Received candle close event: DENTUSDT 1m at 1772281799999
Received candle close event: FETUSDT 1m at 1772281799999
Received candle close event: FETUSDT 15m at 1772281799999
Processing feature batch for FETUSDT on 15m, bars=498, cols=34, realtime: true
  Persisting 68 indicator records for FETUSDT on 15m (bars 496..497, skipped 496 warmup bars)
Received candle close event: FETUSDT 5m at 1772281799999
Received candle close event: ENAUSDT 5m at 1772281799999
Received candle close event: ENAUSDT 15m at 1772281799999
Processing feature batch for ENAUSDT on 15m, bars=498, cols=34, realtime: true
  Persisting 68 indicator records for ENAUSDT on 15m (bars 496..497, skipped 496 warmup bars)
Received candle close event: ENAUSDT 1m at 1772281799999
Received candle close event: MIRAUSDT 15m at 1772281799999
Processing feature batch for MIRAUSDT on 15m, bars=499, cols=34, realtime: true
  Persisting 68 indicator records for MIRAUSDT on 15m (bars 497..498, skipped 497 warmup bars)
Received candle close event: MIRAUSDT 1m at 1772281799999
Received candle close event: FILUSDT 1m at 1772281799999
Received candle close event: MIRAUSDT 5m at 1772281799999
Received candle close event: FILUSDT 15m at 1772281799999
Processing feature batch for FILUSDT on 15m, bars=498, cols=34, realtime: true
  Persisting 68 indicator records for FILUSDT on 15m (bars 496..497, skipped 496 warmup bars)
Received candle close event: FILUSDT 5m at 1772281799999
Received candle close event: TRXUSDT 15m at 1772281799999
Received candle close event: BIOUSDT 15m at 1772281799999
Processing feature batch for TRXUSDT on 15m, bars=498, cols=34, realtime: true
  Persisting 68 indicator records for TRXUSDT on 15m (bars 496..497, skipped 496 warmup bars)
Processing feature batch for BIOUSDT on 15m, bars=499, cols=34, realtime: true
Received candle close event: TRXUSDT 1m at 1772281799999
  Persisting 68 indicator records for BIOUSDT on 15m (bars 497..498, skipped 497 warmup bars)
Received candle close event: BIOUSDT 5m at 1772281799999
Received candle close event: BIOUSDT 1m at 1772281799999
Received candle close event: TRXUSDT 5m at 1772281799999
Received candle close event: DASHUSDT 1m at 1772281799999
Received candle close event: DASHUSDT 5m at 1772281799999
Received candle close event: DASHUSDT 15m at 1772281799999
Processing feature batch for DASHUSDT on 15m, bars=498, cols=34, realtime: true
  Persisting 68 indicator records for DASHUSDT on 15m (bars 496..497, skipped 496 warmup bars)
Received candle close event: 1000FLOKIUSDT 15m at 1772281799999
Processing feature batch for 1000FLOKIUSDT on 15m, bars=499, cols=34, realtime: true
  Persisting 68 indicator records for 1000FLOKIUSDT on 15m (bars 497..498, skipped 497 warmup bars)
Received candle close event: 1000FLOKIUSDT 1m at 1772281799999
Received candle close event: 1000FLOKIUSDT 5m at 1772281799999
Received candle close event: ZILUSDT 15m at 1772281799999
Processing feature batch for ZILUSDT on 15m, bars=498, cols=34, realtime: true
  Persisting 68 indicator records for ZILUSDT on 15m (bars 496..497, skipped 496 warmup bars)
Received candle close event: ZILUSDT 5m at 1772281799999
Received candle close event: ZILUSDT 1m at 1772281799999
Received candle close event: AZTECUSDT 1m at 1772281799999
Received candle close event: AZTECUSDT 15m at 1772281799999
Processing feature batch for AZTECUSDT on 15m, bars=498, cols=34, realtime: true
  Persisting 68 indicator records for AZTECUSDT on 15m (bars 496..497, skipped 496 warmup bars)
Received candle close event: AZTECUSDT 5m at 1772281799999
Received candle close event: ARUSDT 5m at 1772281799999
Received candle close event: ARUSDT 15m at 1772281799999
Processing feature batch for ARUSDT on 15m, bars=498, cols=34, realtime: true
  Persisting 68 indicator records for ARUSDT on 15m (bars 496..497, skipped 496 warmup bars)
Received candle close event: ARUSDT 1m at 1772281799999
Received candle close event: LITUSDT 1m at 1772281799999
Received candle close event: OPUSDT 5m at 1772281799999
Received candle close event: ZENUSDT 15m at 1772281799999
Processing feature batch for ZENUSDT on 15m, bars=498, cols=34, realtime: true
  Persisting 68 indicator records for ZENUSDT on 15m (bars 496..497, skipped 496 warmup bars)
Received candle close event: LITUSDT 15m at 1772281799999
Received candle close event: OPUSDT 1m at 1772281799999
Processing feature batch for LITUSDT on 15m, bars=498, cols=34, realtime: true
Received candle close event: ZENUSDT 5m at 1772281799999
  Persisting 68 indicator records for LITUSDT on 15m (bars 496..497, skipped 496 warmup bars)
Received candle close event: LITUSDT 5m at 1772281799999
Received candle close event: ZENUSDT 1m at 1772281799999
Received candle close event: OPUSDT 15m at 1772281799999
Processing feature batch for OPUSDT on 15m, bars=498, cols=34, realtime: true
  Persisting 68 indicator records for OPUSDT on 15m (bars 496..497, skipped 496 warmup bars)
Received candle close event: FARTCOINUSDT 15m at 1772281799999
Processing feature batch for FARTCOINUSDT on 15m, bars=498, cols=34, realtime: true
  Persisting 68 indicator records for FARTCOINUSDT on 15m (bars 496..497, skipped 496 warmup bars)
Received candle close event: GALAUSDT 1m at 1772281799999
Received candle close event: FARTCOINUSDT 1m at 1772281799999
Received candle close event: GALAUSDT 15m at 1772281799999
Received candle close event: FARTCOINUSDT 5m at 1772281799999
Processing feature batch for GALAUSDT on 15m, bars=499, cols=34, realtime: true
  Persisting 68 indicator records for GALAUSDT on 15m (bars 497..498, skipped 497 warmup bars)
Received candle close event: GALAUSDT 5m at 1772281799999
Received candle close event: LINKUSDT 5m at 1772281799999
Received candle close event: LINKUSDT 1m at 1772281799999
Received candle close event: AXSUSDT 5m at 1772281799999
Received candle close event: LINKUSDT 15m at 1772281799999
Received candle close event: AXSUSDT 1m at 1772281799999
Processing feature batch for LINKUSDT on 15m, bars=499, cols=34, realtime: true
  Persisting 68 indicator records for LINKUSDT on 15m (bars 497..498, skipped 497 warmup bars)
Received candle close event: AXSUSDT 15m at 1772281799999
Processing feature batch for AXSUSDT on 15m, bars=498, cols=34, realtime: true
  Persisting 68 indicator records for AXSUSDT on 15m (bars 496..497, skipped 496 warmup bars)
Received candle close event: CRVUSDT 15m at 1772281799999
Processing feature batch for CRVUSDT on 15m, bars=498, cols=34, realtime: true
  Persisting 68 indicator records for CRVUSDT on 15m (bars 496..497, skipped 496 warmup bars)
Received candle close event: CRVUSDT 5m at 1772281799999
Received candle close event: CRVUSDT 1m at 1772281799999
Received candle close event: TRUMPUSDT 15m at 1772281799999
Processing feature batch for TRUMPUSDT on 15m, bars=499, cols=34, realtime: true
  Persisting 68 indicator records for TRUMPUSDT on 15m (bars 497..498, skipped 497 warmup bars)
Received candle close event: TRUMPUSDT 1m at 1772281799999
Received candle close event: TRUMPUSDT 5m at 1772281799999
Received candle close event: ICPUSDT 15m at 1772281799999
Processing feature batch for ICPUSDT on 15m, bars=498, cols=34, realtime: true
  Persisting 68 indicator records for ICPUSDT on 15m (bars 496..497, skipped 496 warmup bars)
Received candle close event: ICPUSDT 5m at 1772281799999
Received candle close event: ICPUSDT 1m at 1772281799999
Received candle close event: SNXUSDT 5m at 1772281799999
Received candle close event: SNXUSDT 1m at 1772281799999
Received candle close event: BUSDT 15m at 1772281799999
Processing feature batch for BUSDT on 15m, bars=85, cols=34, realtime: true
  Persisting 66 indicator records for BUSDT on 15m (bars 83..84, skipped 83 warmup bars)
Received candle close event: SNXUSDT 15m at 1772281799999
Received candle close event: BUSDT 1m at 1772281799999
Processing feature batch for SNXUSDT on 15m, bars=499, cols=34, realtime: true
  Persisting 68 indicator records for SNXUSDT on 15m (bars 497..498, skipped 497 warmup bars)
Received candle close event: BUSDT 5m at 1772281799999
Received candle close event: JELLYJELLYUSDT 5m at 1772281799999
Received candle close event: JELLYJELLYUSDT 15m at 1772281799999
Processing feature batch for JELLYJELLYUSDT on 15m, bars=498, cols=34, realtime: true
  Persisting 68 indicator records for JELLYJELLYUSDT on 15m (bars 496..497, skipped 496 warmup bars)
Received candle close event: JELLYJELLYUSDT 1m at 1772281799999
Received candle close event: SENTUSDT 15m at 1772281799999
Processing feature batch for SENTUSDT on 15m, bars=499, cols=34, realtime: true
  Persisting 68 indicator records for SENTUSDT on 15m (bars 497..498, skipped 497 warmup bars)
Received candle close event: SENTUSDT 5m at 1772281799999
Received candle close event: SENTUSDT 1m at 1772281799999
Received candle close event: WLFIUSDT 1m at 1772281799999
Received candle close event: WLFIUSDT 5m at 1772281799999
Received candle close event: WLFIUSDT 15m at 1772281799999
Processing feature batch for WLFIUSDT on 15m, bars=498, cols=34, realtime: true
  Persisting 68 indicator records for WLFIUSDT on 15m (bars 496..497, skipped 496 warmup bars)
Received candle close event: 1000SHIBUSDT 15m at 1772281799999
Processing feature batch for 1000SHIBUSDT on 15m, bars=499, cols=34, realtime: true
  Persisting 68 indicator records for 1000SHIBUSDT on 15m (bars 497..498, skipped 497 warmup bars)
Received candle close event: 1000SHIBUSDT 1m at 1772281799999
Received candle close event: 1000SHIBUSDT 5m at 1772281799999
Received candle close event: CCUSDT 5m at 1772281799999
Received candle close event: CCUSDT 1m at 1772281799999
Received candle close event: CCUSDT 15m at 1772281799999
Processing feature batch for CCUSDT on 15m, bars=498, cols=34, realtime: true
  Persisting 68 indicator records for CCUSDT on 15m (bars 496..497, skipped 496 warmup bars)
Received candle close event: ONDOUSDT 15m at 1772281799999
Processing feature batch for ONDOUSDT on 15m, bars=499, cols=34, realtime: true
  Persisting 68 indicator records for ONDOUSDT on 15m (bars 497..498, skipped 497 warmup bars)
Received candle close event: ONDOUSDT 5m at 1772281799999
Received candle close event: ONDOUSDT 1m at 1772281799999
Received candle close event: VETUSDT 15m at 1772281799999
Processing feature batch for VETUSDT on 15m, bars=498, cols=34, realtime: true
  Persisting 68 indicator records for VETUSDT on 15m (bars 496..497, skipped 496 warmup bars)
Received candle close event: VETUSDT 1m at 1772281799999
Received candle close event: VETUSDT 5m at 1772281799999
Received candle close event: HUSDT 1m at 1772281799999
Received candle close event: HUSDT 5m at 1772281799999
Received candle close event: HUSDT 15m at 1772281799999
Processing feature batch for HUSDT on 15m, bars=499, cols=34, realtime: true
  Persisting 68 indicator records for HUSDT on 15m (bars 497..498, skipped 497 warmup bars)
Received candle close event: PORTALUSDT 5m at 1772281799999
Received candle close event: PORTALUSDT 1m at 1772281799999
Received candle close event: PORTALUSDT 15m at 1772281799999
Processing feature batch for PORTALUSDT on 15m, bars=499, cols=34, realtime: true
  Persisting 68 indicator records for PORTALUSDT on 15m (bars 497..498, skipped 497 warmup bars)
Received candle close event: CLOUSDT 5m at 1772281799999
Received candle close event: ALGOUSDT 5m at 1772281799999
Received candle close event: MONUSDT 1m at 1772281799999
Received candle close event: ALGOUSDT 1m at 1772281799999
Received candle close event: GUAUSDT 1m at 1772281799999
Received candle close event: ETHFIUSDT 5m at 1772281799999
Received candle close event: KAITOUSDT 5m at 1772281799999
Received candle close event: MONUSDT 15m at 1772281799999
Received candle close event: ALGOUSDT 15m at 1772281799999
Processing feature batch for MONUSDT on 15m, bars=499, cols=34, realtime: true
  Persisting 68 indicator records for MONUSDT on 15m (bars 497..498, skipped 497 warmup bars)
Received candle close event: ETHFIUSDT 1m at 1772281799999
Received candle close event: GUAUSDT 15m at 1772281799999
Processing feature batch for ALGOUSDT on 15m, bars=499, cols=34, realtime: true
  Persisting 68 indicator records for ALGOUSDT on 15m (bars 497..498, skipped 497 warmup bars)
Received candle close event: KAITOUSDT 1m at 1772281799999
Received candle close event: CLOUSDT 15m at 1772281799999
Processing feature batch for GUAUSDT on 15m, bars=499, cols=34, realtime: true
  Persisting 68 indicator records for GUAUSDT on 15m (bars 497..498, skipped 497 warmup bars)
Received candle close event: ETHFIUSDT 15m at 1772281799999
Processing feature batch for CLOUSDT on 15m, bars=499, cols=34, realtime: true
  Persisting 68 indicator records for CLOUSDT on 15m (bars 497..498, skipped 497 warmup bars)
Received candle close event: GUAUSDT 5m at 1772281799999
Received candle close event: KAITOUSDT 15m at 1772281799999
Processing feature batch for ETHFIUSDT on 15m, bars=499, cols=34, realtime: true
  Persisting 68 indicator records for ETHFIUSDT on 15m (bars 497..498, skipped 497 warmup bars)
Received candle close event: MONUSDT 5m at 1772281799999
Processing feature batch for KAITOUSDT on 15m, bars=499, cols=34, realtime: true
  Persisting 68 indicator records for KAITOUSDT on 15m (bars 497..498, skipped 497 warmup bars)
Received candle close event: CLOUSDT 1m at 1772281799999
Received candle close event: HYPEUSDT 1m at 1772281859999
Received candle close event: DOTUSDT 1m at 1772281859999
Received candle close event: ROBOUSDT 1m at 1772281859999
Received candle close event: ZROUSDT 1m at 1772281859999
Received candle close event: CYBERUSDT 1m at 1772281859999
Received candle close event: PIPPINUSDT 1m at 1772281859999
Received candle close event: LAYERUSDT 1m at 1772281859999
Received candle close event: FILUSDT 1m at 1772281859999
Received candle close event: RIVERUSDT 1m at 1772281859999
Received candle close event: BTCUSDT 1m at 1772281859999
Received candle close event: ZBTUSDT 1m at 1772281859999
Received candle close event: RAVEUSDT 1m at 1772281859999
Received candle close event: ETHUSDT 1m at 1772281859999
Received candle close event: POWERUSDT 1m at 1772281859999
Received candle close event: ZECUSDT 1m at 1772281859999
Received candle close event: SIGNUSDT 1m at 1772281859999
Received candle close event: ESPUSDT 1m at 1772281859999
Received candle close event: JUPUSDT 1m at 1772281859999
Received candle close event: ARCUSDT 1m at 1772281859999
Received candle close event: JELLYJELLYUSDT 1m at 1772281859999
Received candle close event: BARDUSDT 1m at 1772281859999
Received candle close event: EULUSDT 1m at 1772281859999
Received candle close event: SEIUSDT 1m at 1772281859999
Received candle close event: KITEUSDT 1m at 1772281859999
Received candle close event: XLMUSDT 1m at 1772281859999
Received candle close event: SAHARAUSDT 1m at 1772281859999
Received candle close event: MONUSDT 1m at 1772281859999
Received candle close event: 1000BONKUSDT 1m at 1772281859999
Received candle close event: INJUSDT 1m at 1772281859999
Received candle close event: MORPHOUSDT 1m at 1772281859999
Received candle close event: HUSDT 1m at 1772281859999
Received candle close event: UNIUSDT 1m at 1772281859999
Received candle close event: AGLDUSDT 1m at 1772281859999
Received candle close event: NEIROUSDT 1m at 1772281859999
Received candle close event: TIAUSDT 1m at 1772281859999
Received candle close event: BNBUSDT 1m at 1772281859999
Received candle close event: TAOUSDT 1m at 1772281859999
Received candle close event: FOGOUSDT 1m at 1772281859999
Received candle close event: APTUSDT 1m at 1772281859999
Received candle close event: TRUTHUSDT 1m at 1772281859999
Received candle close event: LTCUSDT 1m at 1772281859999
Received candle close event: PENGUUSDT 1m at 1772281859999
Received candle close event: SOLUSDT 1m at 1772281859999
Received candle close event: VETUSDT 1m at 1772281859999
Received candle close event: ATHUSDT 1m at 1772281859999
Received candle close event: PENDLEUSDT 1m at 1772281859999
Received candle close event: VIRTUALUSDT 1m at 1772281859999
Received candle close event: HBARUSDT 1m at 1772281859999
Received candle close event: 1000PEPEUSDT 1m at 1772281859999
Received candle close event: AXSUSDT 1m at 1772281859999
Received candle close event: BCHUSDT 1m at 1772281859999
Received candle close event: ETCUSDT 1m at 1772281859999
Received candle close event: BULLAUSDT 1m at 1772281859999
Received candle close event: DUSKUSDT 1m at 1772281859999
Received candle close event: AVAXUSDT 1m at 1772281859999
Received candle close event: SKRUSDT 1m at 1772281859999
Received candle close event: SUIUSDT 1m at 1772281859999
Received candle close event: SANDUSDT 1m at 1772281859999
Received candle close event: ORDIUSDT 1m at 1772281859999
Received candle close event: BERAUSDT 1m at 1772281859999
Received candle close event: PORTALUSDT 1m at 1772281859999
Received candle close event: ALICEUSDT 1m at 1772281859999
Received candle close event: BIOUSDT 1m at 1772281859999
Received candle close event: SPACEUSDT 1m at 1772281859999
Received candle close event: 1000LUNCUSDT 1m at 1772281859999
Received candle close event: FETUSDT 1m at 1772281859999
Received candle close event: STRKUSDT 1m at 1772281859999
Received candle close event: ETHFIUSDT 1m at 1772281859999
Received candle close event: VVVUSDT 1m at 1772281859999
Received candle close event: KAITOUSDT 1m at 1772281859999
Received candle close event: FOLKSUSDT 1m at 1772281859999
Received candle close event: ARBUSDT 1m at 1772281859999
Received candle close event: TRUMPUSDT 1m at 1772281859999
Received candle close event: STABLEUSDT 1m at 1772281859999
Received candle close event: WETUSDT 1m at 1772281859999
Received candle close event: MYXUSDT 1m at 1772281859999
Received candle close event: ARUSDT 1m at 1772281859999
Received candle close event: PUMPUSDT 1m at 1772281859999
Received candle close event: SKYAIUSDT 1m at 1772281859999
Received candle close event: DENTUSDT 1m at 1772281859999
Received candle close event: ENSOUSDT 1m at 1772281859999
Received candle close event: AIXBTUSDT 1m at 1772281859999
Received candle close event: HOLOUSDT 1m at 1772281859999
Received candle close event: LUNA2USDT 1m at 1772281859999
Received candle close event: ALLOUSDT 1m at 1772281859999
Received candle close event: XMRUSDT 1m at 1772281859999
Received candle close event: WCTUSDT 1m at 1772281859999
Received candle close event: BIRBUSDT 1m at 1772281859999
Received candle close event: CGPTUSDT 1m at 1772281859999
Received candle close event: SPORTFUNUSDT 1m at 1772281859999
Received candle close event: TONUSDT 1m at 1772281859999
Received candle close event: SIRENUSDT 1m at 1772281859999
Received candle close event: OPUSDT 1m at 1772281859999
Received candle close event: IPUSDT 1m at 1772281859999
Received candle close event: GPSUSDT 1m at 1772281859999
Received candle close event: MIRAUSDT 1m at 1772281859999
Received candle close event: SOPHUSDT 1m at 1772281859999
Received candle close event: GWEIUSDT 1m at 1772281859999
Received candle close event: STEEMUSDT 1m at 1772281859999
Received candle close event: AAVEUSDT 1m at 1772281859999
Received candle close event: XRPUSDT 1m at 1772281859999
Received candle close event: 0GUSDT 1m at 1772281859999
Received candle close event: CLOUSDT 1m at 1772281859999
Received candle close event: DOGEUSDT 1m at 1772281859999
Received candle close event: NEARUSDT 1m at 1772281859999
Received candle close event: BUSDT 1m at 1772281859999
Received candle close event: GIGGLEUSDT 1m at 1772281859999
Received candle close event: CCUSDT 1m at 1772281859999
Received candle close event: TRXUSDT 1m at 1772281859999
Received candle close event: WIFUSDT 1m at 1772281859999
Received candle close event: 1000FLOKIUSDT 1m at 1772281859999
Received candle close event: ZENUSDT 1m at 1772281859999
Received candle close event: ENAUSDT 1m at 1772281859999
Received candle close event: DASHUSDT 1m at 1772281859999
Received candle close event: SNXUSDT 1m at 1772281859999
Received candle close event: ATOMUSDT 1m at 1772281859999
Received candle close event: LDOUSDT 1m at 1772281859999
Received candle close event: NEWTUSDT 1m at 1772281859999
Received candle close event: LINKUSDT 1m at 1772281859999
Received candle close event: ICPUSDT 1m at 1772281859999
Received candle close event: WLDUSDT 1m at 1772281859999
Received candle close event: ANIMEUSDT 1m at 1772281859999
Received candle close event: MOVEUSDT 1m at 1772281859999
Received candle close event: 1000SHIBUSDT 1m at 1772281859999
Received candle close event: POLUSDT 1m at 1772281859999
Received candle close event: ADAUSDT 1m at 1772281859999
Received candle close event: UAIUSDT 1m at 1772281859999
Received candle close event: JTOUSDT 1m at 1772281859999
Received candle close event: CAKEUSDT 1m at 1772281859999
Received candle close event: ASTERUSDT 1m at 1772281859999
Received candle close event: AZTECUSDT 1m at 1772281859999
Received candle close event: ONDOUSDT 1m at 1772281859999
Received candle close event: STGUSDT 1m at 1772281859999
Received candle close event: ZAMAUSDT 1m at 1772281859999
Received candle close event: RENDERUSDT 1m at 1772281859999
Received candle close event: LITUSDT 1m at 1772281859999
Received candle close event: CHZUSDT 1m at 1772281859999
Received candle close event: SENTUSDT 1m at 1772281859999
Received candle close event: FARTCOINUSDT 1m at 1772281859999
Received candle close event: XPLUSDT 1m at 1772281859999
Received candle close event: ZILUSDT 1m at 1772281859999
Received candle close event: OPNUSDT 1m at 1772281859999
Received candle close event: LYNUSDT 1m at 1772281859999
Received candle close event: ROSEUSDT 1m at 1772281859999
Received candle close event: APEUSDT 1m at 1772281859999
Received candle close event: WLFIUSDT 1m at 1772281859999
Received candle close event: BEATUSDT 1m at 1772281859999
Received candle close event: C98USDT 1m at 1772281859999
Received candle close event: GALAUSDT 1m at 1772281859999
Received candle close event: ALGOUSDT 1m at 1772281859999
Received candle close event: GUAUSDT 1m at 1772281859999
Received candle close event: CRVUSDT 1m at 1772281859999
Received candle close event: RIVERUSDT 1m at 1772281919999
Received candle close event: BTCUSDT 1m at 1772281919999
Received candle close event: APTUSDT 1m at 1772281919999
Received candle close event: ETHUSDT 1m at 1772281919999
Received candle close event: 1000PEPEUSDT 1m at 1772281919999
Received candle close event: DOTUSDT 1m at 1772281919999
Received candle close event: OPUSDT 1m at 1772281919999
Received candle close event: SANDUSDT 1m at 1772281919999
Received candle close event: JELLYJELLYUSDT 1m at 1772281919999
Received candle close event: HYPEUSDT 1m at 1772281919999
Received candle close event: VVVUSDT 1m at 1772281919999
Received candle close event: BARDUSDT 1m at 1772281919999
Received candle close event: SAHARAUSDT 1m at 1772281919999
Received candle close event: BNBUSDT 1m at 1772281919999
Received candle close event: SOLUSDT 1m at 1772281919999
Received candle close event: GWEIUSDT 1m at 1772281919999
Received candle close event: PENDLEUSDT 1m at 1772281919999
Received candle close event: HBARUSDT 1m at 1772281919999
Received candle close event: AIXBTUSDT 1m at 1772281919999
Received candle close event: POWERUSDT 1m at 1772281919999
Received candle close event: CYBERUSDT 1m at 1772281919999
Received candle close event: ETHFIUSDT 1m at 1772281919999
Received candle close event: RAVEUSDT 1m at 1772281919999
Received candle close event: MIRAUSDT 1m at 1772281919999
Received candle close event: GIGGLEUSDT 1m at 1772281919999
Received candle close event: SENTUSDT 1m at 1772281919999
Received candle close event: BULLAUSDT 1m at 1772281919999
Received candle close event: ROBOUSDT 1m at 1772281919999
Received candle close event: HUSDT 1m at 1772281919999
Received candle close event: STABLEUSDT 1m at 1772281919999
Received candle close event: ALLOUSDT 1m at 1772281919999
Received candle close event: EULUSDT 1m at 1772281919999
Received candle close event: GPSUSDT 1m at 1772281919999
Received candle close event: C98USDT 1m at 1772281919999
Received candle close event: CLOUSDT 1m at 1772281919999
Received candle close event: UAIUSDT 1m at 1772281919999
Received candle close event: TRUTHUSDT 1m at 1772281919999
Received candle close event: SUIUSDT 1m at 1772281919999
Received candle close event: ZBTUSDT 1m at 1772281919999
Received candle close event: BIOUSDT 1m at 1772281919999
Received candle close event: CCUSDT 1m at 1772281919999
Received candle close event: KITEUSDT 1m at 1772281919999
Received candle close event: DUSKUSDT 1m at 1772281919999
Received candle close event: BUSDT 1m at 1772281919999
Received candle close event: WETUSDT 1m at 1772281919999
Received candle close event: RENDERUSDT 1m at 1772281919999
Received candle close event: INJUSDT 1m at 1772281919999
Received candle close event: PIPPINUSDT 1m at 1772281919999
Received candle close event: NEIROUSDT 1m at 1772281919999
Received candle close event: MORPHOUSDT 1m at 1772281919999
Received candle close event: POLUSDT 1m at 1772281919999
Received candle close event: ASTERUSDT 1m at 1772281919999
Received candle close event: HOLOUSDT 1m at 1772281919999
Received candle close event: ROSEUSDT 1m at 1772281919999
Received candle close event: WIFUSDT 1m at 1772281919999
Received candle close event: TAOUSDT 1m at 1772281919999
Received candle close event: CRVUSDT 1m at 1772281919999
Received candle close event: BEATUSDT 1m at 1772281919999
Received candle close event: TRUMPUSDT 1m at 1772281919999
Received candle close event: LUNA2USDT 1m at 1772281919999
Received candle close event: SEIUSDT 1m at 1772281919999
Received candle close event: LYNUSDT 1m at 1772281919999
Received candle close event: ESPUSDT 1m at 1772281919999
Received candle close event: LAYERUSDT 1m at 1772281919999
Received candle close event: ALICEUSDT 1m at 1772281919999
Received candle close event: FOLKSUSDT 1m at 1772281919999
Received candle close event: ARCUSDT 1m at 1772281919999
Received candle close event: SKYAIUSDT 1m at 1772281919999
Received candle close event: BIRBUSDT 1m at 1772281919999
Received candle close event: SPACEUSDT 1m at 1772281919999
Received candle close event: SIRENUSDT 1m at 1772281919999
Received candle close event: WCTUSDT 1m at 1772281919999
Received candle close event: SKRUSDT 1m at 1772281919999
Received candle close event: XPLUSDT 1m at 1772281919999
Received candle close event: SOPHUSDT 1m at 1772281919999
Received candle close event: JUPUSDT 1m at 1772281919999
Received candle close event: PORTALUSDT 1m at 1772281919999
Received candle close event: ENSOUSDT 1m at 1772281919999
Received candle close event: BCHUSDT 1m at 1772281919999
Received candle close event: NEWTUSDT 1m at 1772281919999
Received candle close event: SIGNUSDT 1m at 1772281919999
Received candle close event: CGPTUSDT 1m at 1772281919999
Received candle close event: ATHUSDT 1m at 1772281919999
Received candle close event: OPNUSDT 1m at 1772281919999
Received candle close event: TONUSDT 1m at 1772281919999
Received candle close event: NEARUSDT 1m at 1772281919999
Received candle close event: DENTUSDT 1m at 1772281919999
Received candle close event: ICPUSDT 1m at 1772281919999
Received candle close event: DASHUSDT 1m at 1772281919999
Received candle close event: XRPUSDT 1m at 1772281919999
Received candle close event: MONUSDT 1m at 1772281919999
Received candle close event: PENGUUSDT 1m at 1772281919999
Received candle close event: DOGEUSDT 1m at 1772281919999
Received candle close event: XMRUSDT 1m at 1772281919999
Received candle close event: SPORTFUNUSDT 1m at 1772281919999
Received candle close event: ZROUSDT 1m at 1772281919999
Received candle close event: STEEMUSDT 1m at 1772281919999
Received candle close event: CHZUSDT 1m at 1772281919999
Received candle close event: FETUSDT 1m at 1772281919999
Received candle close event: ORDIUSDT 1m at 1772281919999
Received candle close event: JTOUSDT 1m at 1772281919999
Received candle close event: ZAMAUSDT 1m at 1772281919999
Received candle close event: ZECUSDT 1m at 1772281919999
Received candle close event: TRXUSDT 1m at 1772281919999
Received candle close event: FILUSDT 1m at 1772281919999
Received candle close event: TIAUSDT 1m at 1772281919999
Received candle close event: 0GUSDT 1m at 1772281919999
Received candle close event: IPUSDT 1m at 1772281919999
Received candle close event: 1000FLOKIUSDT 1m at 1772281919999
Received candle close event: APEUSDT 1m at 1772281919999
Received candle close event: FARTCOINUSDT 1m at 1772281919999
Received candle close event: ETCUSDT 1m at 1772281919999
Received candle close event: WLFIUSDT 1m at 1772281919999
Received candle close event: AAVEUSDT 1m at 1772281919999
Received candle close event: AGLDUSDT 1m at 1772281919999
Received candle close event: 1000SHIBUSDT 1m at 1772281919999
Received candle close event: VIRTUALUSDT 1m at 1772281919999
Received candle close event: ENAUSDT 1m at 1772281919999
Received candle close event: AZTECUSDT 1m at 1772281919999
Received candle close event: 1000LUNCUSDT 1m at 1772281919999
Received candle close event: ZILUSDT 1m at 1772281919999
Received candle close event: LINKUSDT 1m at 1772281919999
Received candle close event: ZENUSDT 1m at 1772281919999
Received candle close event: SNXUSDT 1m at 1772281919999
Received candle close event: WLDUSDT 1m at 1772281919999
Received candle close event: AVAXUSDT 1m at 1772281919999
Received candle close event: ONDOUSDT 1m at 1772281919999
Received candle close event: MYXUSDT 1m at 1772281919999
Received candle close event: KAITOUSDT 1m at 1772281919999
Received candle close event: PUMPUSDT 1m at 1772281919999
Received candle close event: ATOMUSDT 1m at 1772281919999
Received candle close event: 1000BONKUSDT 1m at 1772281919999
Received candle close event: VETUSDT 1m at 1772281919999
Received candle close event: FOGOUSDT 1m at 1772281919999
Received candle close event: GUAUSDT 1m at 1772281919999
Received candle close event: ARBUSDT 1m at 1772281919999
Received candle close event: STRKUSDT 1m at 1772281919999
Received candle close event: BERAUSDT 1m at 1772281919999
Received candle close event: ARUSDT 1m at 1772281919999
Received candle close event: GALAUSDT 1m at 1772281919999
Received candle close event: UNIUSDT 1m at 1772281919999
Received candle close event: STGUSDT 1m at 1772281919999
Received candle close event: AXSUSDT 1m at 1772281919999
Received candle close event: XLMUSDT 1m at 1772281919999
Received candle close event: LTCUSDT 1m at 1772281919999
Received candle close event: ALGOUSDT 1m at 1772281919999
Received candle close event: LDOUSDT 1m at 1772281919999
Received candle close event: ADAUSDT 1m at 1772281919999
Received candle close event: LITUSDT 1m at 1772281919999
Received candle close event: CAKEUSDT 1m at 1772281919999
Received candle close event: ANIMEUSDT 1m at 1772281919999
Received candle close event: MOVEUSDT 1m at 1772281919999
Received candle close event: BTCUSDT 1m at 1772281979999
Received candle close event: SUIUSDT 1m at 1772281979999
Received candle close event: 1000SHIBUSDT 1m at 1772281979999
Received candle close event: OPNUSDT 1m at 1772281979999
Received candle close event: ZILUSDT 1m at 1772281979999
Received candle close event: PIPPINUSDT 1m at 1772281979999
Received candle close event: BERAUSDT 1m at 1772281979999
Received candle close event: LYNUSDT 1m at 1772281979999
Received candle close event: TAOUSDT 1m at 1772281979999
Received candle close event: JTOUSDT 1m at 1772281979999
Received candle close event: RIVERUSDT 1m at 1772281979999
Received candle close event: POWERUSDT 1m at 1772281979999
Received candle close event: BULLAUSDT 1m at 1772281979999
Received candle close event: TRUTHUSDT 1m at 1772281979999
Received candle close event: APEUSDT 1m at 1772281979999
Received candle close event: SOLUSDT 1m at 1772281979999
Received candle close event: ZROUSDT 1m at 1772281979999
Received candle close event: LAYERUSDT 1m at 1772281979999
Received candle close event: HOLOUSDT 1m at 1772281979999
Received candle close event: SOPHUSDT 1m at 1772281979999
Received candle close event: TIAUSDT 1m at 1772281979999
Received candle close event: ZBTUSDT 1m at 1772281979999
Received candle close event: SAHARAUSDT 1m at 1772281979999
Received candle close event: BUSDT 1m at 1772281979999
Received candle close event: HUSDT 1m at 1772281979999
Received candle close event: STABLEUSDT 1m at 1772281979999
Received candle close event: SIGNUSDT 1m at 1772281979999
Received candle close event: FILUSDT 1m at 1772281979999
Received candle close event: BARDUSDT 1m at 1772281979999
Received candle close event: APTUSDT 1m at 1772281979999
Received candle close event: ETHUSDT 1m at 1772281979999
Received candle close event: ATOMUSDT 1m at 1772281979999
Received candle close event: CHZUSDT 1m at 1772281979999
Received candle close event: RENDERUSDT 1m at 1772281979999
Received candle close event: TONUSDT 1m at 1772281979999
Received candle close event: ATHUSDT 1m at 1772281979999
Received candle close event: HYPEUSDT 1m at 1772281979999
Received candle close event: EULUSDT 1m at 1772281979999
Received candle close event: PENGUUSDT 1m at 1772281979999
Received candle close event: DOGEUSDT 1m at 1772281979999
Received candle close event: BIOUSDT 1m at 1772281979999
Received candle close event: ETCUSDT 1m at 1772281979999
Received candle close event: CYBERUSDT 1m at 1772281979999
Received candle close event: CLOUSDT 1m at 1772281979999
Received candle close event: ALLOUSDT 1m at 1772281979999
Received candle close event: DUSKUSDT 1m at 1772281979999
Received candle close event: ROSEUSDT 1m at 1772281979999
Received candle close event: ESPUSDT 1m at 1772281979999
Received candle close event: 1000PEPEUSDT 1m at 1772281979999
Received candle close event: AGLDUSDT 1m at 1772281979999
Received candle close event: KITEUSDT 1m at 1772281979999
Received candle close event: 1000BONKUSDT 1m at 1772281979999
Received candle close event: TRUMPUSDT 1m at 1772281979999
Received candle close event: GWEIUSDT 1m at 1772281979999
Received candle close event: 1000FLOKIUSDT 1m at 1772281979999
Received candle close event: STGUSDT 1m at 1772281979999
Received candle close event: JELLYJELLYUSDT 1m at 1772281979999
Received candle close event: ALICEUSDT 1m at 1772281979999
Received candle close event: SIRENUSDT 1m at 1772281979999
Received candle close event: ROBOUSDT 1m at 1772281979999
Received candle close event: PENDLEUSDT 1m at 1772281979999
Received candle close event: VVVUSDT 1m at 1772281979999
Received candle close event: ENSOUSDT 1m at 1772281979999
Received candle close event: AIXBTUSDT 1m at 1772281979999
Received candle close event: MYXUSDT 1m at 1772281979999
Received candle close event: XMRUSDT 1m at 1772281979999
Received candle close event: NEARUSDT 1m at 1772281979999
Received candle close event: UNIUSDT 1m at 1772281979999
Received candle close event: AAVEUSDT 1m at 1772281979999
Received candle close event: SKYAIUSDT 1m at 1772281979999
Received candle close event: BIRBUSDT 1m at 1772281979999
Received candle close event: SPORTFUNUSDT 1m at 1772281979999
Received candle close event: WCTUSDT 1m at 1772281979999
Received candle close event: SKRUSDT 1m at 1772281979999
Received candle close event: FOLKSUSDT 1m at 1772281979999
Received candle close event: ARCUSDT 1m at 1772281979999
Received candle close event: ZENUSDT 1m at 1772281979999
Received candle close event: BCHUSDT 1m at 1772281979999
Received candle close event: ADAUSDT 1m at 1772281979999
Received candle close event: BEATUSDT 1m at 1772281979999
Received candle close event: BNBUSDT 1m at 1772281979999
Received candle close event: AZTECUSDT 1m at 1772281979999
Received candle close event: XRPUSDT 1m at 1772281979999
Received candle close event: AVAXUSDT 1m at 1772281979999
Received candle close event: RAVEUSDT 1m at 1772281979999
Received candle close event: FETUSDT 1m at 1772281979999
Received candle close event: CCUSDT 1m at 1772281979999
Received candle close event: ZECUSDT 1m at 1772281979999
Received candle close event: UAIUSDT 1m at 1772281979999
Received candle close event: WETUSDT 1m at 1772281979999
Received candle close event: ALGOUSDT 1m at 1772281979999
Received candle close event: DOTUSDT 1m at 1772281979999
Received candle close event: OPUSDT 1m at 1772281979999
Received candle close event: MIRAUSDT 1m at 1772281979999
Received candle close event: XPLUSDT 1m at 1772281979999
Received candle close event: JUPUSDT 1m at 1772281979999
Received candle close event: MONUSDT 1m at 1772281979999
Received candle close event: ONDOUSDT 1m at 1772281979999
Received candle close event: SEIUSDT 1m at 1772281979999
Received candle close event: SNXUSDT 1m at 1772281979999
Received candle close event: WLFIUSDT 1m at 1772281979999
Received candle close event: MORPHOUSDT 1m at 1772281979999
Received candle close event: SENTUSDT 1m at 1772281979999
Received candle close event: PUMPUSDT 1m at 1772281979999
Received candle close event: INJUSDT 1m at 1772281979999
Received candle close event: ANIMEUSDT 1m at 1772281979999
Received candle close event: IPUSDT 1m at 1772281979999
Received candle close event: DASHUSDT 1m at 1772281979999
Received candle close event: MOVEUSDT 1m at 1772281979999
Received candle close event: GUAUSDT 1m at 1772281979999
Received candle close event: SPACEUSDT 1m at 1772281979999
Received candle close event: WIFUSDT 1m at 1772281979999
Received candle close event: DENTUSDT 1m at 1772281979999
Received candle close event: C98USDT 1m at 1772281979999
Received candle close event: STRKUSDT 1m at 1772281979999
Received candle close event: WLDUSDT 1m at 1772281979999
Received candle close event: NEIROUSDT 1m at 1772281979999
Received candle close event: FARTCOINUSDT 1m at 1772281979999
Received candle close event: LITUSDT 1m at 1772281979999
Received candle close event: XLMUSDT 1m at 1772281979999
Received candle close event: ICPUSDT 1m at 1772281979999
Received candle close event: GALAUSDT 1m at 1772281979999
Received candle close event: ASTERUSDT 1m at 1772281979999
Received candle close event: LTCUSDT 1m at 1772281979999
Received candle close event: ARBUSDT 1m at 1772281979999
Received candle close event: ZAMAUSDT 1m at 1772281979999
Received candle close event: GPSUSDT 1m at 1772281979999
Received candle close event: FOGOUSDT 1m at 1772281979999
Received candle close event: AXSUSDT 1m at 1772281979999
Received candle close event: NEWTUSDT 1m at 1772281979999
Received candle close event: LDOUSDT 1m at 1772281979999
Received candle close event: 1000LUNCUSDT 1m at 1772281979999
Received candle close event: CAKEUSDT 1m at 1772281979999
Received candle close event: LINKUSDT 1m at 1772281979999
Received candle close event: SANDUSDT 1m at 1772281979999
Received candle close event: ENAUSDT 1m at 1772281979999
Received candle close event: ARUSDT 1m at 1772281979999
Received candle close event: LUNA2USDT 1m at 1772281979999
Received candle close event: HBARUSDT 1m at 1772281979999
Received candle close event: VETUSDT 1m at 1772281979999
Received candle close event: VIRTUALUSDT 1m at 1772281979999
Received candle close event: 0GUSDT 1m at 1772281979999
Received candle close event: GIGGLEUSDT 1m at 1772281979999
Received candle close event: CRVUSDT 1m at 1772281979999
Received candle close event: TRXUSDT 1m at 1772281979999
Received candle close event: ETHFIUSDT 1m at 1772281979999
Received candle close event: CGPTUSDT 1m at 1772281979999
Received candle close event: POLUSDT 1m at 1772281979999
Received candle close event: KAITOUSDT 1m at 1772281979999
Received candle close event: STEEMUSDT 1m at 1772281979999
Received candle close event: ORDIUSDT 1m at 1772281979999
Received candle close event: PORTALUSDT 1m at 1772281979999
Received candle close event: POWERUSDT 1m at 1772282039999
Received candle close event: IPUSDT 1m at 1772282039999
Received candle close event: STRKUSDT 1m at 1772282039999
Received candle close event: RIVERUSDT 1m at 1772282039999
Received candle close event: ATHUSDT 1m at 1772282039999
Received candle close event: PENDLEUSDT 1m at 1772282039999
Received candle close event: MIRAUSDT 1m at 1772282039999
Received candle close event: TRXUSDT 1m at 1772282039999
Received candle close event: ESPUSDT 1m at 1772282039999
Received candle close event: DOGEUSDT 1m at 1772282039999
Received candle close event: ARBUSDT 1m at 1772282039999
Received candle close event: 1000BONKUSDT 1m at 1772282039999
Received candle close event: GWEIUSDT 1m at 1772282039999
Received candle close event: FILUSDT 1m at 1772282039999
Received candle close event: KAITOUSDT 1m at 1772282039999
Received candle close event: HUSDT 1m at 1772282039999
Received candle close event: XRPUSDT 1m at 1772282039999
Received candle close event: ETHUSDT 1m at 1772282039999
Received candle close event: FETUSDT 1m at 1772282039999
Received candle close event: XMRUSDT 1m at 1772282039999
Received candle close event: SOPHUSDT 1m at 1772282039999
Received candle close event: LAYERUSDT 1m at 1772282039999
Received candle close event: PIPPINUSDT 1m at 1772282039999
Received candle close event: MONUSDT 1m at 1772282039999
Received candle close event: ICPUSDT 1m at 1772282039999
Received candle close event: BEATUSDT 1m at 1772282039999
Received candle close event: TRUTHUSDT 1m at 1772282039999
Received candle close event: INJUSDT 1m at 1772282039999
Received candle close event: BULLAUSDT 1m at 1772282039999
Received candle close event: OPNUSDT 1m at 1772282039999
Received candle close event: TRUMPUSDT 1m at 1772282039999
Received candle close event: BERAUSDT 1m at 1772282039999
Received candle close event: EULUSDT 1m at 1772282039999
Received candle close event: TAOUSDT 1m at 1772282039999
Received candle close event: ROBOUSDT 1m at 1772282039999
Received candle close event: LUNA2USDT 1m at 1772282039999
Received candle close event: ALICEUSDT 1m at 1772282039999
Received candle close event: KITEUSDT 1m at 1772282039999
Received candle close event: BARDUSDT 1m at 1772282039999
Received candle close event: GIGGLEUSDT 1m at 1772282039999
Received candle close event: HYPEUSDT 1m at 1772282039999
Received candle close event: AVAXUSDT 1m at 1772282039999
Received candle close event: SIGNUSDT 1m at 1772282039999
Received candle close event: GUAUSDT 1m at 1772282039999
Received candle close event: BUSDT 1m at 1772282039999
Received candle close event: ZROUSDT 1m at 1772282039999
Received candle close event: SIRENUSDT 1m at 1772282039999
Received candle close event: PORTALUSDT 1m at 1772282039999
Received candle close event: SOLUSDT 1m at 1772282039999
Received candle close event: SKYAIUSDT 1m at 1772282039999
Received candle close event: DENTUSDT 1m at 1772282039999
Received candle close event: STGUSDT 1m at 1772282039999
Received candle close event: TIAUSDT 1m at 1772282039999
Received candle close event: AIXBTUSDT 1m at 1772282039999
Received candle close event: SPORTFUNUSDT 1m at 1772282039999
Received candle close event: FOLKSUSDT 1m at 1772282039999
Received candle close event: RAVEUSDT 1m at 1772282039999
Received candle close event: HOLOUSDT 1m at 1772282039999
Received candle close event: ANIMEUSDT 1m at 1772282039999
Received candle close event: ZBTUSDT 1m at 1772282039999
Received candle close event: SAHARAUSDT 1m at 1772282039999
Received candle close event: LYNUSDT 1m at 1772282039999
Received candle close event: STABLEUSDT 1m at 1772282039999
Received candle close event: MYXUSDT 1m at 1772282039999
Received candle close event: BTCUSDT 1m at 1772282039999
Received candle close event: ENSOUSDT 1m at 1772282039999
Received candle close event: ARCUSDT 1m at 1772282039999
Received candle close event: CLOUSDT 1m at 1772282039999
Received candle close event: WCTUSDT 1m at 1772282039999
Received candle close event: BIRBUSDT 1m at 1772282039999
Received candle close event: CGPTUSDT 1m at 1772282039999
Received candle close event: SKRUSDT 1m at 1772282039999
Received candle close event: CYBERUSDT 1m at 1772282039999
Received candle close event: VVVUSDT 1m at 1772282039999
Received candle close event: CHZUSDT 1m at 1772282039999
Received candle close event: ZECUSDT 1m at 1772282039999
Received candle close event: BNBUSDT 1m at 1772282039999
Received candle close event: ZENUSDT 1m at 1772282039999
Received candle close event: LDOUSDT 1m at 1772282039999
Received candle close event: BCHUSDT 1m at 1772282039999
Received candle close event: DASHUSDT 1m at 1772282039999
Received candle close event: 1000SHIBUSDT 1m at 1772282039999
Received candle close event: ZAMAUSDT 1m at 1772282039999
Received candle close event: 1000LUNCUSDT 1m at 1772282039999
Received candle close event: AAVEUSDT 1m at 1772282039999
Received candle close event: MORPHOUSDT 1m at 1772282039999
Received candle close event: LINKUSDT 1m at 1772282039999
Received candle close event: 1000PEPEUSDT 1m at 1772282039999
Received candle close event: WETUSDT 1m at 1772282039999
Received candle close event: UAIUSDT 1m at 1772282039999
Received candle close event: FARTCOINUSDT 1m at 1772282039999
Received candle close event: SNXUSDT 1m at 1772282039999
Received candle close event: 1000FLOKIUSDT 1m at 1772282039999
Received candle close event: AZTECUSDT 1m at 1772282039999
Received candle close event: WIFUSDT 1m at 1772282039999
Received candle close event: RENDERUSDT 1m at 1772282039999
Received candle close event: ETCUSDT 1m at 1772282039999
Received candle close event: SUIUSDT 1m at 1772282039999
Received candle close event: GALAUSDT 1m at 1772282039999
Received candle close event: NEARUSDT 1m at 1772282039999
Received candle close event: ENAUSDT 1m at 1772282039999
Received candle close event: MOVEUSDT 1m at 1772282039999
Received candle close event: SEIUSDT 1m at 1772282039999
Received candle close event: ROSEUSDT 1m at 1772282039999
Received candle close event: APTUSDT 1m at 1772282039999
Received candle close event: UNIUSDT 1m at 1772282039999
Received candle close event: WLDUSDT 1m at 1772282039999
Received candle close event: ZILUSDT 1m at 1772282039999
Received candle close event: 0GUSDT 1m at 1772282039999
Received candle close event: DOTUSDT 1m at 1772282039999
Received candle close event: VIRTUALUSDT 1m at 1772282039999
Received candle close event: AXSUSDT 1m at 1772282039999
Received candle close event: ORDIUSDT 1m at 1772282039999
Received candle close event: NEIROUSDT 1m at 1772282039999
Received candle close event: ATOMUSDT 1m at 1772282039999
Received candle close event: CCUSDT 1m at 1772282039999
Received candle close event: PUMPUSDT 1m at 1772282039999
Received candle close event: APEUSDT 1m at 1772282039999
Received candle close event: WLFIUSDT 1m at 1772282039999
Received candle close event: OPUSDT 1m at 1772282039999
Received candle close event: DUSKUSDT 1m at 1772282039999
Received candle close event: ETHFIUSDT 1m at 1772282039999
Received candle close event: ADAUSDT 1m at 1772282039999
Received candle close event: LITUSDT 1m at 1772282039999
Received candle close event: XLMUSDT 1m at 1772282039999
Received candle close event: SANDUSDT 1m at 1772282039999
Received candle close event: HBARUSDT 1m at 1772282039999
Received candle close event: C98USDT 1m at 1772282039999
Received candle close event: ONDOUSDT 1m at 1772282039999
Received candle close event: ALLOUSDT 1m at 1772282039999
Received candle close event: POLUSDT 1m at 1772282039999
Received candle close event: AGLDUSDT 1m at 1772282039999
Received candle close event: JTOUSDT 1m at 1772282039999
Received candle close event: SPACEUSDT 1m at 1772282039999
Received candle close event: STEEMUSDT 1m at 1772282039999
Received candle close event: XPLUSDT 1m at 1772282039999
Received candle close event: NEWTUSDT 1m at 1772282039999
Received candle close event: LTCUSDT 1m at 1772282039999
Received candle close event: ASTERUSDT 1m at 1772282039999
Received candle close event: CRVUSDT 1m at 1772282039999
Received candle close event: BIOUSDT 1m at 1772282039999
Received candle close event: SENTUSDT 1m at 1772282039999
Received candle close event: ARUSDT 1m at 1772282039999
Received candle close event: ALGOUSDT 1m at 1772282039999
Received candle close event: PENGUUSDT 1m at 1772282039999
Received candle close event: FOGOUSDT 1m at 1772282039999
Received candle close event: GPSUSDT 1m at 1772282039999
Received candle close event: VETUSDT 1m at 1772282039999
Received candle close event: JUPUSDT 1m at 1772282039999
Received candle close event: TONUSDT 1m at 1772282039999
Received candle close event: CAKEUSDT 1m at 1772282039999
Received candle close event: JELLYJELLYUSDT 1m at 1772282039999
Received candle close event: BNBUSDT 5m at 1772282099999
Received candle close event: BNBUSDT 1m at 1772282099999
Received candle close event: RIVERUSDT 5m at 1772282099999
Received candle close event: XRPUSDT 1m at 1772282099999
Received candle close event: APTUSDT 1m at 1772282099999
Received candle close event: POWERUSDT 5m at 1772282099999
Received candle close event: RIVERUSDT 1m at 1772282099999
Received candle close event: APTUSDT 5m at 1772282099999
Received candle close event: XRPUSDT 5m at 1772282099999
Received candle close event: SKYAIUSDT 1m at 1772282099999
Received candle close event: AVAXUSDT 1m at 1772282099999
Received candle close event: 1000SHIBUSDT 1m at 1772282099999
Received candle close event: RAVEUSDT 1m at 1772282099999
Received candle close event: POWERUSDT 1m at 1772282099999
Received candle close event: ORDIUSDT 1m at 1772282099999
Received candle close event: AVAXUSDT 5m at 1772282099999
Received candle close event: SKYAIUSDT 5m at 1772282099999
Received candle close event: 1000SHIBUSDT 5m at 1772282099999
Received candle close event: RAVEUSDT 5m at 1772282099999
Received candle close event: ORDIUSDT 5m at 1772282099999
Received candle close event: BEATUSDT 5m at 1772282099999
Received candle close event: EULUSDT 1m at 1772282099999
Received candle close event: BEATUSDT 1m at 1772282099999
Received candle close event: 1000LUNCUSDT 5m at 1772282099999
Received candle close event: KAITOUSDT 5m at 1772282099999
Received candle close event: PIPPINUSDT 5m at 1772282099999
Received candle close event: EULUSDT 5m at 1772282099999
Received candle close event: KAITOUSDT 1m at 1772282099999
Received candle close event: PIPPINUSDT 1m at 1772282099999
Received candle close event: 1000LUNCUSDT 1m at 1772282099999
Received candle close event: ETHUSDT 5m at 1772282099999
Received candle close event: FARTCOINUSDT 1m at 1772282099999
Received candle close event: ATOMUSDT 5m at 1772282099999
Received candle close event: ETHUSDT 1m at 1772282099999
Received candle close event: SOLUSDT 5m at 1772282099999
Received candle close event: FARTCOINUSDT 5m at 1772282099999
Received candle close event: ATHUSDT 5m at 1772282099999
Received candle close event: ALICEUSDT 5m at 1772282099999
Received candle close event: ATOMUSDT 1m at 1772282099999
Received candle close event: SOLUSDT 1m at 1772282099999
Received candle close event: ATHUSDT 1m at 1772282099999
Received candle close event: ALICEUSDT 1m at 1772282099999
Received candle close event: MIRAUSDT 5m at 1772282099999
Received candle close event: TRXUSDT 1m at 1772282099999
Received candle close event: MIRAUSDT 1m at 1772282099999
Received candle close event: SOPHUSDT 1m at 1772282099999
Received candle close event: TRXUSDT 5m at 1772282099999
Received candle close event: VETUSDT 5m at 1772282099999
Received candle close event: SOPHUSDT 5m at 1772282099999
Received candle close event: VETUSDT 1m at 1772282099999
Received candle close event: BARDUSDT 5m at 1772282099999
Received candle close event: BARDUSDT 1m at 1772282099999
Received candle close event: RENDERUSDT 1m at 1772282099999
Received candle close event: RENDERUSDT 5m at 1772282099999
Received candle close event: DOGEUSDT 1m at 1772282099999
Received candle close event: DOGEUSDT 5m at 1772282099999
Received candle close event: ETHFIUSDT 5m at 1772282099999
Received candle close event: BUSDT 1m at 1772282099999
Received candle close event: ETHFIUSDT 1m at 1772282099999
Received candle close event: BUSDT 5m at 1772282099999
Received candle close event: HOLOUSDT 1m at 1772282099999
Received candle close event: ZAMAUSDT 1m at 1772282099999
Received candle close event: HBARUSDT 1m at 1772282099999
Received candle close event: MORPHOUSDT 5m at 1772282099999
Received candle close event: HOLOUSDT 5m at 1772282099999
Received candle close event: ZAMAUSDT 5m at 1772282099999
Received candle close event: HBARUSDT 5m at 1772282099999
Received candle close event: MORPHOUSDT 1m at 1772282099999
Received candle close event: ENSOUSDT 5m at 1772282099999
Received candle close event: SAHARAUSDT 5m at 1772282099999
Received candle close event: ENSOUSDT 1m at 1772282099999
Received candle close event: SAHARAUSDT 1m at 1772282099999
Received candle close event: CCUSDT 5m at 1772282099999
Received candle close event: CCUSDT 1m at 1772282099999
Received candle close event: TRUMPUSDT 1m at 1772282099999
Received candle close event: TRUMPUSDT 5m at 1772282099999
Received candle close event: HUSDT 1m at 1772282099999
Received candle close event: HUSDT 5m at 1772282099999
Received candle close event: SIGNUSDT 1m at 1772282099999
Received candle close event: SIGNUSDT 5m at 1772282099999
Received candle close event: ESPUSDT 1m at 1772282099999
Received candle close event: STGUSDT 1m at 1772282099999
Received candle close event: ESPUSDT 5m at 1772282099999
Received candle close event: STGUSDT 5m at 1772282099999
Received candle close event: KITEUSDT 5m at 1772282099999
Received candle close event: BTCUSDT 1m at 1772282099999
Received candle close event: DOTUSDT 1m at 1772282099999
Received candle close event: KITEUSDT 1m at 1772282099999
Received candle close event: BTCUSDT 5m at 1772282099999
Received candle close event: DOTUSDT 5m at 1772282099999
Received candle close event: BIRBUSDT 5m at 1772282099999
Received candle close event: GWEIUSDT 5m at 1772282099999
Received candle close event: ZROUSDT 5m at 1772282099999
Received candle close event: AGLDUSDT 5m at 1772282099999
Received candle close event: ZROUSDT 1m at 1772282099999
Received candle close event: GWEIUSDT 1m at 1772282099999
Received candle close event: BIRBUSDT 1m at 1772282099999
Received candle close event: AGLDUSDT 1m at 1772282099999
Received candle close event: 1000BONKUSDT 5m at 1772282099999
Received candle close event: 1000BONKUSDT 1m at 1772282099999
Received candle close event: LTCUSDT 5m at 1772282099999
Received candle close event: GIGGLEUSDT 1m at 1772282099999
Received candle close event: HYPEUSDT 1m at 1772282099999
Received candle close event: 0GUSDT 1m at 1772282099999
Received candle close event: PENGUUSDT 5m at 1772282099999
Received candle close event: ETCUSDT 5m at 1772282099999
Received candle close event: ZECUSDT 5m at 1772282099999
Received candle close event: GIGGLEUSDT 5m at 1772282099999
Received candle close event: LTCUSDT 1m at 1772282099999
Received candle close event: 0GUSDT 5m at 1772282099999
Received candle close event: HYPEUSDT 5m at 1772282099999
Received candle close event: PENGUUSDT 1m at 1772282099999
Received candle close event: AAVEUSDT 1m at 1772282099999
Received candle close event: LINKUSDT 5m at 1772282099999
Received candle close event: WIFUSDT 5m at 1772282099999
Received candle close event: TAOUSDT 5m at 1772282099999
Received candle close event: ARUSDT 5m at 1772282099999
Received candle close event: STRKUSDT 1m at 1772282099999
Received candle close event: WCTUSDT 5m at 1772282099999
Received candle close event: SUIUSDT 5m at 1772282099999
Received candle close event: ZECUSDT 1m at 1772282099999
Received candle close event: SANDUSDT 1m at 1772282099999
Received candle close event: MOVEUSDT 5m at 1772282099999
Received candle close event: LUNA2USDT 5m at 1772282099999
Received candle close event: POLUSDT 5m at 1772282099999
Received candle close event: TIAUSDT 5m at 1772282099999
Received candle close event: ASTERUSDT 1m at 1772282099999
Received candle close event: BCHUSDT 1m at 1772282099999
Received candle close event: LINKUSDT 1m at 1772282099999
Received candle close event: AAVEUSDT 5m at 1772282099999
Received candle close event: WIFUSDT 1m at 1772282099999
Received candle close event: TAOUSDT 1m at 1772282099999
Received candle close event: 1000PEPEUSDT 1m at 1772282099999
Received candle close event: ARUSDT 1m at 1772282099999
Received candle close event: STRKUSDT 5m at 1772282099999
Received candle close event: WCTUSDT 1m at 1772282099999
Received candle close event: POLUSDT 1m at 1772282099999
Received candle close event: LUNA2USDT 1m at 1772282099999
Received candle close event: SANDUSDT 5m at 1772282099999
Received candle close event: MOVEUSDT 1m at 1772282099999
Received candle close event: TIAUSDT 1m at 1772282099999
Received candle close event: ASTERUSDT 5m at 1772282099999
Received candle close event: BCHUSDT 5m at 1772282099999
Received candle close event: ETCUSDT 1m at 1772282099999
Received candle close event: JUPUSDT 5m at 1772282099999
Received candle close event: 1000PEPEUSDT 5m at 1772282099999
Received candle close event: NEIROUSDT 1m at 1772282099999
Received candle close event: CAKEUSDT 5m at 1772282099999
Received candle close event: XLMUSDT 1m at 1772282099999
Received candle close event: JUPUSDT 1m at 1772282099999
Received candle close event: PENDLEUSDT 5m at 1772282099999
Received candle close event: NEIROUSDT 5m at 1772282099999
Received candle close event: CAKEUSDT 1m at 1772282099999
Received candle close event: ARBUSDT 1m at 1772282099999
Received candle close event: PUMPUSDT 5m at 1772282099999
Received candle close event: XLMUSDT 5m at 1772282099999
Received candle close event: SUIUSDT 1m at 1772282099999
Received candle close event: ARBUSDT 5m at 1772282099999
Received candle close event: SIRENUSDT 1m at 1772282099999
Received candle close event: ONDOUSDT 1m at 1772282099999
Received candle close event: PUMPUSDT 1m at 1772282099999
Received candle close event: PENDLEUSDT 1m at 1772282099999
Received candle close event: AXSUSDT 5m at 1772282099999
Received candle close event: OPUSDT 5m at 1772282099999
Received candle close event: ONDOUSDT 5m at 1772282099999
Received candle close event: SIRENUSDT 5m at 1772282099999
Received candle close event: AXSUSDT 1m at 1772282099999
Received candle close event: OPUSDT 1m at 1772282099999
Received candle close event: JTOUSDT 1m at 1772282099999
Received candle close event: JTOUSDT 5m at 1772282099999
Received candle close event: LDOUSDT 1m at 1772282099999
Received candle close event: LDOUSDT 5m at 1772282099999
Received candle close event: WLDUSDT 1m at 1772282099999
Received candle close event: VIRTUALUSDT 1m at 1772282099999
Received candle close event: WLDUSDT 5m at 1772282099999
Received candle close event: VIRTUALUSDT 5m at 1772282099999
Received candle close event: UNIUSDT 5m at 1772282099999
Received candle close event: IPUSDT 5m at 1772282099999
Received candle close event: ROBOUSDT 5m at 1772282099999
Received candle close event: SEIUSDT 1m at 1772282099999
Received candle close event: UNIUSDT 1m at 1772282099999
Received candle close event: IPUSDT 1m at 1772282099999
Received candle close event: ROBOUSDT 1m at 1772282099999
Received candle close event: SEIUSDT 5m at 1772282099999
Received candle close event: DUSKUSDT 5m at 1772282099999
Received candle close event: OPNUSDT 5m at 1772282099999
Received candle close event: WETUSDT 1m at 1772282099999
Received candle close event: ROSEUSDT 5m at 1772282099999
Received candle close event: DUSKUSDT 1m at 1772282099999
Received candle close event: OPNUSDT 1m at 1772282099999
Received candle close event: WETUSDT 5m at 1772282099999
Received candle close event: ROSEUSDT 1m at 1772282099999
Received candle close event: BULLAUSDT 5m at 1772282099999
Received candle close event: TRUTHUSDT 1m at 1772282099999
Received candle close event: JELLYJELLYUSDT 5m at 1772282099999
Received candle close event: BULLAUSDT 1m at 1772282099999
Received candle close event: TRUTHUSDT 5m at 1772282099999
Received candle close event: JELLYJELLYUSDT 1m at 1772282099999
Received candle close event: SPORTFUNUSDT 1m at 1772282099999
Received candle close event: GUAUSDT 1m at 1772282099999
Received candle close event: SPORTFUNUSDT 5m at 1772282099999
Received candle close event: GUAUSDT 5m at 1772282099999
Received candle close event: FOLKSUSDT 5m at 1772282099999
Received candle close event: ZBTUSDT 1m at 1772282099999
Received candle close event: ARCUSDT 5m at 1772282099999
Received candle close event: FOLKSUSDT 1m at 1772282099999
Received candle close event: ZBTUSDT 5m at 1772282099999
Received candle close event: ARCUSDT 1m at 1772282099999
Received candle close event: SKRUSDT 5m at 1772282099999
Received candle close event: VVVUSDT 5m at 1772282099999
Received candle close event: AIXBTUSDT 1m at 1772282099999
Received candle close event: SKRUSDT 1m at 1772282099999
Received candle close event: VVVUSDT 1m at 1772282099999
Received candle close event: AIXBTUSDT 5m at 1772282099999
Received candle close event: STABLEUSDT 5m at 1772282099999
Received candle close event: LAYERUSDT 1m at 1772282099999
Received candle close event: STABLEUSDT 1m at 1772282099999
Received candle close event: LAYERUSDT 5m at 1772282099999
Received candle close event: FETUSDT 1m at 1772282099999
Received candle close event: CLOUSDT 5m at 1772282099999
Received candle close event: FETUSDT 5m at 1772282099999
Received candle close event: CLOUSDT 1m at 1772282099999
Received candle close event: ADAUSDT 5m at 1772282099999
Received candle close event: ALLOUSDT 5m at 1772282099999
Received candle close event: ADAUSDT 1m at 1772282099999
Received candle close event: ALLOUSDT 1m at 1772282099999
Received candle close event: NEWTUSDT 1m at 1772282099999
Received candle close event: NEWTUSDT 5m at 1772282099999
Received candle close event: SPACEUSDT 1m at 1772282099999
Received candle close event: ANIMEUSDT 5m at 1772282099999
Received candle close event: INJUSDT 1m at 1772282099999
Received candle close event: SPACEUSDT 5m at 1772282099999
Received candle close event: INJUSDT 5m at 1772282099999
Received candle close event: ANIMEUSDT 1m at 1772282099999
Received candle close event: XPLUSDT 5m at 1772282099999
Received candle close event: XPLUSDT 1m at 1772282099999
Received candle close event: MONUSDT 1m at 1772282099999
Received candle close event: DENTUSDT 1m at 1772282099999
Received candle close event: MONUSDT 5m at 1772282099999
Received candle close event: DENTUSDT 5m at 1772282099999
Received candle close event: APEUSDT 5m at 1772282099999
Received candle close event: APEUSDT 1m at 1772282099999
Received candle close event: 1000FLOKIUSDT 1m at 1772282099999
Received candle close event: 1000FLOKIUSDT 5m at 1772282099999
Received candle close event: LYNUSDT 5m at 1772282099999
Received candle close event: LYNUSDT 1m at 1772282099999
Received candle close event: DASHUSDT 1m at 1772282099999
Received candle close event: ZILUSDT 5m at 1772282099999
Received candle close event: ZENUSDT 5m at 1772282099999
Received candle close event: DASHUSDT 5m at 1772282099999
Received candle close event: ZILUSDT 1m at 1772282099999
Received candle close event: ZENUSDT 1m at 1772282099999
Received candle close event: CGPTUSDT 1m at 1772282099999
Received candle close event: SNXUSDT 1m at 1772282099999
Received candle close event: SNXUSDT 5m at 1772282099999
Received candle close event: CGPTUSDT 5m at 1772282099999
Received candle close event: FILUSDT 1m at 1772282099999
Received candle close event: FILUSDT 5m at 1772282099999
Received candle close event: PORTALUSDT 5m at 1772282099999
Received candle close event: PORTALUSDT 1m at 1772282099999
Received candle close event: FOGOUSDT 5m at 1772282099999
Received candle close event: FOGOUSDT 1m at 1772282099999
Received candle close event: TONUSDT 1m at 1772282099999
Received candle close event: TONUSDT 5m at 1772282099999
Received candle close event: BIOUSDT 5m at 1772282099999
Received candle close event: BIOUSDT 1m at 1772282099999
Received candle close event: GPSUSDT 5m at 1772282099999
Received candle close event: GPSUSDT 1m at 1772282099999
Received candle close event: NEARUSDT 1m at 1772282099999
Received candle close event: CYBERUSDT 5m at 1772282099999
Received candle close event: BERAUSDT 5m at 1772282099999
Received candle close event: NEARUSDT 5m at 1772282099999
Received candle close event: CYBERUSDT 1m at 1772282099999
Received candle close event: BERAUSDT 1m at 1772282099999
Received candle close event: GALAUSDT 1m at 1772282099999
Received candle close event: GALAUSDT 5m at 1772282099999
Received candle close event: STEEMUSDT 1m at 1772282099999
Received candle close event: STEEMUSDT 5m at 1772282099999
Received candle close event: XMRUSDT 1m at 1772282099999
Received candle close event: XMRUSDT 5m at 1772282099999
Received candle close event: CHZUSDT 1m at 1772282099999
Received candle close event: CHZUSDT 5m at 1772282099999
Received candle close event: ENAUSDT 5m at 1772282099999
Received candle close event: ENAUSDT 1m at 1772282099999
Received candle close event: WLFIUSDT 1m at 1772282099999
Received candle close event: WLFIUSDT 5m at 1772282099999
Received candle close event: UAIUSDT 1m at 1772282099999
Received candle close event: SENTUSDT 5m at 1772282099999
Received candle close event: UAIUSDT 5m at 1772282099999
Received candle close event: SENTUSDT 1m at 1772282099999
Received candle close event: LITUSDT 1m at 1772282099999
Received candle close event: LITUSDT 5m at 1772282099999
Received candle close event: MYXUSDT 1m at 1772282099999
Received candle close event: CRVUSDT 5m at 1772282099999
Received candle close event: MYXUSDT 5m at 1772282099999
Received candle close event: CRVUSDT 1m at 1772282099999
Received candle close event: ICPUSDT 1m at 1772282099999
Received candle close event: ICPUSDT 5m at 1772282099999
Received candle close event: ALGOUSDT 1m at 1772282099999
Received candle close event: ALGOUSDT 5m at 1772282099999
Received candle close event: AZTECUSDT 1m at 1772282099999
Received candle close event: C98USDT 5m at 1772282099999
Received candle close event: C98USDT 1m at 1772282099999
Received candle close event: AZTECUSDT 5m at 1772282099999
Received candle close event: BULLAUSDT 1m at 1772282159999
Received candle close event: POWERUSDT 1m at 1772282159999
Received candle close event: SIRENUSDT 1m at 1772282159999
Received candle close event: RIVERUSDT 1m at 1772282159999
Received candle close event: SOPHUSDT 1m at 1772282159999
Received candle close event: LUNA2USDT 1m at 1772282159999
Received candle close event: BARDUSDT 1m at 1772282159999
Received candle close event: XRPUSDT 1m at 1772282159999
Received candle close event: ETCUSDT 1m at 1772282159999
Received candle close event: WLDUSDT 1m at 1772282159999
Received candle close event: BIRBUSDT 1m at 1772282159999
Received candle close event: ROBOUSDT 1m at 1772282159999
Received candle close event: ESPUSDT 1m at 1772282159999
Received candle close event: 1000PEPEUSDT 1m at 1772282159999
Received candle close event: PIPPINUSDT 1m at 1772282159999
Received candle close event: MIRAUSDT 1m at 1772282159999
Received candle close event: APTUSDT 1m at 1772282159999
Received candle close event: BCHUSDT 1m at 1772282159999
Received candle close event: CYBERUSDT 1m at 1772282159999
Received candle close event: FETUSDT 1m at 1772282159999
Received candle close event: SIGNUSDT 1m at 1772282159999
Received candle close event: TRUTHUSDT 1m at 1772282159999
Received candle close event: HOLOUSDT 1m at 1772282159999
Received candle close event: ARUSDT 1m at 1772282159999
Received candle close event: LAYERUSDT 1m at 1772282159999
Received candle close event: BUSDT 1m at 1772282159999
Received candle close event: DENTUSDT 1m at 1772282159999
Received candle close event: RAVEUSDT 1m at 1772282159999
Received candle close event: WETUSDT 1m at 1772282159999
Received candle close event: UAIUSDT 1m at 1772282159999
Received candle close event: VVVUSDT 1m at 1772282159999
Received candle close event: SKYAIUSDT 1m at 1772282159999
Received candle close event: ZROUSDT 1m at 1772282159999
Received candle close event: STGUSDT 1m at 1772282159999
Received candle close event: NEIROUSDT 1m at 1772282159999
Received candle close event: KITEUSDT 1m at 1772282159999
Received candle close event: CCUSDT 1m at 1772282159999
Received candle close event: TIAUSDT 1m at 1772282159999
Received candle close event: PENGUUSDT 1m at 1772282159999
Received candle close event: SUIUSDT 1m at 1772282159999
Received candle close event: SPACEUSDT 1m at 1772282159999
Received candle close event: 1000BONKUSDT 1m at 1772282159999
Received candle close event: ZENUSDT 1m at 1772282159999
Received candle close event: ZBTUSDT 1m at 1772282159999
Received candle close event: BTCUSDT 1m at 1772282159999
Received candle close event: EULUSDT 1m at 1772282159999
Received candle close event: HUSDT 1m at 1772282159999
Received candle close event: MOVEUSDT 1m at 1772282159999
Received candle close event: LYNUSDT 1m at 1772282159999
Received candle close event: ATHUSDT 1m at 1772282159999
Received candle close event: TAOUSDT 1m at 1772282159999
Received candle close event: 1000LUNCUSDT 1m at 1772282159999
Received candle close event: ALICEUSDT 1m at 1772282159999
Received candle close event: ENSOUSDT 1m at 1772282159999
Received candle close event: ETHUSDT 1m at 1772282159999
Received candle close event: NEWTUSDT 1m at 1772282159999
Received candle close event: ARCUSDT 1m at 1772282159999
Received candle close event: STABLEUSDT 1m at 1772282159999
Received candle close event: XMRUSDT 1m at 1772282159999
Received candle close event: LTCUSDT 1m at 1772282159999
Received candle close event: AIXBTUSDT 1m at 1772282159999
Received candle close event: SPORTFUNUSDT 1m at 1772282159999
Received candle close event: CGPTUSDT 1m at 1772282159999
Received candle close event: GPSUSDT 1m at 1772282159999
Received candle close event: PORTALUSDT 1m at 1772282159999
Received candle close event: SKRUSDT 1m at 1772282159999
Received candle close event: BEATUSDT 1m at 1772282159999
Received candle close event: 1000FLOKIUSDT 1m at 1772282159999
Received candle close event: ONDOUSDT 1m at 1772282159999
Received candle close event: GUAUSDT 1m at 1772282159999
Received candle close event: ETHFIUSDT 1m at 1772282159999
Received candle close event: ANIMEUSDT 1m at 1772282159999
Received candle close event: MONUSDT 1m at 1772282159999
Received candle close event: FARTCOINUSDT 1m at 1772282159999
Received candle close event: ZECUSDT 1m at 1772282159999
Received candle close event: CLOUSDT 1m at 1772282159999
Received candle close event: SEIUSDT 1m at 1772282159999
Received candle close event: VIRTUALUSDT 1m at 1772282159999
Received candle close event: BNBUSDT 1m at 1772282159999
Received candle close event: GWEIUSDT 1m at 1772282159999
Received candle close event: GIGGLEUSDT 1m at 1772282159999
Received candle close event: SAHARAUSDT 1m at 1772282159999
Received candle close event: ALLOUSDT 1m at 1772282159999
Received candle close event: DUSKUSDT 1m at 1772282159999
Received candle close event: SOLUSDT 1m at 1772282159999
Received candle close event: 1000SHIBUSDT 1m at 1772282159999
Received candle close event: BERAUSDT 1m at 1772282159999
Received candle close event: INJUSDT 1m at 1772282159999
Received candle close event: VETUSDT 1m at 1772282159999
Received candle close event: HBARUSDT 1m at 1772282159999
Received candle close event: ARBUSDT 1m at 1772282159999
Received candle close event: AVAXUSDT 1m at 1772282159999
Received candle close event: JUPUSDT 1m at 1772282159999
Received candle close event: CHZUSDT 1m at 1772282159999
Received candle close event: WLFIUSDT 1m at 1772282159999
Received candle close event: AAVEUSDT 1m at 1772282159999
Received candle close event: AXSUSDT 1m at 1772282159999
Received candle close event: OPNUSDT 1m at 1772282159999
Received candle close event: WIFUSDT 1m at 1772282159999
Received candle close event: IPUSDT 1m at 1772282159999
Received candle close event: DOGEUSDT 1m at 1772282159999
Received candle close event: SNXUSDT 1m at 1772282159999
Received candle close event: AGLDUSDT 1m at 1772282159999
Received candle close event: APEUSDT 1m at 1772282159999
Received candle close event: MORPHOUSDT 1m at 1772282159999
Received candle close event: BIOUSDT 1m at 1772282159999
Received candle close event: NEARUSDT 1m at 1772282159999
Received candle close event: DASHUSDT 1m at 1772282159999
Received candle close event: ZILUSDT 1m at 1772282159999
Received candle close event: ENAUSDT 1m at 1772282159999
Received candle close event: ORDIUSDT 1m at 1772282159999
Received candle close event: ATOMUSDT 1m at 1772282159999
Received candle close event: TONUSDT 1m at 1772282159999
Received candle close event: FOLKSUSDT 1m at 1772282159999
Received candle close event: STRKUSDT 1m at 1772282159999
Received candle close event: POLUSDT 1m at 1772282159999
Received candle close event: RENDERUSDT 1m at 1772282159999
Received candle close event: KAITOUSDT 1m at 1772282159999
Received candle close event: LINKUSDT 1m at 1772282159999
Received candle close event: PUMPUSDT 1m at 1772282159999
Received candle close event: HYPEUSDT 1m at 1772282159999
Received candle close event: ALGOUSDT 1m at 1772282159999
Received candle close event: AZTECUSDT 1m at 1772282159999
Received candle close event: 0GUSDT 1m at 1772282159999
Received candle close event: SANDUSDT 1m at 1772282159999
Received candle close event: XPLUSDT 1m at 1772282159999
Received candle close event: SENTUSDT 1m at 1772282159999
Received candle close event: FILUSDT 1m at 1772282159999
Received candle close event: LITUSDT 1m at 1772282159999
Received candle close event: OPUSDT 1m at 1772282159999
Received candle close event: PENDLEUSDT 1m at 1772282159999
Received candle close event: WCTUSDT 1m at 1772282159999
Received candle close event: UNIUSDT 1m at 1772282159999
Received candle close event: DOTUSDT 1m at 1772282159999
Received candle close event: ROSEUSDT 1m at 1772282159999
Received candle close event: LDOUSDT 1m at 1772282159999
Received candle close event: XLMUSDT 1m at 1772282159999
Received candle close event: STEEMUSDT 1m at 1772282159999
Received candle close event: GALAUSDT 1m at 1772282159999
Received candle close event: ASTERUSDT 1m at 1772282159999
Received candle close event: ADAUSDT 1m at 1772282159999
Received candle close event: JTOUSDT 1m at 1772282159999
Received candle close event: TRUMPUSDT 1m at 1772282159999
Received candle close event: CAKEUSDT 1m at 1772282159999
Received candle close event: FOGOUSDT 1m at 1772282159999
Received candle close event: ICPUSDT 1m at 1772282159999
Received candle close event: JELLYJELLYUSDT 1m at 1772282159999
Received candle close event: ZAMAUSDT 1m at 1772282159999
Received candle close event: MYXUSDT 1m at 1772282159999
Received candle close event: TRXUSDT 1m at 1772282159999
Received candle close event: CRVUSDT 1m at 1772282159999
Received candle close event: C98USDT 1m at 1772282159999
Received candle close event: IPUSDT 1m at 1772282219999
Received candle close event: CLOUSDT 1m at 1772282219999
Received candle close event: ETHUSDT 1m at 1772282219999
Received candle close event: NEARUSDT 1m at 1772282219999
Received candle close event: OPNUSDT 1m at 1772282219999
Received candle close event: ENSOUSDT 1m at 1772282219999
Received candle close event: POWERUSDT 1m at 1772282219999
Received candle close event: BULLAUSDT 1m at 1772282219999
Received candle close event: 1000PEPEUSDT 1m at 1772282219999
Received candle close event: PIPPINUSDT 1m at 1772282219999
Received candle close event: VVVUSDT 1m at 1772282219999
Received candle close event: RIVERUSDT 1m at 1772282219999
Received candle close event: UAIUSDT 1m at 1772282219999
Received candle close event: AAVEUSDT 1m at 1772282219999
Received candle close event: TRUTHUSDT 1m at 1772282219999
Received candle close event: HYPEUSDT 1m at 1772282219999
Received candle close event: ARBUSDT 1m at 1772282219999
Received candle close event: ADAUSDT 1m at 1772282219999
Received candle close event: BEATUSDT 1m at 1772282219999
Received candle close event: SPORTFUNUSDT 1m at 1772282219999
Received candle close event: LITUSDT 1m at 1772282219999
Received candle close event: XRPUSDT 1m at 1772282219999
Received candle close event: ZBTUSDT 1m at 1772282219999
Received candle close event: AZTECUSDT 1m at 1772282219999
Received candle close event: HBARUSDT 1m at 1772282219999
Received candle close event: ALICEUSDT 1m at 1772282219999
Received candle close event: BTCUSDT 1m at 1772282219999
Received candle close event: BCHUSDT 1m at 1772282219999
Received candle close event: DUSKUSDT 1m at 1772282219999
Received candle close event: LAYERUSDT 1m at 1772282219999
Received candle close event: SOPHUSDT 1m at 1772282219999
Received candle close event: 1000SHIBUSDT 1m at 1772282219999
Received candle close event: ROBOUSDT 1m at 1772282219999
Received candle close event: AIXBTUSDT 1m at 1772282219999
Received candle close event: BIRBUSDT 1m at 1772282219999
Received candle close event: SPACEUSDT 1m at 1772282219999
Received candle close event: WIFUSDT 1m at 1772282219999
Received candle close event: JELLYJELLYUSDT 1m at 1772282219999
Received candle close event: BNBUSDT 1m at 1772282219999
Received candle close event: GPSUSDT 1m at 1772282219999
Received candle close event: AVAXUSDT 1m at 1772282219999
Received candle close event: STGUSDT 1m at 1772282219999
Received candle close event: KITEUSDT 1m at 1772282219999
Received candle close event: LYNUSDT 1m at 1772282219999
Received candle close event: ATOMUSDT 1m at 1772282219999
Received candle close event: ZROUSDT 1m at 1772282219999
Received candle close event: SUIUSDT 1m at 1772282219999
Received candle close event: BARDUSDT 1m at 1772282219999
Received candle close event: FETUSDT 1m at 1772282219999
Received candle close event: SIGNUSDT 1m at 1772282219999
Received candle close event: ESPUSDT 1m at 1772282219999
Received candle close event: BUSDT 1m at 1772282219999
Received candle close event: CHZUSDT 1m at 1772282219999
Received candle close event: ZECUSDT 1m at 1772282219999
Received candle close event: EULUSDT 1m at 1772282219999
Received candle close event: SIRENUSDT 1m at 1772282219999
Received candle close event: 1000LUNCUSDT 1m at 1772282219999
Received candle close event: GWEIUSDT 1m at 1772282219999
Received candle close event: ZAMAUSDT 1m at 1772282219999
Received candle close event: HUSDT 1m at 1772282219999
Received candle close event: FOLKSUSDT 1m at 1772282219999
Received candle close event: ATHUSDT 1m at 1772282219999
Received candle close event: RAVEUSDT 1m at 1772282219999
Received candle close event: 1000BONKUSDT 1m at 1772282219999
Received candle close event: MORPHOUSDT 1m at 1772282219999
Received candle close event: CCUSDT 1m at 1772282219999
Received candle close event: ARCUSDT 1m at 1772282219999
Received candle close event: SKYAIUSDT 1m at 1772282219999
Received candle close event: DENTUSDT 1m at 1772282219999
Received candle close event: SKRUSDT 1m at 1772282219999
Received candle close event: WETUSDT 1m at 1772282219999
Received candle close event: SAHARAUSDT 1m at 1772282219999
Received candle close event: HOLOUSDT 1m at 1772282219999
Received candle close event: AXSUSDT 1m at 1772282219999
Received candle close event: 0GUSDT 1m at 1772282219999
Received candle close event: FARTCOINUSDT 1m at 1772282219999
Received candle close event: STABLEUSDT 1m at 1772282219999
Received candle close event: DASHUSDT 1m at 1772282219999
Received candle close event: PENDLEUSDT 1m at 1772282219999
Received candle close event: ONDOUSDT 1m at 1772282219999
Received candle close event: SEIUSDT 1m at 1772282219999
Received candle close event: LUNA2USDT 1m at 1772282219999
Received candle close event: NEIROUSDT 1m at 1772282219999
Received candle close event: SANDUSDT 1m at 1772282219999
Received candle close event: NEWTUSDT 1m at 1772282219999
Received candle close event: DOTUSDT 1m at 1772282219999
Received candle close event: XMRUSDT 1m at 1772282219999
Received candle close event: TRXUSDT 1m at 1772282219999
Received candle close event: INJUSDT 1m at 1772282219999
Received candle close event: BIOUSDT 1m at 1772282219999
Received candle close event: WLFIUSDT 1m at 1772282219999
Received candle close event: JTOUSDT 1m at 1772282219999
Received candle close event: GUAUSDT 1m at 1772282219999
Received candle close event: TAOUSDT 1m at 1772282219999
Received candle close event: DOGEUSDT 1m at 1772282219999
Received candle close event: MIRAUSDT 1m at 1772282219999
Received candle close event: AGLDUSDT 1m at 1772282219999
Received candle close event: ALGOUSDT 1m at 1772282219999
Received candle close event: TRUMPUSDT 1m at 1772282219999
Received candle close event: OPUSDT 1m at 1772282219999
Received candle close event: TIAUSDT 1m at 1772282219999
Received candle close event: 1000FLOKIUSDT 1m at 1772282219999
Received candle close event: ZENUSDT 1m at 1772282219999
Received candle close event: RENDERUSDT 1m at 1772282219999
Received candle close event: ICPUSDT 1m at 1772282219999
Received candle close event: C98USDT 1m at 1772282219999
Received candle close event: CYBERUSDT 1m at 1772282219999
Received candle close event: MOVEUSDT 1m at 1772282219999
Received candle close event: ALLOUSDT 1m at 1772282219999
Received candle close event: ZILUSDT 1m at 1772282219999
Received candle close event: SOLUSDT 1m at 1772282219999
Received candle close event: FILUSDT 1m at 1772282219999
Received candle close event: KAITOUSDT 1m at 1772282219999
Received candle close event: FOGOUSDT 1m at 1772282219999
Received candle close event: VETUSDT 1m at 1772282219999
Received candle close event: WCTUSDT 1m at 1772282219999
Received candle close event: XLMUSDT 1m at 1772282219999
Received candle close event: XPLUSDT 1m at 1772282219999
Received candle close event: APTUSDT 1m at 1772282219999
Received candle close event: ANIMEUSDT 1m at 1772282219999
Received candle close event: ETHFIUSDT 1m at 1772282219999
Received candle close event: VIRTUALUSDT 1m at 1772282219999
Received candle close event: BERAUSDT 1m at 1772282219999
Received candle close event: ROSEUSDT 1m at 1772282219999
Received candle close event: UNIUSDT 1m at 1772282219999
Received candle close event: WLDUSDT 1m at 1772282219999
Received candle close event: CRVUSDT 1m at 1772282219999
Received candle close event: ASTERUSDT 1m at 1772282219999
Received candle close event: STRKUSDT 1m at 1772282219999
Received candle close event: ORDIUSDT 1m at 1772282219999
Received candle close event: PENGUUSDT 1m at 1772282219999
Received candle close event: PUMPUSDT 1m at 1772282219999
Received candle close event: GIGGLEUSDT 1m at 1772282219999
Received candle close event: APEUSDT 1m at 1772282219999
Received candle close event: POLUSDT 1m at 1772282219999
Received candle close event: MYXUSDT 1m at 1772282219999
Received candle close event: LTCUSDT 1m at 1772282219999
Received candle close event: LDOUSDT 1m at 1772282219999
Received candle close event: MONUSDT 1m at 1772282219999
Received candle close event: ETCUSDT 1m at 1772282219999
Received candle close event: SNXUSDT 1m at 1772282219999
Received candle close event: SENTUSDT 1m at 1772282219999
Received candle close event: GALAUSDT 1m at 1772282219999
Received candle close event: CGPTUSDT 1m at 1772282219999
Received candle close event: TONUSDT 1m at 1772282219999
Received candle close event: JUPUSDT 1m at 1772282219999
Received candle close event: LINKUSDT 1m at 1772282219999
Received candle close event: STEEMUSDT 1m at 1772282219999
Received candle close event: PORTALUSDT 1m at 1772282219999
Received candle close event: ARUSDT 1m at 1772282219999
Received candle close event: ENAUSDT 1m at 1772282219999
Received candle close event: CAKEUSDT 1m at 1772282219999
Received candle close event: MYXUSDT 1m at 1772282279999
Received candle close event: POWERUSDT 1m at 1772282279999
Received candle close event: BTCUSDT 1m at 1772282279999
Received candle close event: ENSOUSDT 1m at 1772282279999
Received candle close event: SAHARAUSDT 1m at 1772282279999
Received candle close event: ZECUSDT 1m at 1772282279999
Received candle close event: XRPUSDT 1m at 1772282279999
Received candle close event: AAVEUSDT 1m at 1772282279999
Received candle close event: DUSKUSDT 1m at 1772282279999
Received candle close event: BUSDT 1m at 1772282279999
Received candle close event: TAOUSDT 1m at 1772282279999
Received candle close event: AVAXUSDT 1m at 1772282279999
Received candle close event: ZBTUSDT 1m at 1772282279999
Received candle close event: SOLUSDT 1m at 1772282279999
Received candle close event: SPORTFUNUSDT 1m at 1772282279999
Received candle close event: 1000PEPEUSDT 1m at 1772282279999
Received candle close event: HBARUSDT 1m at 1772282279999
Received candle close event: ORDIUSDT 1m at 1772282279999
Received candle close event: FETUSDT 1m at 1772282279999
Received candle close event: BEATUSDT 1m at 1772282279999
Received candle close event: SIGNUSDT 1m at 1772282279999
Received candle close event: DENTUSDT 1m at 1772282279999
Received candle close event: TRUTHUSDT 1m at 1772282279999
Received candle close event: SUIUSDT 1m at 1772282279999
Received candle close event: KAITOUSDT 1m at 1772282279999
Received candle close event: ARCUSDT 1m at 1772282279999
Received candle close event: TRXUSDT 1m at 1772282279999
Received candle close event: BIRBUSDT 1m at 1772282279999
Received candle close event: VVVUSDT 1m at 1772282279999
Received candle close event: KITEUSDT 1m at 1772282279999
Received candle close event: SIRENUSDT 1m at 1772282279999
Received candle close event: INJUSDT 1m at 1772282279999
Received candle close event: WLFIUSDT 1m at 1772282279999
Received candle close event: GWEIUSDT 1m at 1772282279999
Received candle close event: LDOUSDT 1m at 1772282279999
Received candle close event: WLDUSDT 1m at 1772282279999
Received candle close event: PIPPINUSDT 1m at 1772282279999
Received candle close event: HUSDT 1m at 1772282279999
Received candle close event: DOGEUSDT 1m at 1772282279999
Received candle close event: BULLAUSDT 1m at 1772282279999
Received candle close event: 1000SHIBUSDT 1m at 1772282279999
Received candle close event: ZROUSDT 1m at 1772282279999
Received candle close event: BNBUSDT 1m at 1772282279999
Received candle close event: EULUSDT 1m at 1772282279999
Received candle close event: STGUSDT 1m at 1772282279999
Received candle close event: CLOUSDT 1m at 1772282279999
Received candle close event: BARDUSDT 1m at 1772282279999
Received candle close event: RIVERUSDT 1m at 1772282279999
Received candle close event: LYNUSDT 1m at 1772282279999
Received candle close event: SOPHUSDT 1m at 1772282279999
Received candle close event: FOGOUSDT 1m at 1772282279999
Received candle close event: AGLDUSDT 1m at 1772282279999
Received candle close event: GPSUSDT 1m at 1772282279999
Received candle close event: JELLYJELLYUSDT 1m at 1772282279999
Received candle close event: 1000LUNCUSDT 1m at 1772282279999
Received candle close event: SKRUSDT 1m at 1772282279999
Received candle close event: ALICEUSDT 1m at 1772282279999
Received candle close event: ADAUSDT 1m at 1772282279999
Received candle close event: BCHUSDT 1m at 1772282279999
Received candle close event: XMRUSDT 1m at 1772282279999
Received candle close event: ROBOUSDT 1m at 1772282279999
Received candle close event: MORPHOUSDT 1m at 1772282279999
Received candle close event: ETHUSDT 1m at 1772282279999
Received candle close event: SKYAIUSDT 1m at 1772282279999
Received candle close event: OPNUSDT 1m at 1772282279999
Received candle close event: ATHUSDT 1m at 1772282279999
Received candle close event: CHZUSDT 1m at 1772282279999
Received candle close event: GIGGLEUSDT 1m at 1772282279999
Received candle close event: 0GUSDT 1m at 1772282279999
Received candle close event: FOLKSUSDT 1m at 1772282279999
Received candle close event: FARTCOINUSDT 1m at 1772282279999
Received candle close event: HOLOUSDT 1m at 1772282279999
Received candle close event: PENDLEUSDT 1m at 1772282279999
Received candle close event: RAVEUSDT 1m at 1772282279999
Received candle close event: STEEMUSDT 1m at 1772282279999
Received candle close event: ANIMEUSDT 1m at 1772282279999
Received candle close event: SANDUSDT 1m at 1772282279999
Received candle close event: WETUSDT 1m at 1772282279999
Received candle close event: CAKEUSDT 1m at 1772282279999
Received candle close event: LAYERUSDT 1m at 1772282279999
Received candle close event: CGPTUSDT 1m at 1772282279999
Received candle close event: C98USDT 1m at 1772282279999
Received candle close event: PORTALUSDT 1m at 1772282279999
Received candle close event: LUNA2USDT 1m at 1772282279999
Received candle close event: DOTUSDT 1m at 1772282279999
Received candle close event: AZTECUSDT 1m at 1772282279999
Received candle close event: NEIROUSDT 1m at 1772282279999
Received candle close event: STABLEUSDT 1m at 1772282279999
Received candle close event: WIFUSDT 1m at 1772282279999
Received candle close event: SEIUSDT 1m at 1772282279999
Received candle close event: APTUSDT 1m at 1772282279999
Received candle close event: CRVUSDT 1m at 1772282279999
Received candle close event: NEWTUSDT 1m at 1772282279999
Received candle close event: ALLOUSDT 1m at 1772282279999
Received candle close event: 1000BONKUSDT 1m at 1772282279999
Received candle close event: UNIUSDT 1m at 1772282279999
Received candle close event: ENAUSDT 1m at 1772282279999
Received candle close event: FILUSDT 1m at 1772282279999
Received candle close event: PUMPUSDT 1m at 1772282279999
Received candle close event: GUAUSDT 1m at 1772282279999
Received candle close event: 1000FLOKIUSDT 1m at 1772282279999
Received candle close event: LINKUSDT 1m at 1772282279999
Received candle close event: HYPEUSDT 1m at 1772282279999
Received candle close event: ROSEUSDT 1m at 1772282279999
Received candle close event: WCTUSDT 1m at 1772282279999
Received candle close event: ETCUSDT 1m at 1772282279999
Received candle close event: SNXUSDT 1m at 1772282279999
Received candle close event: LTCUSDT 1m at 1772282279999
Received candle close event: MIRAUSDT 1m at 1772282279999
Received candle close event: VIRTUALUSDT 1m at 1772282279999
Received candle close event: OPUSDT 1m at 1772282279999
Received candle close event: JTOUSDT 1m at 1772282279999
Received candle close event: ZILUSDT 1m at 1772282279999
Received candle close event: DASHUSDT 1m at 1772282279999
Received candle close event: ZAMAUSDT 1m at 1772282279999
Received candle close event: CCUSDT 1m at 1772282279999
Received candle close event: ATOMUSDT 1m at 1772282279999
Received candle close event: STRKUSDT 1m at 1772282279999
Received candle close event: IPUSDT 1m at 1772282279999
Received candle close event: ASTERUSDT 1m at 1772282279999
Received candle close event: ARBUSDT 1m at 1772282279999
Received candle close event: ZENUSDT 1m at 1772282279999
Received candle close event: RENDERUSDT 1m at 1772282279999
Received candle close event: GALAUSDT 1m at 1772282279999
Received candle close event: BERAUSDT 1m at 1772282279999
Received candle close event: ESPUSDT 1m at 1772282279999
Received candle close event: ICPUSDT 1m at 1772282279999
Received candle close event: NEARUSDT 1m at 1772282279999
Received candle close event: BIOUSDT 1m at 1772282279999
Received candle close event: LITUSDT 1m at 1772282279999
Received candle close event: AIXBTUSDT 1m at 1772282279999
Received candle close event: CYBERUSDT 1m at 1772282279999
Received candle close event: APEUSDT 1m at 1772282279999
Received candle close event: XLMUSDT 1m at 1772282279999
Received candle close event: XPLUSDT 1m at 1772282279999
Received candle close event: TIAUSDT 1m at 1772282279999
Received candle close event: MONUSDT 1m at 1772282279999
Received candle close event: ETHFIUSDT 1m at 1772282279999
Received candle close event: PENGUUSDT 1m at 1772282279999
Received candle close event: ALGOUSDT 1m at 1772282279999
Received candle close event: SENTUSDT 1m at 1772282279999
Received candle close event: ARUSDT 1m at 1772282279999
Received candle close event: SPACEUSDT 1m at 1772282279999
Received candle close event: JUPUSDT 1m at 1772282279999
Received candle close event: TONUSDT 1m at 1772282279999
Received candle close event: VETUSDT 1m at 1772282279999
Received candle close event: TRUMPUSDT 1m at 1772282279999
Received candle close event: AXSUSDT 1m at 1772282279999
Received candle close event: POLUSDT 1m at 1772282279999
Received candle close event: MOVEUSDT 1m at 1772282279999
Received candle close event: ONDOUSDT 1m at 1772282279999
Received candle close event: UAIUSDT 1m at 1772282279999
Received candle close event: XRPUSDT 1m at 1772282339999
Received candle close event: KITEUSDT 1m at 1772282339999
Received candle close event: ICPUSDT 1m at 1772282339999
Received candle close event: ETHUSDT 1m at 1772282339999
Received candle close event: ZBTUSDT 1m at 1772282339999
Received candle close event: BULLAUSDT 1m at 1772282339999
Received candle close event: CLOUSDT 1m at 1772282339999
Received candle close event: LYNUSDT 1m at 1772282339999
Received candle close event: DOTUSDT 1m at 1772282339999
Received candle close event: ALLOUSDT 1m at 1772282339999
Received candle close event: SOPHUSDT 1m at 1772282339999
Received candle close event: TRUTHUSDT 1m at 1772282339999
Received candle close event: VVVUSDT 1m at 1772282339999
Received candle close event: RIVERUSDT 1m at 1772282339999
Received candle close event: BCHUSDT 1m at 1772282339999
Received candle close event: ARCUSDT 1m at 1772282339999
Received candle close event: BUSDT 1m at 1772282339999
Received candle close event: ALICEUSDT 1m at 1772282339999
Received candle close event: FILUSDT 1m at 1772282339999
Received candle close event: BTCUSDT 1m at 1772282339999
Received candle close event: DUSKUSDT 1m at 1772282339999
Received candle close event: AZTECUSDT 1m at 1772282339999
Received candle close event: SPORTFUNUSDT 1m at 1772282339999
Received candle close event: ROBOUSDT 1m at 1772282339999
Received candle close event: BEATUSDT 1m at 1772282339999
Received candle close event: POWERUSDT 1m at 1772282339999
Received candle close event: RAVEUSDT 1m at 1772282339999
Received candle close event: JELLYJELLYUSDT 1m at 1772282339999
Received candle close event: SAHARAUSDT 1m at 1772282339999
Received candle close event: BNBUSDT 1m at 1772282339999
Received candle close event: WCTUSDT 1m at 1772282339999
Received candle close event: GPSUSDT 1m at 1772282339999
Received candle close event: FARTCOINUSDT 1m at 1772282339999
Received candle close event: PENGUUSDT 1m at 1772282339999
Received candle close event: VETUSDT 1m at 1772282339999
Received candle close event: PIPPINUSDT 1m at 1772282339999
Received candle close event: SOLUSDT 1m at 1772282339999
Received candle close event: FOGOUSDT 1m at 1772282339999
Received candle close event: GWEIUSDT 1m at 1772282339999
Received candle close event: MIRAUSDT 1m at 1772282339999
Received candle close event: BIOUSDT 1m at 1772282339999
Received candle close event: ZROUSDT 1m at 1772282339999
Received candle close event: STGUSDT 1m at 1772282339999
Received candle close event: JTOUSDT 1m at 1772282339999
Received candle close event: SKRUSDT 1m at 1772282339999
Received candle close event: BIRBUSDT 1m at 1772282339999
Received candle close event: SIRENUSDT 1m at 1772282339999
Received candle close event: NEIROUSDT 1m at 1772282339999
Received candle close event: DASHUSDT 1m at 1772282339999
Received candle close event: LAYERUSDT 1m at 1772282339999
Received candle close event: 1000LUNCUSDT 1m at 1772282339999
Received candle close event: HOLOUSDT 1m at 1772282339999
Received candle close event: ARBUSDT 1m at 1772282339999
Received candle close event: NEWTUSDT 1m at 1772282339999
Received candle close event: ADAUSDT 1m at 1772282339999
Received candle close event: ZENUSDT 1m at 1772282339999
Received candle close event: BARDUSDT 1m at 1772282339999
Received candle close event: BERAUSDT 1m at 1772282339999
Received candle close event: HUSDT 1m at 1772282339999
Received candle close event: FOLKSUSDT 1m at 1772282339999
Received candle close event: STABLEUSDT 1m at 1772282339999
Received candle close event: ZECUSDT 1m at 1772282339999
Received candle close event: UAIUSDT 1m at 1772282339999
Received candle close event: ATHUSDT 1m at 1772282339999
Received candle close event: WETUSDT 1m at 1772282339999
Received candle close event: LUNA2USDT 1m at 1772282339999
Received candle close event: KAITOUSDT 1m at 1772282339999
Received candle close event: XMRUSDT 1m at 1772282339999
Received candle close event: DOGEUSDT 1m at 1772282339999
Received candle close event: 1000PEPEUSDT 1m at 1772282339999
Received candle close event: CAKEUSDT 1m at 1772282339999
Received candle close event: SUIUSDT 1m at 1772282339999
Received candle close event: CRVUSDT 1m at 1772282339999
Received candle close event: EULUSDT 1m at 1772282339999
Received candle close event: NEARUSDT 1m at 1772282339999
Received candle close event: DENTUSDT 1m at 1772282339999
Received candle close event: TONUSDT 1m at 1772282339999
Received candle close event: C98USDT 1m at 1772282339999
Received candle close event: SEIUSDT 1m at 1772282339999
Received candle close event: CHZUSDT 1m at 1772282339999
Received candle close event: SIGNUSDT 1m at 1772282339999
Received candle close event: TAOUSDT 1m at 1772282339999
Received candle close event: ROSEUSDT 1m at 1772282339999
Received candle close event: HYPEUSDT 1m at 1772282339999
Received candle close event: XLMUSDT 1m at 1772282339999
Received candle close event: SKYAIUSDT 1m at 1772282339999
Received candle close event: VIRTUALUSDT 1m at 1772282339999
Received candle close event: HBARUSDT 1m at 1772282339999
Received candle close event: POLUSDT 1m at 1772282339999
Received candle close event: AAVEUSDT 1m at 1772282339999
Received candle close event: PENDLEUSDT 1m at 1772282339999
Received candle close event: JUPUSDT 1m at 1772282339999
Received candle close event: MORPHOUSDT 1m at 1772282339999
Received candle close event: INJUSDT 1m at 1772282339999
Received candle close event: APTUSDT 1m at 1772282339999
Received candle close event: LTCUSDT 1m at 1772282339999
Received candle close event: LINKUSDT 1m at 1772282339999
Received candle close event: ALGOUSDT 1m at 1772282339999
Received candle close event: AIXBTUSDT 1m at 1772282339999
Received candle close event: PUMPUSDT 1m at 1772282339999
Received candle close event: ETCUSDT 1m at 1772282339999
Received candle close event: 1000BONKUSDT 1m at 1772282339999
Received candle close event: LITUSDT 1m at 1772282339999
Received candle close event: STRKUSDT 1m at 1772282339999
Received candle close event: ETHFIUSDT 1m at 1772282339999
Received candle close event: SANDUSDT 1m at 1772282339999
Received candle close event: ANIMEUSDT 1m at 1772282339999
Received candle close event: ORDIUSDT 1m at 1772282339999
Received candle close event: ONDOUSDT 1m at 1772282339999
Received candle close event: 1000FLOKIUSDT 1m at 1772282339999
Received candle close event: XPLUSDT 1m at 1772282339999
Received candle close event: OPNUSDT 1m at 1772282339999
Received candle close event: WIFUSDT 1m at 1772282339999
Received candle close event: APEUSDT 1m at 1772282339999
Received candle close event: TIAUSDT 1m at 1772282339999
Received candle close event: ARUSDT 1m at 1772282339999
Received candle close event: ENAUSDT 1m at 1772282339999
Received candle close event: ASTERUSDT 1m at 1772282339999
Received candle close event: GALAUSDT 1m at 1772282339999
Received candle close event: GUAUSDT 1m at 1772282339999
Received candle close event: 0GUSDT 1m at 1772282339999
Received candle close event: ATOMUSDT 1m at 1772282339999
Received candle close event: ESPUSDT 1m at 1772282339999
Received candle close event: WLDUSDT 1m at 1772282339999
Received candle close event: ENSOUSDT 1m at 1772282339999
Received candle close event: FETUSDT 1m at 1772282339999
Received candle close event: AGLDUSDT 1m at 1772282339999
Received candle close event: SPACEUSDT 1m at 1772282339999
Received candle close event: STEEMUSDT 1m at 1772282339999
Received candle close event: TRUMPUSDT 1m at 1772282339999
Received candle close event: UNIUSDT 1m at 1772282339999
Received candle close event: AVAXUSDT 1m at 1772282339999
Received candle close event: ZILUSDT 1m at 1772282339999
Received candle close event: MONUSDT 1m at 1772282339999
Received candle close event: SENTUSDT 1m at 1772282339999
Received candle close event: TRXUSDT 1m at 1772282339999
Received candle close event: 1000SHIBUSDT 1m at 1772282339999
Received candle close event: AXSUSDT 1m at 1772282339999
Received candle close event: SNXUSDT 1m at 1772282339999
Received candle close event: OPUSDT 1m at 1772282339999
Received candle close event: GIGGLEUSDT 1m at 1772282339999
Received candle close event: RENDERUSDT 1m at 1772282339999
Received candle close event: WLFIUSDT 1m at 1772282339999
Received candle close event: CYBERUSDT 1m at 1772282339999
Received candle close event: CCUSDT 1m at 1772282339999
Received candle close event: MYXUSDT 1m at 1772282339999
Received candle close event: LDOUSDT 1m at 1772282339999
Received candle close event: PORTALUSDT 1m at 1772282339999
Received candle close event: ZAMAUSDT 1m at 1772282339999
Received candle close event: IPUSDT 1m at 1772282339999
Received candle close event: CGPTUSDT 1m at 1772282339999
Received candle close event: MOVEUSDT 1m at 1772282339999
Received candle close event: NEWTUSDT 1m at 1772282399999
Received candle close event: PUMPUSDT 5m at 1772282399999
Received candle close event: NEWTUSDT 5m at 1772282399999
Received candle close event: SEIUSDT 1m at 1772282399999
Received candle close event: PUMPUSDT 1m at 1772282399999
Received candle close event: SEIUSDT 5m at 1772282399999
Received candle close event: ETHUSDT 5m at 1772282399999
Received candle close event: POWERUSDT 5m at 1772282399999
Received candle close event: ETHUSDT 1m at 1772282399999
Received candle close event: SOLUSDT 5m at 1772282399999
Received candle close event: POWERUSDT 1m at 1772282399999
Received candle close event: MORPHOUSDT 1m at 1772282399999
Received candle close event: SOLUSDT 1m at 1772282399999
Received candle close event: MORPHOUSDT 5m at 1772282399999
Received candle close event: RIVERUSDT 5m at 1772282399999
Received candle close event: DOGEUSDT 1m at 1772282399999
Received candle close event: RIVERUSDT 1m at 1772282399999
Received candle close event: DOGEUSDT 5m at 1772282399999
Received candle close event: IPUSDT 5m at 1772282399999
Received candle close event: IPUSDT 1m at 1772282399999
Received candle close event: BIRBUSDT 5m at 1772282399999
Received candle close event: BUSDT 1m at 1772282399999
Received candle close event: NEIROUSDT 1m at 1772282399999
Received candle close event: BIRBUSDT 1m at 1772282399999
Received candle close event: BUSDT 5m at 1772282399999
Received candle close event: NEIROUSDT 5m at 1772282399999
Received candle close event: MYXUSDT 1m at 1772282399999
Received candle close event: MYXUSDT 5m at 1772282399999
Received candle close event: RENDERUSDT 1m at 1772282399999
Received candle close event: PIPPINUSDT 5m at 1772282399999
Received candle close event: PIPPINUSDT 1m at 1772282399999
Received candle close event: RENDERUSDT 5m at 1772282399999
Received candle close event: XRPUSDT 5m at 1772282399999
Received candle close event: XRPUSDT 1m at 1772282399999
Received candle close event: SIRENUSDT 1m at 1772282399999
Received candle close event: ALICEUSDT 5m at 1772282399999
Received candle close event: SIRENUSDT 5m at 1772282399999
Received candle close event: ALICEUSDT 1m at 1772282399999
Received candle close event: 0GUSDT 1m at 1772282399999
Received candle close event: 0GUSDT 5m at 1772282399999
Received candle close event: CLOUSDT 5m at 1772282399999
Received candle close event: CLOUSDT 1m at 1772282399999
Received candle close event: WLDUSDT 1m at 1772282399999
Received candle close event: WLDUSDT 5m at 1772282399999
Received candle close event: BARDUSDT 5m at 1772282399999
Received candle close event: ADAUSDT 5m at 1772282399999
Received candle close event: HOLOUSDT 1m at 1772282399999
Received candle close event: BARDUSDT 1m at 1772282399999
Received candle close event: ADAUSDT 1m at 1772282399999
Received candle close event: UNIUSDT 5m at 1772282399999
Received candle close event: SIGNUSDT 1m at 1772282399999
Received candle close event: ATHUSDT 5m at 1772282399999
Received candle close event: HOLOUSDT 5m at 1772282399999
Received candle close event: LUNA2USDT 5m at 1772282399999
Received candle close event: UNIUSDT 1m at 1772282399999
Received candle close event: SIGNUSDT 5m at 1772282399999
Received candle close event: ATHUSDT 1m at 1772282399999
Received candle close event: LUNA2USDT 1m at 1772282399999
Received candle close event: 1000LUNCUSDT 1m at 1772282399999
Received candle close event: 1000LUNCUSDT 5m at 1772282399999
Received candle close event: STABLEUSDT 5m at 1772282399999
Received candle close event: STABLEUSDT 1m at 1772282399999
Received candle close event: CRVUSDT 5m at 1772282399999
Received candle close event: CRVUSDT 1m at 1772282399999
Received candle close event: C98USDT 5m at 1772282399999
Received candle close event: C98USDT 1m at 1772282399999
Received candle close event: HBARUSDT 1m at 1772282399999
Received candle close event: BERAUSDT 5m at 1772282399999
Received candle close event: HBARUSDT 5m at 1772282399999
Received candle close event: BERAUSDT 1m at 1772282399999
Received candle close event: TRXUSDT 1m at 1772282399999
Received candle close event: TRXUSDT 5m at 1772282399999
Received candle close event: XLMUSDT 1m at 1772282399999
Received candle close event: XLMUSDT 5m at 1772282399999
Received candle close event: BTCUSDT 1m at 1772282399999
Received candle close event: ARCUSDT 5m at 1772282399999
Received candle close event: BTCUSDT 5m at 1772282399999
Received candle close event: ARCUSDT 1m at 1772282399999
Received candle close event: ZROUSDT 5m at 1772282399999
Received candle close event: FOGOUSDT 5m at 1772282399999
Received candle close event: STGUSDT 1m at 1772282399999
Received candle close event: ZROUSDT 1m at 1772282399999
Received candle close event: FOGOUSDT 1m at 1772282399999
Received candle close event: STGUSDT 5m at 1772282399999
Received candle close event: BULLAUSDT 1m at 1772282399999
Received candle close event: DUSKUSDT 5m at 1772282399999
Received candle close event: SKRUSDT 5m at 1772282399999
Received candle close event: ROBOUSDT 5m at 1772282399999
Received candle close event: INJUSDT 5m at 1772282399999
Received candle close event: BULLAUSDT 5m at 1772282399999
Received candle close event: DUSKUSDT 1m at 1772282399999
Received candle close event: ROBOUSDT 1m at 1772282399999
Received candle close event: SKRUSDT 1m at 1772282399999
Received candle close event: INJUSDT 1m at 1772282399999
Received candle close event: BNBUSDT 5m at 1772282399999
Received candle close event: RAVEUSDT 1m at 1772282399999
Received candle close event: AZTECUSDT 1m at 1772282399999
Received candle close event: ZENUSDT 5m at 1772282399999
Received candle close event: BNBUSDT 1m at 1772282399999
Received candle close event: RAVEUSDT 5m at 1772282399999
Received candle close event: AZTECUSDT 5m at 1772282399999
Received candle close event: ZENUSDT 1m at 1772282399999
Received candle close event: KITEUSDT 5m at 1772282399999
Received candle close event: KITEUSDT 1m at 1772282399999
Received candle close event: AAVEUSDT 1m at 1772282399999
Received candle close event: SOPHUSDT 1m at 1772282399999
Received candle close event: SOPHUSDT 5m at 1772282399999
Received candle close event: AAVEUSDT 5m at 1772282399999
Received candle close event: SKYAIUSDT 1m at 1772282399999
Received candle close event: SKYAIUSDT 5m at 1772282399999
Received candle close event: ARBUSDT 1m at 1772282399999
Received candle close event: ARBUSDT 5m at 1772282399999
Received candle close event: 1000PEPEUSDT 1m at 1772282399999
Received candle close event: CYBERUSDT 5m at 1772282399999
Received candle close event: 1000PEPEUSDT 5m at 1772282399999
Received candle close event: CYBERUSDT 1m at 1772282399999
Received candle close event: SAHARAUSDT 5m at 1772282399999
Received candle close event: DOTUSDT 1m at 1772282399999
Received candle close event: SAHARAUSDT 1m at 1772282399999
Received candle close event: AVAXUSDT 5m at 1772282399999
Received candle close event: DOTUSDT 5m at 1772282399999
Received candle close event: TIAUSDT 5m at 1772282399999
Received candle close event: AVAXUSDT 1m at 1772282399999
Received candle close event: TIAUSDT 1m at 1772282399999
Received candle close event: HYPEUSDT 1m at 1772282399999
Received candle close event: HYPEUSDT 5m at 1772282399999
Received candle close event: SPORTFUNUSDT 1m at 1772282399999
Received candle close event: SPORTFUNUSDT 5m at 1772282399999
Received candle close event: ZBTUSDT 1m at 1772282399999
Received candle close event: BIOUSDT 1m at 1772282399999
Received candle close event: ZBTUSDT 5m at 1772282399999
Received candle close event: NEARUSDT 1m at 1772282399999
Received candle close event: BIOUSDT 5m at 1772282399999
Received candle close event: SPACEUSDT 1m at 1772282399999
Received candle close event: GUAUSDT 1m at 1772282399999
Received candle close event: PORTALUSDT 5m at 1772282399999
Received candle close event: NEARUSDT 5m at 1772282399999
Received candle close event: SPACEUSDT 5m at 1772282399999
Received candle close event: GUAUSDT 5m at 1772282399999
Received candle close event: PORTALUSDT 1m at 1772282399999
Received candle close event: FETUSDT 1m at 1772282399999
Received candle close event: LYNUSDT 5m at 1772282399999
Received candle close event: FARTCOINUSDT 1m at 1772282399999
Received candle close event: FETUSDT 5m at 1772282399999
Received candle close event: LYNUSDT 1m at 1772282399999
Received candle close event: FARTCOINUSDT 5m at 1772282399999
Received candle close event: TRUTHUSDT 1m at 1772282399999
Received candle close event: PENDLEUSDT 5m at 1772282399999
Received candle close event: GPSUSDT 5m at 1772282399999
Received candle close event: ONDOUSDT 1m at 1772282399999
Received candle close event: POLUSDT 1m at 1772282399999
Received candle close event: TRUTHUSDT 5m at 1772282399999
Received candle close event: GPSUSDT 1m at 1772282399999
Received candle close event: PENDLEUSDT 1m at 1772282399999
Received candle close event: ONDOUSDT 5m at 1772282399999
Received candle close event: POLUSDT 5m at 1772282399999
Received candle close event: GWEIUSDT 5m at 1772282399999
Received candle close event: OPNUSDT 5m at 1772282399999
Received candle close event: OPNUSDT 1m at 1772282399999
Received candle close event: GWEIUSDT 1m at 1772282399999
Received candle close event: BEATUSDT 1m at 1772282399999
Received candle close event: BEATUSDT 5m at 1772282399999
Received candle close event: CAKEUSDT 5m at 1772282399999
Received candle close event: CAKEUSDT 1m at 1772282399999
Received candle close event: WLFIUSDT 1m at 1772282399999
Received candle close event: WLFIUSDT 5m at 1772282399999
Received candle close event: HUSDT 1m at 1772282399999
Received candle close event: HUSDT 5m at 1772282399999
Received candle close event: TONUSDT 1m at 1772282399999
Received candle close event: TONUSDT 5m at 1772282399999
Received candle close event: SNXUSDT 1m at 1772282399999
Received candle close event: SNXUSDT 5m at 1772282399999
Received candle close event: BCHUSDT 1m at 1772282399999
Received candle close event: LDOUSDT 1m at 1772282399999
Received candle close event: BCHUSDT 5m at 1772282399999
Received candle close event: LDOUSDT 5m at 1772282399999
Received candle close event: ALGOUSDT 5m at 1772282399999
Received candle close event: ALGOUSDT 1m at 1772282399999
Received candle close event: ATOMUSDT 5m at 1772282399999
Received candle close event: JELLYJELLYUSDT 5m at 1772282399999
Received candle close event: ATOMUSDT 1m at 1772282399999
Received candle close event: JELLYJELLYUSDT 1m at 1772282399999
Received candle close event: DENTUSDT 5m at 1772282399999
Received candle close event: DENTUSDT 1m at 1772282399999
Received candle close event: AGLDUSDT 5m at 1772282399999
Received candle close event: TRUMPUSDT 1m at 1772282399999
Received candle close event: AGLDUSDT 1m at 1772282399999
Received candle close event: TRUMPUSDT 5m at 1772282399999
Received candle close event: GALAUSDT 1m at 1772282399999
Received candle close event: GALAUSDT 5m at 1772282399999
Received candle close event: MIRAUSDT 1m at 1772282399999
Received candle close event: MIRAUSDT 5m at 1772282399999
Received candle close event: 1000BONKUSDT 5m at 1772282399999
Received candle close event: 1000BONKUSDT 1m at 1772282399999
Received candle close event: ENSOUSDT 5m at 1772282399999
Received candle close event: ENSOUSDT 1m at 1772282399999
Received candle close event: ZILUSDT 1m at 1772282399999
Received candle close event: LITUSDT 1m at 1772282399999
Received candle close event: VVVUSDT 5m at 1772282399999
Received candle close event: LITUSDT 5m at 1772282399999
Received candle close event: ZILUSDT 5m at 1772282399999
Received candle close event: VVVUSDT 1m at 1772282399999
Received candle close event: APEUSDT 5m at 1772282399999
Received candle close event: APEUSDT 1m at 1772282399999
Received candle close event: 1000FLOKIUSDT 5m at 1772282399999
Received candle close event: 1000FLOKIUSDT 1m at 1772282399999
Received candle close event: PENGUUSDT 5m at 1772282399999
Received candle close event: ZECUSDT 1m at 1772282399999
Received candle close event: PENGUUSDT 1m at 1772282399999
Received candle close event: SUIUSDT 5m at 1772282399999
Received candle close event: WIFUSDT 5m at 1772282399999
Received candle close event: ZECUSDT 5m at 1772282399999
Received candle close event: WIFUSDT 1m at 1772282399999
Received candle close event: SUIUSDT 1m at 1772282399999
Received candle close event: LAYERUSDT 1m at 1772282399999
Received candle close event: TAOUSDT 5m at 1772282399999
Received candle close event: KAITOUSDT 5m at 1772282399999
Received candle close event: LAYERUSDT 5m at 1772282399999
Received candle close event: TAOUSDT 1m at 1772282399999
Received candle close event: KAITOUSDT 1m at 1772282399999
Received candle close event: EULUSDT 1m at 1772282399999
Received candle close event: VIRTUALUSDT 1m at 1772282399999
Received candle close event: SANDUSDT 1m at 1772282399999
Received candle close event: EULUSDT 5m at 1772282399999
Received candle close event: VIRTUALUSDT 5m at 1772282399999
Received candle close event: SANDUSDT 5m at 1772282399999
Received candle close event: APTUSDT 1m at 1772282399999
Received candle close event: LINKUSDT 5m at 1772282399999
Received candle close event: APTUSDT 5m at 1772282399999
Received candle close event: LINKUSDT 1m at 1772282399999
Received candle close event: VETUSDT 5m at 1772282399999
Received candle close event: ARUSDT 5m at 1772282399999
Received candle close event: CHZUSDT 1m at 1772282399999
Received candle close event: VETUSDT 1m at 1772282399999
Received candle close event: ARUSDT 1m at 1772282399999
Received candle close event: CHZUSDT 5m at 1772282399999
Received candle close event: ASTERUSDT 5m at 1772282399999
Received candle close event: ASTERUSDT 1m at 1772282399999
Received candle close event: 1000SHIBUSDT 1m at 1772282399999
Received candle close event: 1000SHIBUSDT 5m at 1772282399999
Received candle close event: DASHUSDT 1m at 1772282399999
Received candle close event: WETUSDT 1m at 1772282399999
Received candle close event: DASHUSDT 5m at 1772282399999
Received candle close event: WETUSDT 5m at 1772282399999
Received candle close event: SENTUSDT 5m at 1772282399999
Received candle close event: ROSEUSDT 5m at 1772282399999
Received candle close event: SENTUSDT 1m at 1772282399999
Received candle close event: ROSEUSDT 1m at 1772282399999
Received candle close event: FOLKSUSDT 5m at 1772282399999
Received candle close event: FOLKSUSDT 1m at 1772282399999
Received candle close event: CCUSDT 5m at 1772282399999
Received candle close event: XMRUSDT 1m at 1772282399999
Received candle close event: CCUSDT 1m at 1772282399999
Received candle close event: ENAUSDT 5m at 1772282399999
Received candle close event: XMRUSDT 5m at 1772282399999
Received candle close event: ENAUSDT 1m at 1772282399999
Received candle close event: GIGGLEUSDT 5m at 1772282399999
Received candle close event: GIGGLEUSDT 1m at 1772282399999
Received candle close event: JTOUSDT 1m at 1772282399999
Received candle close event: JTOUSDT 5m at 1772282399999
Received candle close event: JUPUSDT 5m at 1772282399999
Received candle close event: JUPUSDT 1m at 1772282399999
Received candle close event: LTCUSDT 5m at 1772282399999
Received candle close event: LTCUSDT 1m at 1772282399999
Received candle close event: AXSUSDT 5m at 1772282399999
Received candle close event: OPUSDT 1m at 1772282399999
Received candle close event: AXSUSDT 1m at 1772282399999
Received candle close event: OPUSDT 5m at 1772282399999
Received candle close event: WCTUSDT 5m at 1772282399999
Received candle close event: WCTUSDT 1m at 1772282399999
Received candle close event: ESPUSDT 1m at 1772282399999
Received candle close event: STEEMUSDT 5m at 1772282399999
Received candle close event: ESPUSDT 5m at 1772282399999
Received candle close event: STEEMUSDT 1m at 1772282399999
Received candle close event: XPLUSDT 5m at 1772282399999
Received candle close event: XPLUSDT 1m at 1772282399999
Received candle close event: ICPUSDT 5m at 1772282399999
Received candle close event: ICPUSDT 1m at 1772282399999
Received candle close event: FILUSDT 1m at 1772282399999
Received candle close event: FILUSDT 5m at 1772282399999
Received candle close event: ETCUSDT 5m at 1772282399999
Received candle close event: ETCUSDT 1m at 1772282399999
Received candle close event: ORDIUSDT 1m at 1772282399999
Received candle close event: ORDIUSDT 5m at 1772282399999
Received candle close event: AIXBTUSDT 1m at 1772282399999
Received candle close event: AIXBTUSDT 5m at 1772282399999
Received candle close event: ALLOUSDT 5m at 1772282399999
Received candle close event: ALLOUSDT 1m at 1772282399999
Received candle close event: UAIUSDT 5m at 1772282399999
Received candle close event: MONUSDT 5m at 1772282399999
Received candle close event: UAIUSDT 1m at 1772282399999
Received candle close event: MONUSDT 1m at 1772282399999
Received candle close event: STRKUSDT 1m at 1772282399999
Received candle close event: ETHFIUSDT 1m at 1772282399999
Received candle close event: ZAMAUSDT 1m at 1772282399999
Received candle close event: MOVEUSDT 5m at 1772282399999
Received candle close event: ANIMEUSDT 1m at 1772282399999
Received candle close event: ETHFIUSDT 5m at 1772282399999
Received candle close event: ZAMAUSDT 5m at 1772282399999
Received candle close event: CGPTUSDT 1m at 1772282399999
Received candle close event: MOVEUSDT 1m at 1772282399999
Received candle close event: ANIMEUSDT 5m at 1772282399999
Received candle close event: STRKUSDT 5m at 1772282399999
Received candle close event: CGPTUSDT 5m at 1772282399999
