[2m2026-01-29T07:25:10.184762Z[0m [32m INFO[0m [2mingestor_pairs::pairs[0m[2m:[0m Pairs refreshed: selected_cnt=382, active_cnt=382
[2m2026-01-29T07:25:10.184883Z[0m [32m INFO[0m [2mingestor_pairs[0m[2m:[0m pairs_ready=true: selected=382, active=382 (MIN_PAIRS=300)
[2m2026-01-29T07:25:10.184887Z[0m [32m INFO[0m [2mingestor_pairs[0m[2m:[0m Starting historical candle loading...
[2m2026-01-29T07:25:10.202808Z[0m [32m INFO[0m [2mingestor_pairs::candles[0m[2m:[0m Found 382 active pairs to load candles for
[2m2026-01-29T07:25:10.202821Z[0m [32m INFO[0m [2mingestor_pairs::candles[0m[2m:[0m Loading candles for timeframes: ["1m", "5m", "15m", "1h", "4h", "1d"]
[2m2026-01-29T07:25:10.210363Z[0m [32m INFO[0m [2mingestor_pairs::candles[0m[2m:[0m Loading 1m timeframe for BTCUSDT
[2m2026-01-29T07:25:10.211234Z[0m [32m INFO[0m [2mingestor_pairs::candles[0m[2m:[0m Loading 5m timeframe for BTCUSDT
[2m2026-01-29T07:25:11.151214Z[0m [32m INFO[0m [2mingestor_pairs::candles[0m[2m:[0m Inserted 33 5m candles for BTCUSDT
[2m2026-01-29T07:25:11.155265Z[0m [32m INFO[0m [2mingestor_pairs::candles[0m[2m:[0m Loading 4h timeframe for BTCUSDT
[2m2026-01-29T07:25:11.456487Z[0m [32m INFO[0m [2mingestor_pairs::candles[0m[2m:[0m Inserted 0 4h candles for BTCUSDT
[2m2026-01-29T07:25:11.465366Z[0m [32m INFO[0m [2mingestor_pairs::candles[0m[2m:[0m Loading 15m timeframe for BTCUSDT
[2m2026-01-29T07:25:11.477933Z[0m [32m INFO[0m [2mingestor_pairs::candles[0m[2m:[0m Inserted 162 1m candles for BTCUSDT
[2m2026-01-29T07:25:11.482258Z[0m [32m INFO[0m [2mingestor_pairs::candles[0m[2m:[0m Loading 1h timeframe for BTCUSDT
[2m2026-01-29T07:25:11.866519Z[0m [32m INFO[0m [2mingestor_pairs::candles[0m[2m:[0m Inserted 3 1h candles for BTCUSDT
[2m2026-01-29T07:25:11.867390Z[0m [32m INFO[0m [2mingestor_pairs::candles[0m[2m:[0m Inserted 11 15m candles for BTCUSDT
[2m2026-01-29T07:25:11.875728Z[0m [32m INFO[0m [2mingestor_pairs::candles[0m[2m:[0m Loading 1d timeframe for BTCUSDT
[2m2026-01-29T07:25:11.878684Z[0m [32m INFO[0m [2mingestor_pairs::candles[0m[2m:[0m Loading 1m timeframe for ETHUSDT
[2m2026-01-29T07:25:12.271625Z[0m [32m INFO[0m [2mingestor_pairs::candles[0m[2m:[0m Inserted 0 1d candles for BTCUSDT
[2m2026-01-29T07:25:12.280771Z[0m [32m INFO[0m [2mingestor_pairs::candles[0m[2m:[0m Loading 5m timeframe for ETHUSDT
[2m2026-01-29T07:25:12.584916Z[0m [32m INFO[0m [2mingestor_pairs::candles[0m[2m:[0m Inserted 162 1m candles for ETHUSDT
[2m2026-01-29T07:25:12.592435Z[0m [32m INFO[0m [2mingestor_pairs::candles[0m[2m:[0m Loading 1h timeframe for LINKUSDT
[2m2026-01-29T07:25:12.599077Z[0m [32m INFO[0m [2mingestor_pairs::candles[0m[2m:[0m Inserted 33 5m candles for ETHUSDT
[2m2026-01-29T07:25:12.609391Z[0m [32m INFO[0m [2mingestor_pairs::candles[0m[2m:[0m Loading 15m timeframe for ETHUSDT
[2m2026-01-29T07:25:12.994608Z[0m [32m INFO[0m [2mingestor_pairs::candles[0m[2m:[0m Inserted 11 15m candles for ETHUSDT
[2m2026-01-29T07:25:12.995084Z[0m [32m INFO[0m [2mingestor_pairs::candles[0m[2m:[0m Inserted 3 1h candles for LINKUSDT
[2m2026-01-29T07:25:13.003865Z[0m [32m INFO[0m [2mingestor_pairs::candles[0m[2m:[0m Loading 1h timeframe for ETHUSDT
[2m2026-01-29T07:25:13.005460Z[0m [32m INFO[0m [2mingestor_pairs::candles[0m[2m:[0m Loading 4h timeframe for LINKUSDT
[2m2026-01-29T07:25:13.396906Z[0m [32m INFO[0m [2mingestor_pairs::candles[0m[2m:[0m Inserted 0 4h candles for LINKUSDT
[2m2026-01-29T07:25:13.403390Z[0m [32m INFO[0m [2mingestor_pairs::candles[0m[2m:[0m Inserted 3 1h candles for ETHUSDT
[2m2026-01-29T07:25:13.406880Z[0m [32m INFO[0m [2mingestor_pairs::candles[0m[2m:[0m Loading 4h timeframe for ETHUSDT
[2m2026-01-29T07:25:13.413505Z[0m [32m INFO[0m [2mingestor_pairs::candles[0m[2m:[0m Loading 1d timeframe for ETHUSDT
[2m2026-01-29T07:25:13.805527Z[0m [32m INFO[0m [2mingestor_pairs::candles[0m[2m:[0m Inserted 0 4h candles for ETHUSDT
[2m2026-01-29T07:25:13.805527Z[0m [32m INFO[0m [2mingestor_pairs::candles[0m[2m:[0m Inserted 0 1d candles for ETHUSDT
[2m2026-01-29T07:25:13.814831Z[0m [32m INFO[0m [2mingestor_pairs::candles[0m[2m:[0m Loading 1m timeframe for BCHUSDT
[2m2026-01-29T07:25:13.817129Z[0m [32m INFO[0m [2mingestor_pairs::candles[0m[2m:[0m Loading 1d timeframe for LINKUSDT
[2m2026-01-29T07:25:14.216127Z[0m [32m INFO[0m [2mingestor_pairs::candles[0m[2m:[0m Inserted 0 1d candles for LINKUSDT
[2m2026-01-29T07:25:14.225677Z[0m [32m INFO[0m [2mingestor_pairs::candles[0m[2m:[0m Loading 5m timeframe for BCHUSDT
[2m2026-01-29T07:25:14.260900Z[0m [32m INFO[0m [2mingestor_pairs::candles[0m[2m:[0m Inserted 162 1m candles for BCHUSDT
[2m2026-01-29T07:25:14.276093Z[0m [32m INFO[0m [2mingestor_pairs::candles[0m[2m:[0m Loading 1m timeframe for XLMUSDT
[2m2026-01-29T07:25:14.637825Z[0m [32m INFO[0m [2mingestor_pairs::candles[0m[2m:[0m Inserted 33 5m candles for BCHUSDT
[2m2026-01-29T07:25:14.646479Z[0m [32m INFO[0m [2mingestor_pairs::candles[0m[2m:[0m Loading 15m timeframe for BCHUSDT
[2m2026-01-29T07:25:14.662448Z[0m [32m INFO[0m [2mingestor_pairs::candles[0m[2m:[0m Inserted 161 1m candles for XLMUSDT
[2m2026-01-29T07:25:14.676950Z[0m [32m INFO[0m [2mingestor_pairs::candles[0m[2m:[0m Loading 1h timeframe for BCHUSDT
[2m2026-01-29T07:25:15.041747Z[0m [32m INFO[0m [2mingestor_pairs::candles[0m[2m:[0m Inserted 3 1h candles for BCHUSDT
[2m2026-01-29T07:25:15.042140Z[0m [32m INFO[0m [2mingestor_pairs::candles[0m[2m:[0m Inserted 11 15m candles for BCHUSDT
[2m2026-01-29T07:25:15.052008Z[0m [32m INFO[0m [2mingestor_pairs::candles[0m[2m:[0m Loading 5m timeframe for XLMUSDT
[2m2026-01-29T07:25:15.053662Z[0m [32m INFO[0m [2mingestor_pairs::candles[0m[2m:[0m Loading 4h timeframe for BCHUSDT
[2m2026-01-29T07:25:15.443759Z[0m [32m INFO[0m [2mingestor_pairs::candles[0m[2m:[0m Inserted 0 4h candles for BCHUSDT
[2m2026-01-29T07:25:15.449663Z[0m [32m INFO[0m [2mingestor_pairs::candles[0m[2m:[0m Loading 1d timeframe for BCHUSDT
[2m2026-01-29T07:25:15.449871Z[0m [32m INFO[0m [2mingestor_pairs::candles[0m[2m:[0m Inserted 33 5m candles for XLMUSDT
[2m2026-01-29T07:25:15.461279Z[0m [32m INFO[0m [2mingestor_pairs::candles[0m[2m:[0m Loading 15m timeframe for XLMUSDT
[2m2026-01-29T07:25:15.854955Z[0m [32m INFO[0m [2mingestor_pairs::candles[0m[2m:[0m Inserted 0 1d candles for BCHUSDT
[2m2026-01-29T07:25:15.862396Z[0m [32m INFO[0m [2mingestor_pairs::candles[0m[2m:[0m Inserted 11 15m candles for XLMUSDT
[2m2026-01-29T07:25:15.864800Z[0m [32m INFO[0m [2mingestor_pairs::candles[0m[2m:[0m Loading 1m timeframe for XRPUSDT
[2m2026-01-29T07:25:15.871768Z[0m [32m INFO[0m [2mingestor_pairs::candles[0m[2m:[0m Loading 5m timeframe for XRPUSDT
[2m2026-01-29T07:25:16.276635Z[0m [32m INFO[0m [2mingestor_pairs::candles[0m[2m:[0m Inserted 33 5m candles for XRPUSDT
[2m2026-01-29T07:25:16.286133Z[0m [32m INFO[0m [2mingestor_pairs::candles[0m[2m:[0m Loading 1h timeframe for XLMUSDT
[2m2026-01-29T07:25:16.297628Z[0m [32m INFO[0m [2mingestor_pairs::candles[0m[2m:[0m Inserted 162 1m candles for XRPUSDT
[2m2026-01-29T07:25:16.310039Z[0m [32m INFO[0m [2mingestor_pairs::candles[0m[2m:[0m Loading 15m timeframe for XRPUSDT
[2m2026-01-29T07:25:16.678762Z[0m [32m INFO[0m [2mingestor_pairs::candles[0m[2m:[0m Inserted 11 15m candles for XRPUSDT
[2m2026-01-29T07:25:16.679365Z[0m [32m INFO[0m [2mingestor_pairs::candles[0m[2m:[0m Inserted 3 1h candles for XLMUSDT
[2m2026-01-29T07:25:16.686933Z[0m [32m INFO[0m [2mingestor_pairs::candles[0m[2m:[0m Loading 1h timeframe for XRPUSDT
[2m2026-01-29T07:25:16.688627Z[0m [32m INFO[0m [2mingestor_pairs::candles[0m[2m:[0m Loading 4h timeframe for XLMUSDT
[2m2026-01-29T07:25:17.084325Z[0m [32m INFO[0m [2mingestor_pairs::candles[0m[2m:[0m Inserted 0 4h candles for XLMUSDT
[2m2026-01-29T07:25:17.091045Z[0m [32m INFO[0m [2mingestor_pairs::candles[0m[2m:[0m Inserted 3 1h candles for XRPUSDT
[2m2026-01-29T07:25:17.096383Z[0m [32m INFO[0m [2mingestor_pairs::candles[0m[2m:[0m Loading 4h timeframe for XRPUSDT
[2m2026-01-29T07:25:17.100742Z[0m [32m INFO[0m [2mingestor_pairs::candles[0m[2m:[0m Loading 1d timeframe for XRPUSDT
[2m2026-01-29T07:25:17.494610Z[0m [32m INFO[0m [2mingestor_pairs::candles[0m[2m:[0m Inserted 0 1d candles for XRPUSDT
[2m2026-01-29T07:25:17.494610Z[0m [32m INFO[0m [2mingestor_pairs::candles[0m[2m:[0m Inserted 0 4h candles for XRPUSDT
[2m2026-01-29T07:25:17.504613Z[0m [32m INFO[0m [2mingestor_pairs::candles[0m[2m:[0m Loading 1d timeframe for XLMUSDT
[2m2026-01-29T07:25:17.506171Z[0m [32m INFO[0m [2mingestor_pairs::candles[0m[2m:[0m Loading 1m timeframe for LTCUSDT
[2m2026-01-29T07:25:17.902475Z[0m [32m INFO[0m [2mingestor_pairs::candles[0m[2m:[0m Inserted 0 1d candles for XLMUSDT
[2m2026-01-29T07:25:17.911864Z[0m [32m INFO[0m [2mingestor_pairs::candles[0m[2m:[0m Loading 5m timeframe for LTCUSDT
[2m2026-01-29T07:25:17.941315Z[0m [32m INFO[0m [2mingestor_pairs::candles[0m[2m:[0m Inserted 162 1m candles for LTCUSDT
[2m2026-01-29T07:25:17.952422Z[0m [32m INFO[0m [2mingestor_pairs::candles[0m[2m:[0m Loading 1m timeframe for ADAUSDT
[2m2026-01-29T07:25:18.320940Z[0m [32m INFO[0m [2mingestor_pairs::candles[0m[2m:[0m Inserted 33 5m candles for LTCUSDT
[2m2026-01-29T07:25:18.330574Z[0m [32m INFO[0m [2mingestor_pairs::candles[0m[2m:[0m Loading 15m timeframe for LTCUSDT
[2m2026-01-29T07:25:18.345507Z[0m [32m INFO[0m [2mingestor_pairs::candles[0m[2m:[0m Inserted 161 1m candles for ADAUSDT
[2m2026-01-29T07:25:18.362664Z[0m [32m INFO[0m [2mingestor_pairs::candles[0m[2m:[0m Loading 1h timeframe for LTCUSDT
[2m2026-01-29T07:25:18.728485Z[0m [32m INFO[0m [2mingestor_pairs::candles[0m[2m:[0m Inserted 3 1h candles for LTCUSDT
[2m2026-01-29T07:25:18.729177Z[0m [32m INFO[0m [2mingestor_pairs::candles[0m[2m:[0m Inserted 11 15m candles for LTCUSDT
[2m2026-01-29T07:25:18.737957Z[0m [32m INFO[0m [2mingestor_pairs::candles[0m[2m:[0m Loading 5m timeframe for ADAUSDT
[2m2026-01-29T07:25:18.739460Z[0m [32m INFO[0m [2mingestor_pairs::candles[0m[2m:[0m Loading 4h timeframe for LTCUSDT
[2m2026-01-29T07:25:19.132296Z[0m [32m INFO[0m [2mingestor_pairs::candles[0m[2m:[0m Inserted 0 4h candles for LTCUSDT
[2m2026-01-29T07:25:19.143394Z[0m [32m INFO[0m [2mingestor_pairs::candles[0m[2m:[0m Inserted 33 5m candles for ADAUSDT
[2m2026-01-29T07:25:19.143578Z[0m [32m INFO[0m [2mingestor_pairs::candles[0m[2m:[0m Loading 1d timeframe for LTCUSDT
[2m2026-01-29T07:25:19.155086Z[0m [32m INFO[0m [2mingestor_pairs::candles[0m[2m:[0m Loading 15m timeframe for ADAUSDT
[2m2026-01-29T07:25:19.540361Z[0m [32m INFO[0m [2mingestor_pairs::candles[0m[2m:[0m Inserted 0 1d candles for LTCUSDT
[2m2026-01-29T07:25:19.547685Z[0m [32m INFO[0m [2mingestor_pairs::candles[0m[2m:[0m Inserted 11 15m candles for ADAUSDT
[2m2026-01-29T07:25:19.550147Z[0m [32m INFO[0m [2mingestor_pairs::candles[0m[2m:[0m Loading 1m timeframe for TRXUSDT
[2m2026-01-29T07:25:19.558167Z[0m [32m INFO[0m [2mingestor_pairs::candles[0m[2m:[0m Loading 5m timeframe for TRXUSDT
[2m2026-01-29T07:25:19.960714Z[0m [32m INFO[0m [2mingestor_pairs::candles[0m[2m:[0m Inserted 33 5m candles for TRXUSDT
[2m2026-01-29T07:25:19.969507Z[0m [32m INFO[0m [2mingestor_pairs::candles[0m[2m:[0m Loading 1h timeframe for ADAUSDT
[2m2026-01-29T07:25:19.982567Z[0m [32m INFO[0m [2mingestor_pairs::candles[0m[2m:[0m Inserted 162 1m candles for TRXUSDT
[2m2026-01-29T07:25:19.993821Z[0m [32m INFO[0m [2mingestor_pairs::candles[0m[2m:[0m Loading 15m timeframe for TRXUSDT
[2m2026-01-29T07:25:20.370758Z[0m [32m INFO[0m [2mingestor_pairs::candles[0m[2m:[0m Inserted 11 15m candles for TRXUSDT
[2m2026-01-29T07:25:20.371422Z[0m [32m INFO[0m [2mingestor_pairs::candles[0m[2m:[0m Inserted 3 1h candles for ADAUSDT
[2m2026-01-29T07:25:20.379901Z[0m [32m INFO[0m [2mingestor_pairs::candles[0m[2m:[0m Loading 1h timeframe for TRXUSDT
[2m2026-01-29T07:25:20.381306Z[0m [32m INFO[0m [2mingestor_pairs::candles[0m[2m:[0m Loading 4h timeframe for ADAUSDT
[2m2026-01-29T07:25:20.770192Z[0m [32m INFO[0m [2mingestor_pairs::candles[0m[2m:[0m Inserted 0 4h candles for ADAUSDT
[2m2026-01-29T07:25:20.776431Z[0m [32m INFO[0m [2mingestor_pairs::candles[0m[2m:[0m Inserted 3 1h candles for TRXUSDT
[2m2026-01-29T07:25:20.779399Z[0m [32m INFO[0m [2mingestor_pairs::candles[0m[2m:[0m Loading 4h timeframe for TRXUSDT
[2m2026-01-29T07:25:20.786885Z[0m [32m INFO[0m [2mingestor_pairs::candles[0m[2m:[0m Loading 1d timeframe for TRXUSDT
[2m2026-01-29T07:25:21.179745Z[0m [32m INFO[0m [2mingestor_pairs::candles[0m[2m:[0m Inserted 0 4h candles for TRXUSDT
[2m2026-01-29T07:25:21.179776Z[0m [32m INFO[0m [2mingestor_pairs::candles[0m[2m:[0m Inserted 0 1d candles for TRXUSDT
[2m2026-01-29T07:25:21.189683Z[0m [32m INFO[0m [2mingestor_pairs::candles[0m[2m:[0m Loading 1d timeframe for ADAUSDT
[2m2026-01-29T07:25:21.191567Z[0m [32m INFO[0m [2mingestor_pairs::candles[0m[2m:[0m Loading 1m timeframe for ETCUSDT
[2m2026-01-29T07:25:21.588564Z[0m [32m INFO[0m [2mingestor_pairs::candles[0m[2m:[0m Inserted 0 1d candles for ADAUSDT
[2m2026-01-29T07:25:21.598962Z[0m [32m INFO[0m [2mingestor_pairs::candles[0m[2m:[0m Loading 5m timeframe for ETCUSDT
[2m2026-01-29T07:25:21.619835Z[0m [32m INFO[0m [2mingestor_pairs::candles[0m[2m:[0m Inserted 161 1m candles for ETCUSDT
[2m2026-01-29T07:25:21.628030Z[0m [32m INFO[0m [2mingestor_pairs::candles[0m[2m:[0m Loading 1m timeframe for XMRUSDT
[2m2026-01-29T07:25:22.006709Z[0m [32m INFO[0m [2mingestor_pairs::candles[0m[2m:[0m Inserted 33 5m candles for ETCUSDT
[2m2026-01-29T07:25:22.015222Z[0m [32m INFO[0m [2mingestor_pairs::candles[0m[2m:[0m Loading 15m timeframe for ETCUSDT
[2m2026-01-29T07:25:22.045566Z[0m [32m INFO[0m [2mingestor_pairs::candles[0m[2m:[0m Inserted 161 1m candles for XMRUSDT
[2m2026-01-29T07:25:22.055955Z[0m [32m INFO[0m [2mingestor_pairs::candles[0m[2m:[0m Loading 1h timeframe for ETCUSDT
[2m2026-01-29T07:25:22.518409Z[0m [32m INFO[0m [2mingestor_pairs::candles[0m[2m:[0m Inserted 3 1h candles for ETCUSDT
[2m2026-01-29T07:25:22.518698Z[0m [32m INFO[0m [2mingestor_pairs::candles[0m[2m:[0m Inserted 11 15m candles for ETCUSDT
[2m2026-01-29T07:25:22.527288Z[0m [32m INFO[0m [2mingestor_pairs::candles[0m[2m:[0m Loading 5m timeframe for XMRUSDT
[2m2026-01-29T07:25:22.528848Z[0m [32m INFO[0m [2mingestor_pairs::candles[0m[2m:[0m Loading 4h timeframe for ETCUSDT
[2m2026-01-29T07:25:22.920027Z[0m [32m INFO[0m [2mingestor_pairs::candles[0m[2m:[0m Inserted 0 4h candles for ETCUSDT
[2m2026-01-29T07:25:22.928707Z[0m [32m INFO[0m [2mingestor_pairs::candles[0m[2m:[0m Loading 1d timeframe for ETCUSDT
[2m2026-01-29T07:25:22.928975Z[0m [32m INFO[0m [2mingestor_pairs::candles[0m[2m:[0m Inserted 33 5m candles for XMRUSDT
[2m2026-01-29T07:25:22.950245Z[0m [32m INFO[0m [2mingestor_pairs::candles[0m[2m:[0m Loading 15m timeframe for XMRUSDT
[2m2026-01-29T07:25:23.330295Z[0m [32m INFO[0m [2mingestor_pairs::candles[0m[2m:[0m Inserted 0 1d candles for ETCUSDT
[2m2026-01-29T07:25:23.337378Z[0m [32m INFO[0m [2mingestor_pairs::candles[0m[2m:[0m Inserted 11 15m candles for XMRUSDT
[2m2026-01-29T07:25:23.339804Z[0m [32m INFO[0m [2mingestor_pairs::candles[0m[2m:[0m Loading 1m timeframe for LINKUSDT
[2m2026-01-29T07:25:23.348369Z[0m [32m INFO[0m [2mingestor_pairs::candles[0m[2m:[0m Loading 5m timeframe for LINKUSDT
[2m2026-01-29T07:25:23.748534Z[0m [32m INFO[0m [2mingestor_pairs::candles[0m[2m:[0m Inserted 33 5m candles for LINKUSDT
[2m2026-01-29T07:25:23.757489Z[0m [32m INFO[0m [2mingestor_pairs::candles[0m[2m:[0m Loading 1h timeframe for XMRUSDT
[2m2026-01-29T07:25:23.771788Z[0m [32m INFO[0m [2mingestor_pairs::candles[0m[2m:[0m Inserted 161 1m candles for LINKUSDT
[2m2026-01-29T07:25:23.782115Z[0m [32m INFO[0m [2mingestor_pairs::candles[0m[2m:[0m Loading 15m timeframe for LINKUSDT
[2m2026-01-29T07:25:24.156400Z[0m [32m INFO[0m [2mingestor_pairs::candles[0m[2m:[0m Inserted 11 15m candles for LINKUSDT
[2m2026-01-29T07:25:24.156751Z[0m [32m INFO[0m [2mingestor_pairs::candles[0m[2m:[0m Inserted 3 1h candles for XMRUSDT
[2m2026-01-29T07:25:24.165242Z[0m [32m INFO[0m [2mingestor_pairs::candles[0m[2m:[0m Loading 4h timeframe for XMRUSDT
[2m2026-01-29T07:25:24.166604Z[0m [32m INFO[0m [2mingestor_pairs::candles[0m[2m:[0m Loading 1m timeframe for ONTUSDT
[2m2026-01-29T07:25:24.559275Z[0m [32m INFO[0m [2mingestor_pairs::candles[0m[2m:[0m Inserted 0 4h candles for XMRUSDT
[2m2026-01-29T07:25:24.569050Z[0m [32m INFO[0m [2mingestor_pairs::candles[0m[2m:[0m Loading 1d timeframe for XMRUSDT
[2m2026-01-29T07:25:24.595430Z[0m [32m INFO[0m [2mingestor_pairs::candles[0m[2m:[0m Inserted 161 1m candles for ONTUSDT
[2m2026-01-29T07:25:24.606456Z[0m [32m INFO[0m [2mingestor_pairs::candles[0m[2m:[0m Loading 1m timeframe for DASHUSDT
[2m2026-01-29T07:25:24.972799Z[0m [32m INFO[0m [2mingestor_pairs::candles[0m[2m:[0m Inserted 0 1d candles for XMRUSDT
[2m2026-01-29T07:25:24.982369Z[0m [32m INFO[0m [2mingestor_pairs::candles[0m[2m:[0m Loading 5m timeframe for DASHUSDT
[2m2026-01-29T07:25:25.010710Z[0m [32m INFO[0m [2mingestor_pairs::candles[0m[2m:[0m Inserted 161 1m candles for DASHUSDT
[2m2026-01-29T07:25:25.023335Z[0m [32m INFO[0m [2mingestor_pairs::candles[0m[2m:[0m Loading 15m timeframe for DASHUSDT
[2m2026-01-29T07:25:25.385000Z[0m [32m INFO[0m [2mingestor_pairs::candles[0m[2m:[0m Inserted 11 15m candles for DASHUSDT
[2m2026-01-29T07:25:25.386540Z[0m [32m INFO[0m [2mingestor_pairs::candles[0m[2m:[0m Inserted 33 5m candles for DASHUSDT
[2m2026-01-29T07:25:25.394679Z[0m [32m INFO[0m [2mingestor_pairs::candles[0m[2m:[0m Loading 1h timeframe for DASHUSDT
[2m2026-01-29T07:25:25.396344Z[0m [32m INFO[0m [2mingestor_pairs::candles[0m[2m:[0m Loading 4h timeframe for DASHUSDT
[2m2026-01-29T07:25:25.795718Z[0m [32m INFO[0m [2mingestor_pairs::candles[0m[2m:[0m Inserted 3 1h candles for DASHUSDT
[2m2026-01-29T07:25:25.804534Z[0m [32m INFO[0m [2mingestor_pairs::candles[0m[2m:[0m Loading 1d timeframe for DASHUSDT
[2m2026-01-29T07:25:26.201193Z[0m [32m INFO[0m [2mingestor_pairs::candles[0m[2m:[0m Inserted 0 1d candles for DASHUSDT
[2m2026-01-29T07:25:26.204446Z[0m [32m INFO[0m [2mingestor_pairs::candles[0m[2m:[0m Loading 1m timeframe for ZECUSDT
[2m2026-01-29T07:25:26.294122Z[0m [32m INFO[0m [2mingestor_pairs::candles[0m[2m:[0m Inserted 0 4h candles for DASHUSDT
[2m2026-01-29T07:25:26.302601Z[0m [32m INFO[0m [2mingestor_pairs::candles[0m[2m:[0m Loading 5m timeframe for ZECUSDT
[2m2026-01-29T07:25:26.615629Z[0m [32m INFO[0m [2mingestor_pairs::candles[0m[2m:[0m Inserted 33 5m candles for ZECUSDT
[2m2026-01-29T07:25:26.623724Z[0m [32m INFO[0m [2mingestor_pairs::candles[0m[2m:[0m Loading 15m timeframe for ZECUSDT
[2m2026-01-29T07:25:26.641426Z[0m [32m INFO[0m [2mingestor_pairs::candles[0m[2m:[0m Inserted 161 1m candles for ZECUSDT
[2m2026-01-29T07:25:26.648185Z[0m [32m INFO[0m [2mingestor_pairs::candles[0m[2m:[0m Loading 1h timeframe for ZECUSDT
[2m2026-01-29T07:25:27.023822Z[0m [32m INFO[0m [2mingestor_pairs::candles[0m[2m:[0m Inserted 11 15m candles for ZECUSDT
[2m2026-01-29T07:25:27.024090Z[0m [32m INFO[0m [2mingestor_pairs::candles[0m[2m:[0m Inserted 3 1h candles for ZECUSDT
[2m2026-01-29T07:25:27.033898Z[0m [32m INFO[0m [2mingestor_pairs::candles[0m[2m:[0m Loading 4h timeframe for ZECUSDT
[2m2026-01-29T07:25:27.035636Z[0m [32m INFO[0m [2mingestor_pairs::candles[0m[2m:[0m Loading 1d timeframe for ZECUSDT
[2m2026-01-29T07:25:27.427445Z[0m [32m INFO[0m [2mingestor_pairs::candles[0m[2m:[0m Inserted 0 4h candles for ZECUSDT
[2m2026-01-29T07:25:27.427580Z[0m [32m INFO[0m [2mingestor_pairs::candles[0m[2m:[0m Inserted 0 1d candles for ZECUSDT
[2m2026-01-29T07:25:27.437316Z[0m [32m INFO[0m [2mingestor_pairs::candles[0m[2m:[0m Loading 5m timeframe for XTZUSDT
[2m2026-01-29T07:25:27.439122Z[0m [32m INFO[0m [2mingestor_pairs::candles[0m[2m:[0m Loading 1m timeframe for XTZUSDT
[2m2026-01-29T07:25:27.844275Z[0m [32m INFO[0m [2mingestor_pairs::candles[0m[2m:[0m Inserted 33 5m candles for XTZUSDT
[2m2026-01-29T07:25:27.852768Z[0m [32m INFO[0m [2mingestor_pairs::candles[0m[2m:[0m Loading 15m timeframe for XTZUSDT
[2m2026-01-29T07:25:27.869826Z[0m [32m INFO[0m [2mingestor_pairs::candles[0m[2m:[0m Inserted 161 1m candles for XTZUSDT
[2m2026-01-29T07:25:27.882208Z[0m [32m INFO[0m [2mingestor_pairs::candles[0m[2m:[0m Loading 1h timeframe for XTZUSDT
[2m2026-01-29T07:25:28.254407Z[0m [32m INFO[0m [2mingestor_pairs::candles[0m[2m:[0m Inserted 11 15m candles for XTZUSDT
[2m2026-01-29T07:25:28.254840Z[0m [32m INFO[0m [2mingestor_pairs::candles[0m[2m:[0m Inserted 3 1h candles for XTZUSDT
[2m2026-01-29T07:25:28.264921Z[0m [32m INFO[0m [2mingestor_pairs::candles[0m[2m:[0m Loading 4h timeframe for XTZUSDT
[2m2026-01-29T07:25:28.265227Z[0m [32m INFO[0m [2mingestor_pairs::candles[0m[2m:[0m Loading 1d timeframe for XTZUSDT
[2m2026-01-29T07:25:28.655152Z[0m [32m INFO[0m [2mingestor_pairs::candles[0m[2m:[0m Inserted 0 4h candles for XTZUSDT
[2m2026-01-29T07:25:28.655311Z[0m [32m INFO[0m [2mingestor_pairs::candles[0m[2m:[0m Inserted 0 1d candles for XTZUSDT
[2m2026-01-29T07:25:28.664508Z[0m [32m INFO[0m [2mingestor_pairs::candles[0m[2m:[0m Loading 1m timeframe for BNBUSDT
[2m2026-01-29T07:25:28.667783Z[0m [32m INFO[0m [2mingestor_pairs::candles[0m[2m:[0m Loading 5m timeframe for BNBUSDT
[2m2026-01-29T07:25:29.073860Z[0m [32m INFO[0m [2mingestor_pairs::candles[0m[2m:[0m Inserted 33 5m candles for BNBUSDT
[2m2026-01-29T07:25:29.079552Z[0m [32m INFO[0m [2mingestor_pairs::candles[0m[2m:[0m Loading 15m timeframe for BNBUSDT
[2m2026-01-29T07:25:29.087982Z[0m [32m INFO[0m [2mingestor_pairs::candles[0m[2m:[0m Inserted 161 1m candles for BNBUSDT
[2m2026-01-29T07:25:29.097060Z[0m [32m INFO[0m [2mingestor_pairs::candles[0m[2m:[0m Loading 1h timeframe for BNBUSDT
[2m2026-01-29T07:25:29.480507Z[0m [32m INFO[0m [2mingestor_pairs::candles[0m[2m:[0m Inserted 11 15m candles for BNBUSDT
[2m2026-01-29T07:25:29.480746Z[0m [32m INFO[0m [2mingestor_pairs::candles[0m[2m:[0m Inserted 3 1h candles for BNBUSDT
[2m2026-01-29T07:25:29.490472Z[0m [32m INFO[0m [2mingestor_pairs::candles[0m[2m:[0m Loading 4h timeframe for BNBUSDT
[2m2026-01-29T07:25:29.493207Z[0m [32m INFO[0m [2mingestor_pairs::candles[0m[2m:[0m Loading 1d timeframe for BNBUSDT
[2m2026-01-29T07:25:29.883527Z[0m [32m INFO[0m [2mingestor_pairs::candles[0m[2m:[0m Inserted 0 4h candles for BNBUSDT
[2m2026-01-29T07:25:29.883545Z[0m [32m INFO[0m [2mingestor_pairs::candles[0m[2m:[0m Inserted 0 1d candles for BNBUSDT
[2m2026-01-29T07:25:29.894112Z[0m [32m INFO[0m [2mingestor_pairs::candles[0m[2m:[0m Loading 5m timeframe for ATOMUSDT
[2m2026-01-29T07:25:29.896639Z[0m [32m INFO[0m [2mingestor_pairs::candles[0m[2m:[0m Loading 1m timeframe for ATOMUSDT
[2m2026-01-29T07:25:30.305550Z[0m [32m INFO[0m [2mingestor_pairs::candles[0m[2m:[0m Inserted 33 5m candles for ATOMUSDT
[2m2026-01-29T07:25:30.313973Z[0m [32m INFO[0m [2mingestor_pairs::candles[0m[2m:[0m Loading 15m timeframe for ATOMUSDT
[2m2026-01-29T07:25:30.330934Z[0m [32m INFO[0m [2mingestor_pairs::candles[0m[2m:[0m Inserted 161 1m candles for ATOMUSDT
[2m2026-01-29T07:25:30.341851Z[0m [32m INFO[0m [2mingestor_pairs::candles[0m[2m:[0m Loading 1h timeframe for ATOMUSDT
[2m2026-01-29T07:25:30.706444Z[0m [32m INFO[0m [2mingestor_pairs::candles[0m[2m:[0m Inserted 11 15m candles for ATOMUSDT
[2m2026-01-29T07:25:30.706747Z[0m [32m INFO[0m [2mingestor_pairs::candles[0m[2m:[0m Inserted 3 1h candles for ATOMUSDT
[2m2026-01-29T07:25:30.710395Z[0m [32m INFO[0m [2mingestor_pairs::candles[0m[2m:[0m Loading 4h timeframe for ATOMUSDT
[2m2026-01-29T07:25:30.710717Z[0m [32m INFO[0m [2mingestor_pairs::candles[0m[2m:[0m Loading 1d timeframe for ATOMUSDT
[2m2026-01-29T07:25:31.113026Z[0m [32m INFO[0m [2mingestor_pairs::candles[0m[2m:[0m Inserted 0 1d candles for ATOMUSDT
[2m2026-01-29T07:25:31.113188Z[0m [32m INFO[0m [2mingestor_pairs::candles[0m[2m:[0m Inserted 0 4h candles for ATOMUSDT
[2m2026-01-29T07:25:31.120112Z[0m [32m INFO[0m [2mingestor_pairs::candles[0m[2m:[0m Loading 5m timeframe for ONTUSDT
[2m2026-01-29T07:25:31.120587Z[0m [32m INFO[0m [2mingestor_pairs::candles[0m[2m:[0m Loading 15m timeframe for ONTUSDT
[2m2026-01-29T07:25:31.528373Z[0m [32m INFO[0m [2mingestor_pairs::candles[0m[2m:[0m Inserted 11 15m candles for ONTUSDT
[2m2026-01-29T07:25:31.530560Z[0m [32m INFO[0m [2mingestor_pairs::candles[0m[2m:[0m Inserted 33 5m candles for ONTUSDT
[2m2026-01-29T07:25:31.537718Z[0m [32m INFO[0m [2mingestor_pairs::candles[0m[2m:[0m Loading 1h timeframe for ONTUSDT
[2m2026-01-29T07:25:31.542146Z[0m [32m INFO[0m [2mingestor_pairs::candles[0m[2m:[0m Loading 4h timeframe for ONTUSDT
[2m2026-01-29T07:25:31.930850Z[0m [32m INFO[0m [2mingestor_pairs::candles[0m[2m:[0m Inserted 0 4h candles for ONTUSDT
[2m2026-01-29T07:25:31.938908Z[0m [32m INFO[0m [2mingestor_pairs::candles[0m[2m:[0m Inserted 3 1h candles for ONTUSDT
[2m2026-01-29T07:25:31.941329Z[0m [32m INFO[0m [2mingestor_pairs::candles[0m[2m:[0m Loading 1d timeframe for ONTUSDT
[2m2026-01-29T07:25:31.950674Z[0m [32m INFO[0m [2mingestor_pairs::candles[0m[2m:[0m Loading 1m timeframe for IOTAUSDT
[2m2026-01-29T07:25:32.341101Z[0m [32m INFO[0m [2mingestor_pairs::candles[0m[2m:[0m Inserted 0 1d candles for ONTUSDT
[2m2026-01-29T07:25:32.352025Z[0m [32m INFO[0m [2mingestor_pairs::candles[0m[2m:[0m Loading 5m timeframe for IOTAUSDT
[2m2026-01-29T07:25:32.381560Z[0m [32m INFO[0m [2mingestor_pairs::candles[0m[2m:[0m Inserted 161 1m candles for IOTAUSDT
[2m2026-01-29T07:25:32.402117Z[0m [32m INFO[0m [2mingestor_pairs::candles[0m[2m:[0m Loading 15m timeframe for IOTAUSDT
[2m2026-01-29T07:25:32.757875Z[0m [32m INFO[0m [2mingestor_pairs::candles[0m[2m:[0m Inserted 11 15m candles for IOTAUSDT
[2m2026-01-29T07:25:32.760045Z[0m [32m INFO[0m [2mingestor_pairs::candles[0m[2m:[0m Inserted 33 5m candles for IOTAUSDT
[2m2026-01-29T07:25:32.766867Z[0m [32m INFO[0m [2mingestor_pairs::candles[0m[2m:[0m Loading 1h timeframe for IOTAUSDT
[2m2026-01-29T07:25:32.771696Z[0m [32m INFO[0m [2mingestor_pairs::candles[0m[2m:[0m Loading 4h timeframe for IOTAUSDT
[2m2026-01-29T07:25:33.172466Z[0m [32m INFO[0m [2mingestor_pairs::candles[0m[2m:[0m Inserted 3 1h candles for IOTAUSDT
[2m2026-01-29T07:25:33.181261Z[0m [32m INFO[0m [2mingestor_pairs::candles[0m[2m:[0m Loading 1d timeframe for IOTAUSDT
[2m2026-01-29T07:25:33.568408Z[0m [32m INFO[0m [2mingestor_pairs::candles[0m[2m:[0m Inserted 0 1d candles for IOTAUSDT
[2m2026-01-29T07:25:33.578360Z[0m [32m INFO[0m [2mingestor_pairs::candles[0m[2m:[0m Loading 1m timeframe for BATUSDT
[2m2026-01-29T07:25:33.652553Z[0m [32m INFO[0m [2mingestor_pairs::candles[0m[2m:[0m Inserted 0 4h candles for IOTAUSDT
[2m2026-01-29T07:25:33.659285Z[0m [32m INFO[0m [2mingestor_pairs::candles[0m[2m:[0m Loading 5m timeframe for BATUSDT
[2m2026-01-29T07:25:33.988023Z[0m [32m INFO[0m [2mingestor_pairs::candles[0m[2m:[0m Inserted 33 5m candles for BATUSDT
[2m2026-01-29T07:25:33.996324Z[0m [32m INFO[0m [2mingestor_pairs::candles[0m[2m:[0m Loading 15m timeframe for BATUSDT
[2m2026-01-29T07:25:34.006622Z[0m [32m INFO[0m [2mingestor_pairs::candles[0m[2m:[0m Inserted 161 1m candles for BATUSDT
[2m2026-01-29T07:25:34.026155Z[0m [32m INFO[0m [2mingestor_pairs::candles[0m[2m:[0m Loading 1h timeframe for BATUSDT
[2m2026-01-29T07:25:34.395136Z[0m [32m INFO[0m [2mingestor_pairs::candles[0m[2m:[0m Inserted 11 15m candles for BATUSDT
[2m2026-01-29T07:25:34.395882Z[0m [32m INFO[0m [2mingestor_pairs::candles[0m[2m:[0m Inserted 3 1h candles for BATUSDT
[2m2026-01-29T07:25:34.404108Z[0m [32m INFO[0m [2mingestor_pairs::candles[0m[2m:[0m Loading 4h timeframe for BATUSDT
[2m2026-01-29T07:25:34.405608Z[0m [32m INFO[0m [2mingestor_pairs::candles[0m[2m:[0m Loading 1d timeframe for BATUSDT
[2m2026-01-29T07:25:34.704157Z[0m [32m INFO[0m [2mingestor_pairs::candles[0m[2m:[0m Inserted 0 4h candles for BATUSDT
[2m2026-01-29T07:25:34.704217Z[0m [32m INFO[0m [2mingestor_pairs::candles[0m[2m:[0m Inserted 0 1d candles for BATUSDT
[2m2026-01-29T07:25:34.713335Z[0m [32m INFO[0m [2mingestor_pairs::candles[0m[2m:[0m Loading 5m timeframe for VETUSDT
[2m2026-01-29T07:25:34.714715Z[0m [32m INFO[0m [2mingestor_pairs::candles[0m[2m:[0m Loading 1m timeframe for VETUSDT
[2m2026-01-29T07:25:35.113035Z[0m [32m INFO[0m [2mingestor_pairs::candles[0m[2m:[0m Inserted 33 5m candles for VETUSDT
[2m2026-01-29T07:25:35.118630Z[0m [32m INFO[0m [2mingestor_pairs::candles[0m[2m:[0m Loading 15m timeframe for VETUSDT
[2m2026-01-29T07:25:35.125580Z[0m [32m INFO[0m [2mingestor_pairs::candles[0m[2m:[0m Inserted 161 1m candles for VETUSDT
[2m2026-01-29T07:25:35.130547Z[0m [32m INFO[0m [2mingestor_pairs::candles[0m[2m:[0m Loading 1h timeframe for VETUSDT
[2m2026-01-29T07:25:35.523807Z[0m [32m INFO[0m [2mingestor_pairs::candles[0m[2m:[0m Inserted 11 15m candles for VETUSDT
[2m2026-01-29T07:25:35.524275Z[0m [32m INFO[0m [2mingestor_pairs::candles[0m[2m:[0m Inserted 3 1h candles for VETUSDT
[2m2026-01-29T07:25:35.527807Z[0m [32m INFO[0m [2mingestor_pairs::candles[0m[2m:[0m Loading 4h timeframe for VETUSDT
[2m2026-01-29T07:25:35.527969Z[0m [32m INFO[0m [2mingestor_pairs::candles[0m[2m:[0m Loading 1d timeframe for VETUSDT
[2m2026-01-29T07:25:35.923916Z[0m [32m INFO[0m [2mingestor_pairs::candles[0m[2m:[0m Inserted 0 4h candles for VETUSDT
[2m2026-01-29T07:25:35.924084Z[0m [32m INFO[0m [2mingestor_pairs::candles[0m[2m:[0m Inserted 0 1d candles for VETUSDT
[2m2026-01-29T07:25:35.932889Z[0m [32m INFO[0m [2mingestor_pairs::candles[0m[2m:[0m Loading 1m timeframe for NEOUSDT
[2m2026-01-29T07:25:35.934624Z[0m [32m INFO[0m [2mingestor_pairs::candles[0m[2m:[0m Loading 5m timeframe for NEOUSDT
[2m2026-01-29T07:25:36.345013Z[0m [32m INFO[0m [2mingestor_pairs::candles[0m[2m:[0m Inserted 33 5m candles for NEOUSDT
[2m2026-01-29T07:25:36.354544Z[0m [32m INFO[0m [2mingestor_pairs::candles[0m[2m:[0m Loading 15m timeframe for NEOUSDT
[2m2026-01-29T07:25:36.368626Z[0m [32m INFO[0m [2mingestor_pairs::candles[0m[2m:[0m Inserted 161 1m candles for NEOUSDT
[2m2026-01-29T07:25:36.384683Z[0m [32m INFO[0m [2mingestor_pairs::candles[0m[2m:[0m Loading 1h timeframe for NEOUSDT
[2m2026-01-29T07:25:36.746214Z[0m [32m INFO[0m [2mingestor_pairs::candles[0m[2m:[0m Inserted 11 15m candles for NEOUSDT
[2m2026-01-29T07:25:36.749071Z[0m [32m INFO[0m [2mingestor_pairs::candles[0m[2m:[0m Inserted 3 1h candles for NEOUSDT
[2m2026-01-29T07:25:36.753383Z[0m [32m INFO[0m [2mingestor_pairs::candles[0m[2m:[0m Loading 4h timeframe for NEOUSDT
[2m2026-01-29T07:25:36.754219Z[0m [32m INFO[0m [2mingestor_pairs::candles[0m[2m:[0m Loading 1d timeframe for NEOUSDT
[2m2026-01-29T07:25:37.154981Z[0m [32m INFO[0m [2mingestor_pairs::candles[0m[2m:[0m Inserted 0 4h candles for NEOUSDT
[2m2026-01-29T07:25:37.155118Z[0m [32m INFO[0m [2mingestor_pairs::candles[0m[2m:[0m Inserted 0 1d candles for NEOUSDT
[2m2026-01-29T07:25:37.166186Z[0m [32m INFO[0m [2mingestor_pairs::candles[0m[2m:[0m Loading 5m timeframe for IOSTUSDT
[2m2026-01-29T07:25:37.166466Z[0m [32m INFO[0m [2mingestor_pairs::candles[0m[2m:[0m Loading 1m timeframe for IOSTUSDT
[2m2026-01-29T07:25:37.570210Z[0m [32m INFO[0m [2mingestor_pairs::candles[0m[2m:[0m Inserted 33 5m candles for IOSTUSDT
[2m2026-01-29T07:25:37.576813Z[0m [32m INFO[0m [2mingestor_pairs::candles[0m[2m:[0m Loading 15m timeframe for IOSTUSDT
[2m2026-01-29T07:25:37.591354Z[0m [32m INFO[0m [2mingestor_pairs::candles[0m[2m:[0m Inserted 161 1m candles for IOSTUSDT
[2m2026-01-29T07:25:37.600966Z[0m [32m INFO[0m [2mingestor_pairs::candles[0m[2m:[0m Loading 1d timeframe for ZILUSDT
[2m2026-01-29T07:25:37.972149Z[0m [32m INFO[0m [2mingestor_pairs::candles[0m[2m:[0m Inserted 0 1d candles for ZILUSDT
[2m2026-01-29T07:25:37.979312Z[0m [32m INFO[0m [2mingestor_pairs::candles[0m[2m:[0m Inserted 11 15m candles for IOSTUSDT
[2m2026-01-29T07:25:37.980979Z[0m [32m INFO[0m [2mingestor_pairs::candles[0m[2m:[0m Loading 1h timeframe for IOSTUSDT
[2m2026-01-29T07:25:37.988471Z[0m [32m INFO[0m [2mingestor_pairs::candles[0m[2m:[0m Loading 4h timeframe for IOSTUSDT
[2m2026-01-29T07:25:38.389784Z[0m [32m INFO[0m [2mingestor_pairs::candles[0m[2m:[0m Inserted 3 1h candles for IOSTUSDT
[2m2026-01-29T07:25:38.398142Z[0m [32m INFO[0m [2mingestor_pairs::candles[0m[2m:[0m Loading 1d timeframe for IOSTUSDT
[2m2026-01-29T07:25:38.703574Z[0m [32m INFO[0m [2mingestor_pairs::candles[0m[2m:[0m Inserted 0 1d candles for IOSTUSDT
[2m2026-01-29T07:25:38.713681Z[0m [32m INFO[0m [2mingestor_pairs::candles[0m[2m:[0m Loading 1m timeframe for THETAUSDT
[2m2026-01-29T07:25:38.996762Z[0m [32m INFO[0m [2mingestor_pairs::candles[0m[2m:[0m Inserted 0 4h candles for IOSTUSDT
[2m2026-01-29T07:25:39.005800Z[0m [32m INFO[0m [2mingestor_pairs::candles[0m[2m:[0m Loading 5m timeframe for THETAUSDT
[2m2026-01-29T07:25:39.070394Z[0m [32m INFO[0m [2mingestor_pairs::candles[0m[2m:[0m Inserted 161 1m candles for THETAUSDT
[2m2026-01-29T07:25:39.079374Z[0m [32m INFO[0m [2mingestor_pairs::candles[0m[2m:[0m Loading 15m timeframe for THETAUSDT
[2m2026-01-29T07:25:39.515601Z[0m [32m INFO[0m [2mingestor_pairs::candles[0m[2m:[0m Inserted 11 15m candles for THETAUSDT
[2m2026-01-29T07:25:39.518828Z[0m [32m INFO[0m [2mingestor_pairs::candles[0m[2m:[0m Inserted 33 5m candles for THETAUSDT
[2m2026-01-29T07:25:39.528466Z[0m [32m INFO[0m [2mingestor_pairs::candles[0m[2m:[0m Loading 1m timeframe for ZRXUSDT
[2m2026-01-29T07:25:39.531352Z[0m [32m INFO[0m [2mingestor_pairs::candles[0m[2m:[0m Loading 1h timeframe for THETAUSDT
[2m2026-01-29T07:25:39.923566Z[0m [32m INFO[0m [2mingestor_pairs::candles[0m[2m:[0m Inserted 3 1h candles for THETAUSDT
[2m2026-01-29T07:25:39.932252Z[0m [32m INFO[0m [2mingestor_pairs::candles[0m[2m:[0m Loading 4h timeframe for THETAUSDT
[2m2026-01-29T07:25:39.935475Z[0m [32m INFO[0m [2mingestor_pairs::candles[0m[2m:[0m Inserted 161 1m candles for ZRXUSDT
[2m2026-01-29T07:25:39.942714Z[0m [32m INFO[0m [2mingestor_pairs::candles[0m[2m:[0m Loading 1d timeframe for THETAUSDT
[2m2026-01-29T07:25:40.327799Z[0m [32m INFO[0m [2mingestor_pairs::candles[0m[2m:[0m Inserted 0 1d candles for THETAUSDT
[2m2026-01-29T07:25:40.328090Z[0m [32m INFO[0m [2mingestor_pairs::candles[0m[2m:[0m Inserted 0 4h candles for THETAUSDT
[2m2026-01-29T07:25:40.340164Z[0m [32m INFO[0m [2mingestor_pairs::candles[0m[2m:[0m Loading 5m timeframe for ALGOUSDT
[2m2026-01-29T07:25:40.342581Z[0m [32m INFO[0m [2mingestor_pairs::candles[0m[2m:[0m Loading 1m timeframe for ALGOUSDT
[2m2026-01-29T07:25:40.756905Z[0m [32m INFO[0m [2mingestor_pairs::candles[0m[2m:[0m Inserted 33 5m candles for ALGOUSDT
[2m2026-01-29T07:25:40.771150Z[0m [32m INFO[0m [2mingestor_pairs::candles[0m[2m:[0m Loading 15m timeframe for ALGOUSDT
[2m2026-01-29T07:25:40.788281Z[0m [32m INFO[0m [2mingestor_pairs::candles[0m[2m:[0m Inserted 161 1m candles for ALGOUSDT
[2m2026-01-29T07:25:40.797933Z[0m [32m INFO[0m [2mingestor_pairs::candles[0m[2m:[0m Loading 1h timeframe for ALGOUSDT
[2m2026-01-29T07:25:41.154465Z[0m [32m INFO[0m [2mingestor_pairs::candles[0m[2m:[0m Inserted 11 15m candles for ALGOUSDT
[2m2026-01-29T07:25:41.154870Z[0m [32m INFO[0m [2mingestor_pairs::candles[0m[2m:[0m Inserted 3 1h candles for ALGOUSDT
[2m2026-01-29T07:25:41.163864Z[0m [32m INFO[0m [2mingestor_pairs::candles[0m[2m:[0m Loading 4h timeframe for ALGOUSDT
[2m2026-01-29T07:25:41.164654Z[0m [32m INFO[0m [2mingestor_pairs::candles[0m[2m:[0m Loading 1d timeframe for ALGOUSDT
[2m2026-01-29T07:25:41.556262Z[0m [32m INFO[0m [2mingestor_pairs::candles[0m[2m:[0m Inserted 0 1d candles for ALGOUSDT
[2m2026-01-29T07:25:41.556336Z[0m [32m INFO[0m [2mingestor_pairs::candles[0m[2m:[0m Inserted 0 4h candles for ALGOUSDT
[2m2026-01-29T07:25:41.560306Z[0m [32m INFO[0m [2mingestor_pairs::candles[0m[2m:[0m Loading 1m timeframe for ZILUSDT
[2m2026-01-29T07:25:41.561164Z[0m [32m INFO[0m [2mingestor_pairs::candles[0m[2m:[0m Loading 5m timeframe for ZILUSDT
[2m2026-01-29T07:25:41.974168Z[0m [32m INFO[0m [2mingestor_pairs::candles[0m[2m:[0m Inserted 33 5m candles for ZILUSDT
[2m2026-01-29T07:25:41.981566Z[0m [32m INFO[0m [2mingestor_pairs::candles[0m[2m:[0m Loading 15m timeframe for ZILUSDT
[2m2026-01-29T07:25:41.988533Z[0m [32m INFO[0m [2mingestor_pairs::candles[0m[2m:[0m Inserted 161 1m candles for ZILUSDT
[2m2026-01-29T07:25:41.997192Z[0m [32m INFO[0m [2mingestor_pairs::candles[0m[2m:[0m Loading 1h timeframe for ZILUSDT
[2m2026-01-29T07:25:42.379978Z[0m [32m INFO[0m [2mingestor_pairs::candles[0m[2m:[0m Inserted 3 1h candles for ZILUSDT
[2m2026-01-29T07:25:42.381545Z[0m [32m INFO[0m [2mingestor_pairs::candles[0m[2m:[0m Inserted 11 15m candles for ZILUSDT
[2m2026-01-29T07:25:42.384809Z[0m [32m INFO[0m [2mingestor_pairs::candles[0m[2m:[0m Loading 4h timeframe for ZILUSDT
[2m2026-01-29T07:25:42.386085Z[0m [32m INFO[0m [2mingestor_pairs::candles[0m[2m:[0m Loading 5m timeframe for ZRXUSDT
[2m2026-01-29T07:25:42.888618Z[0m [32m INFO[0m [2mingestor_pairs::candles[0m[2m:[0m Inserted 0 4h candles for ZILUSDT
[2m2026-01-29T07:25:42.896192Z[0m [32m INFO[0m [2mingestor_pairs::candles[0m[2m:[0m Loading 15m timeframe for ZRXUSDT
[2m2026-01-29T07:25:42.897462Z[0m [32m INFO[0m [2mingestor_pairs::candles[0m[2m:[0m Inserted 33 5m candles for ZRXUSDT
[2m2026-01-29T07:25:42.907145Z[0m [32m INFO[0m [2mingestor_pairs::candles[0m[2m:[0m Loading 1h timeframe for ZRXUSDT
[2m2026-01-29T07:25:43.304923Z[0m [32m INFO[0m [2mingestor_pairs::candles[0m[2m:[0m Inserted 11 15m candles for ZRXUSDT
[2m2026-01-29T07:25:43.305744Z[0m [32m INFO[0m [2mingestor_pairs::candles[0m[2m:[0m Inserted 3 1h candles for ZRXUSDT
[2m2026-01-29T07:25:43.314780Z[0m [32m INFO[0m [2mingestor_pairs::candles[0m[2m:[0m Loading 4h timeframe for ZRXUSDT
[2m2026-01-29T07:25:43.320580Z[0m [32m INFO[0m [2mingestor_pairs::candles[0m[2m:[0m Loading 1d timeframe for ZRXUSDT
[2m2026-01-29T07:25:43.706349Z[0m [32m INFO[0m [2mingestor_pairs::candles[0m[2m:[0m Inserted 0 4h candles for ZRXUSDT
[2m2026-01-29T07:25:43.706371Z[0m [32m INFO[0m [2mingestor_pairs::candles[0m[2m:[0m Inserted 0 1d candles for ZRXUSDT
[2m2026-01-29T07:25:43.716276Z[0m [32m INFO[0m [2mingestor_pairs::candles[0m[2m:[0m Loading 1m timeframe for COMPUSDT
[2m2026-01-29T07:25:43.717039Z[0m [32m INFO[0m [2mingestor_pairs::candles[0m[2m:[0m Loading 5m timeframe for COMPUSDT
[2m2026-01-29T07:25:44.027341Z[0m [32m INFO[0m [2mingestor_pairs::candles[0m[2m:[0m Inserted 33 5m candles for COMPUSDT
[2m2026-01-29T07:25:44.033086Z[0m [32m INFO[0m [2mingestor_pairs::candles[0m[2m:[0m Loading 15m timeframe for COMPUSDT
[2m2026-01-29T07:25:44.038407Z[0m [32m INFO[0m [2mingestor_pairs::candles[0m[2m:[0m Inserted 161 1m candles for COMPUSDT
[2m2026-01-29T07:25:44.045822Z[0m [32m INFO[0m [2mingestor_pairs::candles[0m[2m:[0m Loading 1h timeframe for COMPUSDT
[2m2026-01-29T07:25:44.430283Z[0m [32m INFO[0m [2mingestor_pairs::candles[0m[2m:[0m Inserted 11 15m candles for COMPUSDT
[2m2026-01-29T07:25:44.430791Z[0m [32m INFO[0m [2mingestor_pairs::candles[0m[2m:[0m Inserted 3 1h candles for COMPUSDT
[2m2026-01-29T07:25:44.440095Z[0m [32m INFO[0m [2mingestor_pairs::candles[0m[2m:[0m Loading 4h timeframe for COMPUSDT
[2m2026-01-29T07:25:44.443060Z[0m [32m INFO[0m [2mingestor_pairs::candles[0m[2m:[0m Loading 1d timeframe for COMPUSDT
[2m2026-01-29T07:25:44.849435Z[0m [32m INFO[0m [2mingestor_pairs::candles[0m[2m:[0m Inserted 0 4h candles for COMPUSDT
[2m2026-01-29T07:25:44.849622Z[0m [32m INFO[0m [2mingestor_pairs::candles[0m[2m:[0m Inserted 0 1d candles for COMPUSDT
[2m2026-01-29T07:25:44.859652Z[0m [32m INFO[0m [2mingestor_pairs::candles[0m[2m:[0m Loading 5m timeframe for DOGEUSDT
[2m2026-01-29T07:25:44.860845Z[0m [32m INFO[0m [2mingestor_pairs::candles[0m[2m:[0m Loading 1m timeframe for DOGEUSDT
[2m2026-01-29T07:25:45.254630Z[0m [32m INFO[0m [2mingestor_pairs::candles[0m[2m:[0m Inserted 33 5m candles for DOGEUSDT
[2m2026-01-29T07:25:45.261581Z[0m [32m INFO[0m [2mingestor_pairs::candles[0m[2m:[0m Loading 15m timeframe for DOGEUSDT
[2m2026-01-29T07:25:45.266040Z[0m [32m INFO[0m [2mingestor_pairs::candles[0m[2m:[0m Inserted 161 1m candles for DOGEUSDT
[2m2026-01-29T07:25:45.269429Z[0m [32m INFO[0m [2mingestor_pairs::candles[0m[2m:[0m Loading 1h timeframe for DOGEUSDT
[2m2026-01-29T07:25:45.658306Z[0m [32m INFO[0m [2mingestor_pairs::candles[0m[2m:[0m Inserted 11 15m candles for DOGEUSDT
[2m2026-01-29T07:25:45.658865Z[0m [32m INFO[0m [2mingestor_pairs::candles[0m[2m:[0m Inserted 3 1h candles for DOGEUSDT
[2m2026-01-29T07:25:45.667148Z[0m [32m INFO[0m [2mingestor_pairs::candles[0m[2m:[0m Loading 4h timeframe for DOGEUSDT
[2m2026-01-29T07:25:45.668194Z[0m [32m INFO[0m [2mingestor_pairs::candles[0m[2m:[0m Loading 1d timeframe for DOGEUSDT
[2m2026-01-29T07:25:46.061823Z[0m [32m INFO[0m [2mingestor_pairs::candles[0m[2m:[0m Inserted 0 1d candles for DOGEUSDT
[2m2026-01-29T07:25:46.061883Z[0m [32m INFO[0m [2mingestor_pairs::candles[0m[2m:[0m Inserted 0 4h candles for DOGEUSDT
[2m2026-01-29T07:25:46.069391Z[0m [32m INFO[0m [2mingestor_pairs::candles[0m[2m:[0m Loading 1m timeframe for KAVAUSDT
[2m2026-01-29T07:25:46.071113Z[0m [32m INFO[0m [2mingestor_pairs::candles[0m[2m:[0m Loading 5m timeframe for KAVAUSDT
[2m2026-01-29T07:25:46.482347Z[0m [32m INFO[0m [2mingestor_pairs::candles[0m[2m:[0m Inserted 33 5m candles for KAVAUSDT
[2m2026-01-29T07:25:46.489786Z[0m [32m INFO[0m [2mingestor_pairs::candles[0m[2m:[0m Loading 15m timeframe for KAVAUSDT
[2m2026-01-29T07:25:46.497768Z[0m [32m INFO[0m [2mingestor_pairs::candles[0m[2m:[0m Inserted 161 1m candles for KAVAUSDT
[2m2026-01-29T07:25:46.501734Z[0m [32m INFO[0m [2mingestor_pairs::candles[0m[2m:[0m Loading 1h timeframe for KAVAUSDT
[2m2026-01-29T07:25:46.890285Z[0m [32m INFO[0m [2mingestor_pairs::candles[0m[2m:[0m Inserted 11 15m candles for KAVAUSDT
[2m2026-01-29T07:25:46.891164Z[0m [32m INFO[0m [2mingestor_pairs::candles[0m[2m:[0m Inserted 3 1h candles for KAVAUSDT
[2m2026-01-29T07:25:46.898235Z[0m [32m INFO[0m [2mingestor_pairs::candles[0m[2m:[0m Loading 4h timeframe for KAVAUSDT
[2m2026-01-29T07:25:46.899113Z[0m [32m INFO[0m [2mingestor_pairs::candles[0m[2m:[0m Loading 1d timeframe for KAVAUSDT
[2m2026-01-29T07:25:47.293559Z[0m [32m INFO[0m [2mingestor_pairs::candles[0m[2m:[0m Inserted 0 4h candles for KAVAUSDT
[2m2026-01-29T07:25:47.293589Z[0m [32m INFO[0m [2mingestor_pairs::candles[0m[2m:[0m Inserted 0 1d candles for KAVAUSDT
[2m2026-01-29T07:25:47.302444Z[0m [32m INFO[0m [2mingestor_pairs::candles[0m[2m:[0m Loading 1m timeframe for SNXUSDT
[2m2026-01-29T07:25:47.305529Z[0m [32m INFO[0m [2mingestor_pairs::candles[0m[2m:[0m Loading 5m timeframe for SNXUSDT
[2m2026-01-29T07:25:47.811661Z[0m [32m INFO[0m [2mingestor_pairs::candles[0m[2m:[0m Inserted 33 5m candles for SNXUSDT
[2m2026-01-29T07:25:47.819703Z[0m [32m INFO[0m [2mingestor_pairs::candles[0m[2m:[0m Loading 15m timeframe for SNXUSDT
[2m2026-01-29T07:25:47.826701Z[0m [32m INFO[0m [2mingestor_pairs::candles[0m[2m:[0m Inserted 161 1m candles for SNXUSDT
[2m2026-01-29T07:25:47.832110Z[0m [32m INFO[0m [2mingestor_pairs::candles[0m[2m:[0m Loading 1h timeframe for SNXUSDT
[2m2026-01-29T07:25:48.221022Z[0m [32m INFO[0m [2mingestor_pairs::candles[0m[2m:[0m Inserted 11 15m candles for SNXUSDT
[2m2026-01-29T07:25:48.221806Z[0m [32m INFO[0m [2mingestor_pairs::candles[0m[2m:[0m Inserted 3 1h candles for SNXUSDT
[2m2026-01-29T07:25:48.230082Z[0m [32m INFO[0m [2mingestor_pairs::candles[0m[2m:[0m Loading 4h timeframe for SNXUSDT
[2m2026-01-29T07:25:48.231251Z[0m [32m INFO[0m [2mingestor_pairs::candles[0m[2m:[0m Loading 1d timeframe for SNXUSDT
[2m2026-01-29T07:25:48.623685Z[0m [32m INFO[0m [2mingestor_pairs::candles[0m[2m:[0m Inserted 0 4h candles for SNXUSDT
[2m2026-01-29T07:25:48.623687Z[0m [32m INFO[0m [2mingestor_pairs::candles[0m[2m:[0m Inserted 0 1d candles for SNXUSDT
[2m2026-01-29T07:25:48.632927Z[0m [32m INFO[0m [2mingestor_pairs::candles[0m[2m:[0m Loading 5m timeframe for DOTUSDT
[2m2026-01-29T07:25:48.634107Z[0m [32m INFO[0m [2mingestor_pairs::candles[0m[2m:[0m Loading 1m timeframe for DOTUSDT
[2m2026-01-29T07:25:49.040472Z[0m [32m INFO[0m [2mingestor_pairs::candles[0m[2m:[0m Inserted 33 5m candles for DOTUSDT
[2m2026-01-29T07:25:49.048851Z[0m [32m INFO[0m [2mingestor_pairs::candles[0m[2m:[0m Loading 15m timeframe for DOTUSDT
[2m2026-01-29T07:25:49.054494Z[0m [32m INFO[0m [2mingestor_pairs::candles[0m[2m:[0m Inserted 161 1m candles for DOTUSDT
[2m2026-01-29T07:25:49.061022Z[0m [32m INFO[0m [2mingestor_pairs::candles[0m[2m:[0m Loading 1h timeframe for DOTUSDT
[2m2026-01-29T07:25:49.447350Z[0m [32m INFO[0m [2mingestor_pairs::candles[0m[2m:[0m Inserted 11 15m candles for DOTUSDT
[2m2026-01-29T07:25:49.447908Z[0m [32m INFO[0m [2mingestor_pairs::candles[0m[2m:[0m Inserted 3 1h candles for DOTUSDT
[2m2026-01-29T07:25:49.455251Z[0m [32m INFO[0m [2mingestor_pairs::candles[0m[2m:[0m Loading 4h timeframe for DOTUSDT
[2m2026-01-29T07:25:49.456536Z[0m [32m INFO[0m [2mingestor_pairs::candles[0m[2m:[0m Loading 1d timeframe for DOTUSDT
[2m2026-01-29T07:25:49.851126Z[0m [32m INFO[0m [2mingestor_pairs::candles[0m[2m:[0m Inserted 0 4h candles for DOTUSDT
[2m2026-01-29T07:25:49.851170Z[0m [32m INFO[0m [2mingestor_pairs::candles[0m[2m:[0m Inserted 0 1d candles for DOTUSDT
[2m2026-01-29T07:25:49.859907Z[0m [32m INFO[0m [2mingestor_pairs::candles[0m[2m:[0m Loading 5m timeframe for YFIUSDT
[2m2026-01-29T07:25:49.861482Z[0m [32m INFO[0m [2mingestor_pairs::candles[0m[2m:[0m Loading 1m timeframe for YFIUSDT
[2m2026-01-29T07:25:50.269230Z[0m [32m INFO[0m [2mingestor_pairs::candles[0m[2m:[0m Inserted 33 5m candles for YFIUSDT
[2m2026-01-29T07:25:50.276909Z[0m [32m INFO[0m [2mingestor_pairs::candles[0m[2m:[0m Loading 15m timeframe for YFIUSDT
[2m2026-01-29T07:25:50.285292Z[0m [32m INFO[0m [2mingestor_pairs::candles[0m[2m:[0m Inserted 161 1m candles for YFIUSDT
[2m2026-01-29T07:25:50.289369Z[0m [32m INFO[0m [2mingestor_pairs::candles[0m[2m:[0m Loading 1h timeframe for YFIUSDT
[2m2026-01-29T07:25:50.676744Z[0m [32m INFO[0m [2mingestor_pairs::candles[0m[2m:[0m Inserted 11 15m candles for YFIUSDT
[2m2026-01-29T07:25:50.677142Z[0m [32m INFO[0m [2mingestor_pairs::candles[0m[2m:[0m Inserted 3 1h candles for YFIUSDT
[2m2026-01-29T07:25:50.685046Z[0m [32m INFO[0m [2mingestor_pairs::candles[0m[2m:[0m Loading 4h timeframe for YFIUSDT
[2m2026-01-29T07:25:50.687280Z[0m [32m INFO[0m [2mingestor_pairs::candles[0m[2m:[0m Loading 1d timeframe for YFIUSDT
[2m2026-01-29T07:25:51.081289Z[0m [32m INFO[0m [2mingestor_pairs::candles[0m[2m:[0m Inserted 0 4h candles for YFIUSDT
[2m2026-01-29T07:25:51.081529Z[0m [32m INFO[0m [2mingestor_pairs::candles[0m[2m:[0m Inserted 0 1d candles for YFIUSDT
[2m2026-01-29T07:25:51.089549Z[0m [32m INFO[0m [2mingestor_pairs::candles[0m[2m:[0m Loading 1m timeframe for CRVUSDT
[2m2026-01-29T07:25:51.090915Z[0m [32m INFO[0m [2mingestor_pairs::candles[0m[2m:[0m Loading 5m timeframe for CRVUSDT
[2m2026-01-29T07:25:51.498614Z[0m [32m INFO[0m [2mingestor_pairs::candles[0m[2m:[0m Inserted 33 5m candles for CRVUSDT
[2m2026-01-29T07:25:51.506278Z[0m [32m INFO[0m [2mingestor_pairs::candles[0m[2m:[0m Loading 15m timeframe for CRVUSDT
[2m2026-01-29T07:25:51.512879Z[0m [32m INFO[0m [2mingestor_pairs::candles[0m[2m:[0m Inserted 161 1m candles for CRVUSDT
[2m2026-01-29T07:25:51.516953Z[0m [32m INFO[0m [2mingestor_pairs::candles[0m[2m:[0m Loading 1h timeframe for CRVUSDT
[2m2026-01-29T07:25:51.905571Z[0m [32m INFO[0m [2mingestor_pairs::candles[0m[2m:[0m Inserted 11 15m candles for CRVUSDT
[2m2026-01-29T07:25:51.906007Z[0m [32m INFO[0m [2mingestor_pairs::candles[0m[2m:[0m Inserted 3 1h candles for CRVUSDT
[2m2026-01-29T07:25:51.913811Z[0m [32m INFO[0m [2mingestor_pairs::candles[0m[2m:[0m Loading 4h timeframe for CRVUSDT
[2m2026-01-29T07:25:51.914845Z[0m [32m INFO[0m [2mingestor_pairs::candles[0m[2m:[0m Loading 1d timeframe for CRVUSDT
[2m2026-01-29T07:25:52.310088Z[0m [32m INFO[0m [2mingestor_pairs::candles[0m[2m:[0m Inserted 0 1d candles for CRVUSDT
[2m2026-01-29T07:25:52.310089Z[0m [32m INFO[0m [2mingestor_pairs::candles[0m[2m:[0m Inserted 0 4h candles for CRVUSDT
[2m2026-01-29T07:25:52.318743Z[0m [32m INFO[0m [2mingestor_pairs::candles[0m[2m:[0m Loading 1m timeframe for TRBUSDT
[2m2026-01-29T07:25:52.320006Z[0m [32m INFO[0m [2mingestor_pairs::candles[0m[2m:[0m Loading 5m timeframe for TRBUSDT
[2m2026-01-29T07:25:52.726805Z[0m [32m INFO[0m [2mingestor_pairs::candles[0m[2m:[0m Inserted 33 5m candles for TRBUSDT
[2m2026-01-29T07:25:52.734640Z[0m [32m INFO[0m [2mingestor_pairs::candles[0m[2m:[0m Loading 15m timeframe for TRBUSDT
[2m2026-01-29T07:25:52.741505Z[0m [32m INFO[0m [2mingestor_pairs::candles[0m[2m:[0m Inserted 161 1m candles for TRBUSDT
[2m2026-01-29T07:25:52.748087Z[0m [32m INFO[0m [2mingestor_pairs::candles[0m[2m:[0m Loading 1h timeframe for TRBUSDT
[2m2026-01-29T07:25:53.138819Z[0m [32m INFO[0m [2mingestor_pairs::candles[0m[2m:[0m Inserted 11 15m candles for TRBUSDT
[2m2026-01-29T07:25:53.139298Z[0m [32m INFO[0m [2mingestor_pairs::candles[0m[2m:[0m Inserted 3 1h candles for TRBUSDT
[2m2026-01-29T07:25:53.147158Z[0m [32m INFO[0m [2mingestor_pairs::candles[0m[2m:[0m Loading 4h timeframe for TRBUSDT
[2m2026-01-29T07:25:53.148507Z[0m [32m INFO[0m [2mingestor_pairs::candles[0m[2m:[0m Loading 1d timeframe for TRBUSDT
[2m2026-01-29T07:25:53.640637Z[0m [32m INFO[0m [2mingestor_pairs::candles[0m[2m:[0m Inserted 0 4h candles for TRBUSDT
[2m2026-01-29T07:25:53.640911Z[0m [32m INFO[0m [2mingestor_pairs::candles[0m[2m:[0m Inserted 0 1d candles for TRBUSDT
[2m2026-01-29T07:25:53.657956Z[0m [32m INFO[0m [2mingestor_pairs::candles[0m[2m:[0m Loading 1h timeframe for RUNEUSDT
[2m2026-01-29T07:25:53.662145Z[0m [32m INFO[0m [2mingestor_pairs::candles[0m[2m:[0m Loading 1m timeframe for RUNEUSDT
[2m2026-01-29T07:25:53.970864Z[0m [32m INFO[0m [2mingestor_pairs::candles[0m[2m:[0m Inserted 3 1h candles for RUNEUSDT
[2m2026-01-29T07:25:53.979110Z[0m [32m INFO[0m [2mingestor_pairs::candles[0m[2m:[0m Loading 5m timeframe for RUNEUSDT
[2m2026-01-29T07:25:53.999644Z[0m [32m INFO[0m [2mingestor_pairs::candles[0m[2m:[0m Inserted 161 1m candles for RUNEUSDT
[2m2026-01-29T07:25:54.011205Z[0m [32m INFO[0m [2mingestor_pairs::candles[0m[2m:[0m Loading 15m timeframe for RUNEUSDT
[2m2026-01-29T07:25:54.363751Z[0m [32m INFO[0m [2mingestor_pairs::candles[0m[2m:[0m Inserted 11 15m candles for RUNEUSDT
[2m2026-01-29T07:25:54.369248Z[0m [32m INFO[0m [2mingestor_pairs::candles[0m[2m:[0m Inserted 33 5m candles for RUNEUSDT
[2m2026-01-29T07:25:54.378038Z[0m [32m INFO[0m [2mingestor_pairs::candles[0m[2m:[0m Loading 1d timeframe for EGLDUSDT
[2m2026-01-29T07:25:54.380710Z[0m [32m INFO[0m [2mingestor_pairs::candles[0m[2m:[0m Loading 1m timeframe for SOLUSDT
[2m2026-01-29T07:25:54.769238Z[0m [32m INFO[0m [2mingestor_pairs::candles[0m[2m:[0m Inserted 0 1d candles for EGLDUSDT
[2m2026-01-29T07:25:54.794708Z[0m [32m INFO[0m [2mingestor_pairs::candles[0m[2m:[0m Loading 5m timeframe for SOLUSDT
[2m2026-01-29T07:25:54.814369Z[0m [32m INFO[0m [2mingestor_pairs::candles[0m[2m:[0m Inserted 161 1m candles for SOLUSDT
[2m2026-01-29T07:25:54.821201Z[0m [32m INFO[0m [2mingestor_pairs::candles[0m[2m:[0m Loading 15m timeframe for SOLUSDT
[2m2026-01-29T07:25:55.184358Z[0m [32m INFO[0m [2mingestor_pairs::candles[0m[2m:[0m Inserted 11 15m candles for SOLUSDT
[2m2026-01-29T07:25:55.185333Z[0m [32m INFO[0m [2mingestor_pairs::candles[0m[2m:[0m Inserted 33 5m candles for SOLUSDT
[2m2026-01-29T07:25:55.191819Z[0m [32m INFO[0m [2mingestor_pairs::candles[0m[2m:[0m Loading 1h timeframe for SOLUSDT
[2m2026-01-29T07:25:55.192809Z[0m [32m INFO[0m [2mingestor_pairs::candles[0m[2m:[0m Loading 4h timeframe for SOLUSDT
[2m2026-01-29T07:25:55.585214Z[0m [32m INFO[0m [2mingestor_pairs::candles[0m[2m:[0m Inserted 0 4h candles for SOLUSDT
[2m2026-01-29T07:25:55.592364Z[0m [32m INFO[0m [2mingestor_pairs::candles[0m[2m:[0m Inserted 3 1h candles for SOLUSDT
[2m2026-01-29T07:25:55.593391Z[0m [32m INFO[0m [2mingestor_pairs::candles[0m[2m:[0m Loading 1d timeframe for SOLUSDT
[2m2026-01-29T07:25:55.602224Z[0m [32m INFO[0m [2mingestor_pairs::candles[0m[2m:[0m Loading 1m timeframe for UNIUSDT
[2m2026-01-29T07:25:55.995674Z[0m [32m INFO[0m [2mingestor_pairs::candles[0m[2m:[0m Inserted 0 1d candles for SOLUSDT
[2m2026-01-29T07:25:56.005531Z[0m [32m INFO[0m [2mingestor_pairs::candles[0m[2m:[0m Loading 5m timeframe for UNIUSDT
[2m2026-01-29T07:25:56.029061Z[0m [32m INFO[0m [2mingestor_pairs::candles[0m[2m:[0m Inserted 161 1m candles for UNIUSDT
[2m2026-01-29T07:25:56.040209Z[0m [32m INFO[0m [2mingestor_pairs::candles[0m[2m:[0m Loading 15m timeframe for UNIUSDT
[2m2026-01-29T07:25:56.409856Z[0m [32m INFO[0m [2mingestor_pairs::candles[0m[2m:[0m Inserted 11 15m candles for UNIUSDT
[2m2026-01-29T07:25:56.411369Z[0m [32m INFO[0m [2mingestor_pairs::candles[0m[2m:[0m Inserted 33 5m candles for UNIUSDT
[2m2026-01-29T07:25:56.417805Z[0m [32m INFO[0m [2mingestor_pairs::candles[0m[2m:[0m Loading 4h timeframe for RUNEUSDT
[2m2026-01-29T07:25:56.418503Z[0m [32m INFO[0m [2mingestor_pairs::candles[0m[2m:[0m Loading 1h timeframe for UNIUSDT
[2m2026-01-29T07:25:56.815366Z[0m [32m INFO[0m [2mingestor_pairs::candles[0m[2m:[0m Inserted 0 4h candles for RUNEUSDT
[2m2026-01-29T07:25:56.822972Z[0m [32m INFO[0m [2mingestor_pairs::candles[0m[2m:[0m Inserted 3 1h candles for UNIUSDT
[2m2026-01-29T07:25:56.824849Z[0m [32m INFO[0m [2mingestor_pairs::candles[0m[2m:[0m Loading 4h timeframe for UNIUSDT
[2m2026-01-29T07:25:56.833704Z[0m [32m INFO[0m [2mingestor_pairs::candles[0m[2m:[0m Loading 1d timeframe for RUNEUSDT
[2m2026-01-29T07:25:57.223863Z[0m [32m INFO[0m [2mingestor_pairs::candles[0m[2m:[0m Inserted 0 1d candles for RUNEUSDT
[2m2026-01-29T07:25:57.223858Z[0m [32m INFO[0m [2mingestor_pairs::candles[0m[2m:[0m Inserted 0 4h candles for UNIUSDT
[2m2026-01-29T07:25:57.233118Z[0m [32m INFO[0m [2mingestor_pairs::candles[0m[2m:[0m Loading 1m timeframe for SUSHIUSDT
[2m2026-01-29T07:25:57.234716Z[0m [32m INFO[0m [2mingestor_pairs::candles[0m[2m:[0m Loading 1d timeframe for UNIUSDT
[2m2026-01-29T07:25:57.737844Z[0m [32m INFO[0m [2mingestor_pairs::candles[0m[2m:[0m Inserted 0 1d candles for UNIUSDT
[2m2026-01-29T07:25:57.747237Z[0m [32m INFO[0m [2mingestor_pairs::candles[0m[2m:[0m Loading 5m timeframe for SUSHIUSDT
[2m2026-01-29T07:25:57.773622Z[0m [32m INFO[0m [2mingestor_pairs::candles[0m[2m:[0m Inserted 161 1m candles for SUSHIUSDT
[2m2026-01-29T07:25:57.783925Z[0m [32m INFO[0m [2mingestor_pairs::candles[0m[2m:[0m Loading 15m timeframe for SUSHIUSDT
[2m2026-01-29T07:25:58.152740Z[0m [32m INFO[0m [2mingestor_pairs::candles[0m[2m:[0m Inserted 10 15m candles for SUSHIUSDT
[2m2026-01-29T07:25:58.154446Z[0m [32m INFO[0m [2mingestor_pairs::candles[0m[2m:[0m Inserted 33 5m candles for SUSHIUSDT
[2m2026-01-29T07:25:58.162460Z[0m [32m INFO[0m [2mingestor_pairs::candles[0m[2m:[0m Loading 1h timeframe for SUSHIUSDT
[2m2026-01-29T07:25:58.163860Z[0m [32m INFO[0m [2mingestor_pairs::candles[0m[2m:[0m Loading 4h timeframe for KSMUSDT
[2m2026-01-29T07:25:58.555974Z[0m [32m INFO[0m [2mingestor_pairs::candles[0m[2m:[0m Inserted 0 4h candles for KSMUSDT
[2m2026-01-29T07:25:58.564333Z[0m [32m INFO[0m [2mingestor_pairs::candles[0m[2m:[0m Inserted 3 1h candles for SUSHIUSDT
[2m2026-01-29T07:25:58.566340Z[0m [32m INFO[0m [2mingestor_pairs::candles[0m[2m:[0m Loading 4h timeframe for SUSHIUSDT
[2m2026-01-29T07:25:58.575237Z[0m [32m INFO[0m [2mingestor_pairs::candles[0m[2m:[0m Loading 1d timeframe for SUSHIUSDT
[2m2026-01-29T07:25:58.964932Z[0m [32m INFO[0m [2mingestor_pairs::candles[0m[2m:[0m Inserted 0 4h candles for SUSHIUSDT
[2m2026-01-29T07:25:58.965027Z[0m [32m INFO[0m [2mingestor_pairs::candles[0m[2m:[0m Inserted 0 1d candles for SUSHIUSDT
[2m2026-01-29T07:25:58.976259Z[0m [32m INFO[0m [2mingestor_pairs::candles[0m[2m:[0m Loading 1d timeframe for KSMUSDT
[2m2026-01-29T07:25:58.977670Z[0m [32m INFO[0m [2mingestor_pairs::candles[0m[2m:[0m Loading 1m timeframe for EGLDUSDT
[2m2026-01-29T07:25:59.375037Z[0m [32m INFO[0m [2mingestor_pairs::candles[0m[2m:[0m Inserted 0 1d candles for KSMUSDT
[2m2026-01-29T07:25:59.383630Z[0m [32m INFO[0m [2mingestor_pairs::candles[0m[2m:[0m Loading 5m timeframe for EGLDUSDT
[2m2026-01-29T07:25:59.420374Z[0m [32m INFO[0m [2mingestor_pairs::candles[0m[2m:[0m Inserted 161 1m candles for EGLDUSDT
[2m2026-01-29T07:25:59.438759Z[0m [32m INFO[0m [2mingestor_pairs::candles[0m[2m:[0m Loading 15m timeframe for EGLDUSDT
[2m2026-01-29T07:25:59.792443Z[0m [32m INFO[0m [2mingestor_pairs::candles[0m[2m:[0m Inserted 11 15m candles for EGLDUSDT
[2m2026-01-29T07:25:59.794108Z[0m [32m INFO[0m [2mingestor_pairs::candles[0m[2m:[0m Inserted 33 5m candles for EGLDUSDT
[2m2026-01-29T07:25:59.803132Z[0m [32m INFO[0m [2mingestor_pairs::candles[0m[2m:[0m Loading 1h timeframe for EGLDUSDT
[2m2026-01-29T07:25:59.803643Z[0m [32m INFO[0m [2mingestor_pairs::candles[0m[2m:[0m Loading 4h timeframe for EGLDUSDT
[2m2026-01-29T07:26:00.194564Z[0m [32m INFO[0m [2mingestor_pairs::candles[0m[2m:[0m Inserted 0 4h candles for EGLDUSDT
[2m2026-01-29T07:26:00.202581Z[0m [32m INFO[0m [2mingestor_pairs::candles[0m[2m:[0m Inserted 3 1h candles for EGLDUSDT
[2m2026-01-29T07:26:00.204454Z[0m [32m INFO[0m [2mingestor_pairs::candles[0m[2m:[0m Loading 1m timeframe for NEARUSDT
[2m2026-01-29T07:26:00.213204Z[0m [32m INFO[0m [2mingestor_pairs::candles[0m[2m:[0m Loading 5m timeframe for NEARUSDT
[2m2026-01-29T07:26:00.613657Z[0m [32m INFO[0m [2mingestor_pairs::candles[0m[2m:[0m Inserted 33 5m candles for NEARUSDT
[2m2026-01-29T07:26:00.618059Z[0m [32m INFO[0m [2mingestor_pairs::candles[0m[2m:[0m Loading 15m timeframe for NEARUSDT
[2m2026-01-29T07:26:00.625110Z[0m [32m INFO[0m [2mingestor_pairs::candles[0m[2m:[0m Inserted 161 1m candles for NEARUSDT
[2m2026-01-29T07:26:00.629670Z[0m [32m INFO[0m [2mingestor_pairs::candles[0m[2m:[0m Loading 1h timeframe for NEARUSDT
[2m2026-01-29T07:26:01.019933Z[0m [32m INFO[0m [2mingestor_pairs::candles[0m[2m:[0m Inserted 11 15m candles for NEARUSDT
[2m2026-01-29T07:26:01.020636Z[0m [32m INFO[0m [2mingestor_pairs::candles[0m[2m:[0m Inserted 3 1h candles for NEARUSDT
[2m2026-01-29T07:26:01.030206Z[0m [32m INFO[0m [2mingestor_pairs::candles[0m[2m:[0m Loading 4h timeframe for NEARUSDT
[2m2026-01-29T07:26:01.030684Z[0m [32m INFO[0m [2mingestor_pairs::candles[0m[2m:[0m Loading 1d timeframe for NEARUSDT
[2m2026-01-29T07:26:01.422622Z[0m [32m INFO[0m [2mingestor_pairs::candles[0m[2m:[0m Inserted 0 4h candles for NEARUSDT
[2m2026-01-29T07:26:01.422726Z[0m [32m INFO[0m [2mingestor_pairs::candles[0m[2m:[0m Inserted 0 1d candles for NEARUSDT
[2m2026-01-29T07:26:01.432134Z[0m [32m INFO[0m [2mingestor_pairs::candles[0m[2m:[0m Loading 1m timeframe for AAVEUSDT
[2m2026-01-29T07:26:01.435582Z[0m [32m INFO[0m [2mingestor_pairs::candles[0m[2m:[0m Loading 1h timeframe for AAVEUSDT
[2m2026-01-29T07:26:01.840226Z[0m [32m INFO[0m [2mingestor_pairs::candles[0m[2m:[0m Inserted 3 1h candles for AAVEUSDT
[2m2026-01-29T07:26:01.848813Z[0m [32m INFO[0m [2mingestor_pairs::candles[0m[2m:[0m Loading 5m timeframe for AAVEUSDT
[2m2026-01-29T07:26:01.866145Z[0m [32m INFO[0m [2mingestor_pairs::candles[0m[2m:[0m Inserted 161 1m candles for AAVEUSDT
[2m2026-01-29T07:26:01.879539Z[0m [32m INFO[0m [2mingestor_pairs::candles[0m[2m:[0m Loading 15m timeframe for AAVEUSDT
[2m2026-01-29T07:26:02.250324Z[0m [32m INFO[0m [2mingestor_pairs::candles[0m[2m:[0m Inserted 11 15m candles for AAVEUSDT
[2m2026-01-29T07:26:02.252202Z[0m [32m INFO[0m [2mingestor_pairs::candles[0m[2m:[0m Inserted 33 5m candles for AAVEUSDT
[2m2026-01-29T07:26:02.260274Z[0m [32m INFO[0m [2mingestor_pairs::candles[0m[2m:[0m Loading 4h timeframe for AAVEUSDT
[2m2026-01-29T07:26:02.262674Z[0m [32m INFO[0m [2mingestor_pairs::candles[0m[2m:[0m Loading 1d timeframe for AAVEUSDT
[2m2026-01-29T07:26:02.754548Z[0m [32m INFO[0m [2mingestor_pairs::candles[0m[2m:[0m Inserted 0 4h candles for AAVEUSDT
[2m2026-01-29T07:26:02.754630Z[0m [32m INFO[0m [2mingestor_pairs::candles[0m[2m:[0m Inserted 0 1d candles for AAVEUSDT
[2m2026-01-29T07:26:02.764871Z[0m [32m INFO[0m [2mingestor_pairs::candles[0m[2m:[0m Loading 1m timeframe for FILUSDT
[2m2026-01-29T07:26:02.769047Z[0m [32m INFO[0m [2mingestor_pairs::candles[0m[2m:[0m Loading 5m timeframe for FILUSDT
[2m2026-01-29T07:26:03.172716Z[0m [32m INFO[0m [2mingestor_pairs::candles[0m[2m:[0m Inserted 33 5m candles for FILUSDT
[2m2026-01-29T07:26:03.181329Z[0m [32m INFO[0m [2mingestor_pairs::candles[0m[2m:[0m Loading 15m timeframe for FILUSDT
[2m2026-01-29T07:26:03.194424Z[0m [32m INFO[0m [2mingestor_pairs::candles[0m[2m:[0m Inserted 161 1m candles for FILUSDT
[2m2026-01-29T07:26:03.206208Z[0m [32m INFO[0m [2mingestor_pairs::candles[0m[2m:[0m Loading 1h timeframe for FILUSDT
[2m2026-01-29T07:26:03.580445Z[0m [32m INFO[0m [2mingestor_pairs::candles[0m[2m:[0m Inserted 11 15m candles for FILUSDT
[2m2026-01-29T07:26:03.580912Z[0m [32m INFO[0m [2mingestor_pairs::candles[0m[2m:[0m Inserted 3 1h candles for FILUSDT
[2m2026-01-29T07:26:03.589539Z[0m [32m INFO[0m [2mingestor_pairs::candles[0m[2m:[0m Loading 4h timeframe for FILUSDT
[2m2026-01-29T07:26:03.591070Z[0m [32m INFO[0m [2mingestor_pairs::candles[0m[2m:[0m Loading 1d timeframe for FILUSDT
[2m2026-01-29T07:26:03.983428Z[0m [32m INFO[0m [2mingestor_pairs::candles[0m[2m:[0m Inserted 0 4h candles for FILUSDT
[2m2026-01-29T07:26:03.983428Z[0m [32m INFO[0m [2mingestor_pairs::candles[0m[2m:[0m Inserted 0 1d candles for FILUSDT
[2m2026-01-29T07:26:03.993094Z[0m [32m INFO[0m [2mingestor_pairs::candles[0m[2m:[0m Loading 1m timeframe for RSRUSDT
[2m2026-01-29T07:26:03.996156Z[0m [32m INFO[0m [2mingestor_pairs::candles[0m[2m:[0m Loading 5m timeframe for RSRUSDT
[2m2026-01-29T07:26:04.402156Z[0m [32m INFO[0m [2mingestor_pairs::candles[0m[2m:[0m Inserted 33 5m candles for RSRUSDT
[2m2026-01-29T07:26:04.411379Z[0m [32m INFO[0m [2mingestor_pairs::candles[0m[2m:[0m Loading 15m timeframe for RSRUSDT
[2m2026-01-29T07:26:04.428442Z[0m [32m INFO[0m [2mingestor_pairs::candles[0m[2m:[0m Inserted 161 1m candles for RSRUSDT
[2m2026-01-29T07:26:04.439880Z[0m [32m INFO[0m [2mingestor_pairs::candles[0m[2m:[0m Loading 1h timeframe for RSRUSDT
[2m2026-01-29T07:26:04.811689Z[0m [32m INFO[0m [2mingestor_pairs::candles[0m[2m:[0m Inserted 11 15m candles for RSRUSDT
[2m2026-01-29T07:26:04.812357Z[0m [32m INFO[0m [2mingestor_pairs::candles[0m[2m:[0m Inserted 3 1h candles for RSRUSDT
[2m2026-01-29T07:26:04.821431Z[0m [32m INFO[0m [2mingestor_pairs::candles[0m[2m:[0m Loading 4h timeframe for RSRUSDT
[2m2026-01-29T07:26:04.822009Z[0m [32m INFO[0m [2mingestor_pairs::candles[0m[2m:[0m Loading 1d timeframe for RSRUSDT
[2m2026-01-29T07:26:05.211115Z[0m [32m INFO[0m [2mingestor_pairs::candles[0m[2m:[0m Inserted 0 4h candles for RSRUSDT
[2m2026-01-29T07:26:05.211227Z[0m [32m INFO[0m [2mingestor_pairs::candles[0m[2m:[0m Inserted 0 1d candles for RSRUSDT
[2m2026-01-29T07:26:05.220919Z[0m [32m INFO[0m [2mingestor_pairs::candles[0m[2m:[0m Loading 5m timeframe for LRCUSDT
[2m2026-01-29T07:26:05.222480Z[0m [32m INFO[0m [2mingestor_pairs::candles[0m[2m:[0m Loading 1m timeframe for LRCUSDT
[2m2026-01-29T07:26:05.957298Z[0m [32m INFO[0m [2mingestor_pairs::candles[0m[2m:[0m Inserted 700 5m candles for LRCUSDT
[2m2026-01-29T07:26:05.960555Z[0m [32m INFO[0m [2mingestor_pairs::candles[0m[2m:[0m Loading 15m timeframe for LRCUSDT
[2m2026-01-29T07:26:05.970285Z[0m [32m INFO[0m [2mingestor_pairs::candles[0m[2m:[0m Inserted 700 1m candles for LRCUSDT
[2m2026-01-29T07:26:05.977065Z[0m [32m INFO[0m [2mingestor_pairs::candles[0m[2m:[0m Loading 1h timeframe for LRCUSDT
[2m2026-01-29T07:26:06.672506Z[0m [32m INFO[0m [2mingestor_pairs::candles[0m[2m:[0m Inserted 700 15m candles for LRCUSDT
[2m2026-01-29T07:26:06.672550Z[0m [32m INFO[0m [2mingestor_pairs::candles[0m[2m:[0m Inserted 700 1h candles for LRCUSDT
[2m2026-01-29T07:26:06.675707Z[0m [32m INFO[0m [2mingestor_pairs::candles[0m[2m:[0m Loading 1d timeframe for LRCUSDT
[2m2026-01-29T07:26:06.676287Z[0m [32m INFO[0m [2mingestor_pairs::candles[0m[2m:[0m Loading 4h timeframe for LRCUSDT
[2m2026-01-29T07:26:07.091945Z[0m [32m INFO[0m [2mingestor_pairs::candles[0m[2m:[0m Inserted 700 1d candles for LRCUSDT
[2m2026-01-29T07:26:07.095245Z[0m [32m INFO[0m [2mingestor_pairs::candles[0m[2m:[0m Loading 15m timeframe for AXSUSDT
[2m2026-01-29T07:26:07.395294Z[0m [32m INFO[0m [2mingestor_pairs::candles[0m[2m:[0m Inserted 11 15m candles for AXSUSDT
[2m2026-01-29T07:26:07.395803Z[0m [32m INFO[0m [2mingestor_pairs::candles[0m[2m:[0m Inserted 700 4h candles for LRCUSDT
[2m2026-01-29T07:26:07.399027Z[0m [32m INFO[0m [2mingestor_pairs::candles[0m[2m:[0m Loading 1m timeframe for AXSUSDT
[2m2026-01-29T07:26:07.399131Z[0m [32m INFO[0m [2mingestor_pairs::candles[0m[2m:[0m Loading 5m timeframe for AXSUSDT
[2m2026-01-29T07:26:07.884278Z[0m [32m INFO[0m [2mingestor_pairs::candles[0m[2m:[0m Inserted 33 5m candles for AXSUSDT
[2m2026-01-29T07:26:07.888060Z[0m [32m INFO[0m [2mingestor_pairs::candles[0m[2m:[0m Loading 1h timeframe for AXSUSDT
[2m2026-01-29T07:26:07.891803Z[0m [32m INFO[0m [2mingestor_pairs::candles[0m[2m:[0m Inserted 162 1m candles for AXSUSDT
[2m2026-01-29T07:26:07.894905Z[0m [32m INFO[0m [2mingestor_pairs::candles[0m[2m:[0m Loading 4h timeframe for AXSUSDT
[2m2026-01-29T07:26:08.283505Z[0m [32m INFO[0m [2mingestor_pairs::candles[0m[2m:[0m Inserted 0 4h candles for AXSUSDT
[2m2026-01-29T07:26:08.292384Z[0m [32m INFO[0m [2mingestor_pairs::candles[0m[2m:[0m Loading 1d timeframe for AXSUSDT
[2m2026-01-29T07:26:08.292668Z[0m [32m INFO[0m [2mingestor_pairs::candles[0m[2m:[0m Inserted 3 1h candles for AXSUSDT
[2m2026-01-29T07:26:08.302206Z[0m [32m INFO[0m [2mingestor_pairs::candles[0m[2m:[0m Loading 1m timeframe for ZENUSDT
[2m2026-01-29T07:26:08.694379Z[0m [32m INFO[0m [2mingestor_pairs::candles[0m[2m:[0m Inserted 0 1d candles for AXSUSDT
[2m2026-01-29T07:26:08.703714Z[0m [32m INFO[0m [2mingestor_pairs::candles[0m[2m:[0m Loading 5m timeframe for ZENUSDT
[2m2026-01-29T07:26:08.732530Z[0m [32m INFO[0m [2mingestor_pairs::candles[0m[2m:[0m Inserted 162 1m candles for ZENUSDT
[2m2026-01-29T07:26:08.743301Z[0m [32m INFO[0m [2mingestor_pairs::candles[0m[2m:[0m Loading 15m timeframe for ZENUSDT
[2m2026-01-29T07:26:09.108913Z[0m [32m INFO[0m [2mingestor_pairs::candles[0m[2m:[0m Inserted 11 15m candles for ZENUSDT
[2m2026-01-29T07:26:09.110957Z[0m [32m INFO[0m [2mingestor_pairs::candles[0m[2m:[0m Inserted 33 5m candles for ZENUSDT
[2m2026-01-29T07:26:09.118340Z[0m [32m INFO[0m [2mingestor_pairs::candles[0m[2m:[0m Loading 1h timeframe for ZENUSDT
[2m2026-01-29T07:26:09.121500Z[0m [32m INFO[0m [2mingestor_pairs::candles[0m[2m:[0m Loading 4h timeframe for ZENUSDT
[2m2026-01-29T07:26:09.512900Z[0m [32m INFO[0m [2mingestor_pairs::candles[0m[2m:[0m Inserted 0 4h candles for ZENUSDT
[2m2026-01-29T07:26:09.520540Z[0m [32m INFO[0m [2mingestor_pairs::candles[0m[2m:[0m Inserted 3 1h candles for ZENUSDT
[2m2026-01-29T07:26:09.522564Z[0m [32m INFO[0m [2mingestor_pairs::candles[0m[2m:[0m Loading 1d timeframe for ZENUSDT
[2m2026-01-29T07:26:09.531437Z[0m [32m INFO[0m [2mingestor_pairs::candles[0m[2m:[0m Loading 5m timeframe for GRTUSDT
[2m2026-01-29T07:26:09.923371Z[0m [32m INFO[0m [2mingestor_pairs::candles[0m[2m:[0m Inserted 0 1d candles for ZENUSDT
[2m2026-01-29T07:26:09.932120Z[0m [32m INFO[0m [2mingestor_pairs::candles[0m[2m:[0m Loading 1m timeframe for GRTUSDT
[2m2026-01-29T07:26:09.933798Z[0m [32m INFO[0m [2mingestor_pairs::candles[0m[2m:[0m Inserted 33 5m candles for GRTUSDT
[2m2026-01-29T07:26:09.950517Z[0m [32m INFO[0m [2mingestor_pairs::candles[0m[2m:[0m Loading 15m timeframe for GRTUSDT
[2m2026-01-29T07:26:10.341039Z[0m [32m INFO[0m [2mingestor_pairs::candles[0m[2m:[0m Inserted 11 15m candles for GRTUSDT
[2m2026-01-29T07:26:10.349714Z[0m [32m INFO[0m [2mingestor_pairs::candles[0m[2m:[0m Loading 1h timeframe for GRTUSDT
[2m2026-01-29T07:26:10.369533Z[0m [32m INFO[0m [2mingestor_pairs::candles[0m[2m:[0m Inserted 162 1m candles for GRTUSDT
[2m2026-01-29T07:26:10.386230Z[0m [32m INFO[0m [2mingestor_pairs::candles[0m[2m:[0m Loading 4h timeframe for GRTUSDT
[2m2026-01-29T07:26:10.741334Z[0m [32m INFO[0m [2mingestor_pairs::candles[0m[2m:[0m Inserted 0 4h candles for GRTUSDT
[2m2026-01-29T07:26:10.750773Z[0m [32m INFO[0m [2mingestor_pairs::candles[0m[2m:[0m Loading 1d timeframe for GRTUSDT
[2m2026-01-29T07:26:10.750944Z[0m [32m INFO[0m [2mingestor_pairs::candles[0m[2m:[0m Inserted 3 1h candles for GRTUSDT
[2m2026-01-29T07:26:10.763177Z[0m [32m INFO[0m [2mingestor_pairs::candles[0m[2m:[0m Loading 1m timeframe for 1INCHUSDT
[2m2026-01-29T07:26:11.186892Z[0m [32m INFO[0m [2mingestor_pairs::candles[0m[2m:[0m Inserted 0 1d candles for GRTUSDT
[2m2026-01-29T07:26:11.196783Z[0m [32m INFO[0m [2mingestor_pairs::candles[0m[2m:[0m Loading 5m timeframe for 1INCHUSDT
[2m2026-01-29T07:26:11.232637Z[0m [32m INFO[0m [2mingestor_pairs::candles[0m[2m:[0m Inserted 162 1m candles for 1INCHUSDT
[2m2026-01-29T07:26:11.246041Z[0m [32m INFO[0m [2mingestor_pairs::candles[0m[2m:[0m Loading 15m timeframe for 1INCHUSDT
[2m2026-01-29T07:26:11.679829Z[0m [32m INFO[0m [2mingestor_pairs::candles[0m[2m:[0m Inserted 11 15m candles for 1INCHUSDT
[2m2026-01-29T07:26:11.681057Z[0m [32m INFO[0m [2mingestor_pairs::candles[0m[2m:[0m Inserted 33 5m candles for 1INCHUSDT
[2m2026-01-29T07:26:11.687942Z[0m [32m INFO[0m [2mingestor_pairs::candles[0m[2m:[0m Loading 1h timeframe for 1INCHUSDT
[2m2026-01-29T07:26:11.688923Z[0m [32m INFO[0m [2mingestor_pairs::candles[0m[2m:[0m Loading 4h timeframe for 1INCHUSDT
[2m2026-01-29T07:26:12.346407Z[0m [32m INFO[0m [2mingestor_pairs::candles[0m[2m:[0m Inserted 0 4h candles for 1INCHUSDT
[2m2026-01-29T07:26:12.351513Z[0m [32m INFO[0m [2mingestor_pairs::candles[0m[2m:[0m Inserted 3 1h candles for 1INCHUSDT
[2m2026-01-29T07:26:12.352142Z[0m [32m INFO[0m [2mingestor_pairs::candles[0m[2m:[0m Loading 1d timeframe for 1INCHUSDT
[2m2026-01-29T07:26:12.355078Z[0m [32m INFO[0m [2mingestor_pairs::candles[0m[2m:[0m Loading 1m timeframe for CHZUSDT
[2m2026-01-29T07:26:12.902435Z[0m [32m INFO[0m [2mingestor_pairs::candles[0m[2m:[0m Inserted 0 1d candles for 1INCHUSDT
[2m2026-01-29T07:26:12.905696Z[0m [32m INFO[0m [2mingestor_pairs::candles[0m[2m:[0m Loading 5m timeframe for CHZUSDT
[2m2026-01-29T07:26:12.915096Z[0m [32m INFO[0m [2mingestor_pairs::candles[0m[2m:[0m Inserted 162 1m candles for CHZUSDT
[2m2026-01-29T07:26:12.918980Z[0m [32m INFO[0m [2mingestor_pairs::candles[0m[2m:[0m Loading 1h timeframe for CHZUSDT
[2m2026-01-29T07:26:13.523263Z[0m [32m INFO[0m [2mingestor_pairs::candles[0m[2m:[0m Inserted 3 1h candles for CHZUSDT
[2m2026-01-29T07:26:13.523698Z[0m [32m INFO[0m [2mingestor_pairs::candles[0m[2m:[0m Inserted 33 5m candles for CHZUSDT
[2m2026-01-29T07:26:13.528068Z[0m [32m INFO[0m [2mingestor_pairs::candles[0m[2m:[0m Loading 15m timeframe for CHZUSDT
[2m2026-01-29T07:26:13.529449Z[0m [32m INFO[0m [2mingestor_pairs::candles[0m[2m:[0m Loading 4h timeframe for CHZUSDT
[2m2026-01-29T07:26:14.131021Z[0m [32m INFO[0m [2mingestor_pairs::candles[0m[2m:[0m Inserted 0 4h candles for CHZUSDT
[2m2026-01-29T07:26:14.137439Z[0m [32m INFO[0m [2mingestor_pairs::candles[0m[2m:[0m Inserted 11 15m candles for CHZUSDT
[2m2026-01-29T07:26:14.138398Z[0m [32m INFO[0m [2mingestor_pairs::candles[0m[2m:[0m Loading 1d timeframe for CHZUSDT
[2m2026-01-29T07:26:14.143028Z[0m [32m INFO[0m [2mingestor_pairs::candles[0m[2m:[0m Loading 1m timeframe for SANDUSDT
[2m2026-01-29T07:26:14.747141Z[0m [32m INFO[0m [2mingestor_pairs::candles[0m[2m:[0m Inserted 0 1d candles for CHZUSDT
[2m2026-01-29T07:26:14.754058Z[0m [32m INFO[0m [2mingestor_pairs::candles[0m[2m:[0m Loading 5m timeframe for SANDUSDT
[2m2026-01-29T07:26:14.768150Z[0m [32m INFO[0m [2mingestor_pairs::candles[0m[2m:[0m Inserted 162 1m candles for SANDUSDT
[2m2026-01-29T07:26:14.773161Z[0m [32m INFO[0m [2mingestor_pairs::candles[0m[2m:[0m Loading 15m timeframe for SANDUSDT
[2m2026-01-29T07:26:15.151905Z[0m [32m INFO[0m [2mingestor_pairs::candles[0m[2m:[0m Inserted 11 15m candles for SANDUSDT
[2m2026-01-29T07:26:15.153471Z[0m [32m INFO[0m [2mingestor_pairs::candles[0m[2m:[0m Inserted 33 5m candles for SANDUSDT
[2m2026-01-29T07:26:15.161716Z[0m [32m INFO[0m [2mingestor_pairs::candles[0m[2m:[0m Loading 1h timeframe for SANDUSDT
[2m2026-01-29T07:26:15.162531Z[0m [32m INFO[0m [2mingestor_pairs::candles[0m[2m:[0m Loading 4h timeframe for SANDUSDT
[2m2026-01-29T07:26:15.554148Z[0m [32m INFO[0m [2mingestor_pairs::candles[0m[2m:[0m Inserted 0 4h candles for SANDUSDT
[2m2026-01-29T07:26:15.562136Z[0m [32m INFO[0m [2mingestor_pairs::candles[0m[2m:[0m Inserted 3 1h candles for SANDUSDT
[2m2026-01-29T07:26:15.564321Z[0m [32m INFO[0m [2mingestor_pairs::candles[0m[2m:[0m Loading 1d timeframe for SANDUSDT
[2m2026-01-29T07:26:15.573063Z[0m [32m INFO[0m [2mingestor_pairs::candles[0m[2m:[0m Loading 1m timeframe for ANKRUSDT
[2m2026-01-29T07:26:15.964426Z[0m [32m INFO[0m [2mingestor_pairs::candles[0m[2m:[0m Inserted 0 1d candles for SANDUSDT
[2m2026-01-29T07:26:15.973648Z[0m [32m INFO[0m [2mingestor_pairs::candles[0m[2m:[0m Loading 5m timeframe for ANKRUSDT
[2m2026-01-29T07:26:16.001010Z[0m [32m INFO[0m [2mingestor_pairs::candles[0m[2m:[0m Inserted 162 1m candles for ANKRUSDT
[2m2026-01-29T07:26:16.014786Z[0m [32m INFO[0m [2mingestor_pairs::candles[0m[2m:[0m Loading 15m timeframe for ANKRUSDT
[2m2026-01-29T07:26:16.381700Z[0m [32m INFO[0m [2mingestor_pairs::candles[0m[2m:[0m Inserted 11 15m candles for ANKRUSDT
[2m2026-01-29T07:26:16.382859Z[0m [32m INFO[0m [2mingestor_pairs::candles[0m[2m:[0m Inserted 33 5m candles for ANKRUSDT
[2m2026-01-29T07:26:16.392589Z[0m [32m INFO[0m [2mingestor_pairs::candles[0m[2m:[0m Loading 1h timeframe for ANKRUSDT
[2m2026-01-29T07:26:16.394245Z[0m [32m INFO[0m [2mingestor_pairs::candles[0m[2m:[0m Loading 1d timeframe for AVAXUSDT
[2m2026-01-29T07:26:16.782567Z[0m [32m INFO[0m [2mingestor_pairs::candles[0m[2m:[0m Inserted 0 1d candles for AVAXUSDT
[2m2026-01-29T07:26:16.792035Z[0m [32m INFO[0m [2mingestor_pairs::candles[0m[2m:[0m Inserted 3 1h candles for ANKRUSDT
[2m2026-01-29T07:26:16.793314Z[0m [32m INFO[0m [2mingestor_pairs::candles[0m[2m:[0m Loading 5m timeframe for AVAXUSDT
[2m2026-01-29T07:26:16.810543Z[0m [32m INFO[0m [2mingestor_pairs::candles[0m[2m:[0m Loading 15m timeframe for AVAXUSDT
[2m2026-01-29T07:26:17.200139Z[0m [32m INFO[0m [2mingestor_pairs::candles[0m[2m:[0m Inserted 11 15m candles for AVAXUSDT
[2m2026-01-29T07:26:17.201635Z[0m [32m INFO[0m [2mingestor_pairs::candles[0m[2m:[0m Inserted 33 5m candles for AVAXUSDT
[2m2026-01-29T07:26:17.209510Z[0m [32m INFO[0m [2mingestor_pairs::candles[0m[2m:[0m Loading 1h timeframe for AVAXUSDT
[2m2026-01-29T07:26:17.210355Z[0m [32m INFO[0m [2mingestor_pairs::candles[0m[2m:[0m Loading 4h timeframe for AVAXUSDT
[2m2026-01-29T07:26:17.602383Z[0m [32m INFO[0m [2mingestor_pairs::candles[0m[2m:[0m Inserted 0 4h candles for AVAXUSDT
[2m2026-01-29T07:26:17.610351Z[0m [32m INFO[0m [2mingestor_pairs::candles[0m[2m:[0m Inserted 3 1h candles for AVAXUSDT
[2m2026-01-29T07:26:17.613591Z[0m [32m INFO[0m [2mingestor_pairs::candles[0m[2m:[0m Loading 5m timeframe for KSMUSDT
[2m2026-01-29T07:26:17.620474Z[0m [32m INFO[0m [2mingestor_pairs::candles[0m[2m:[0m Loading 1m timeframe for KSMUSDT
[2m2026-01-29T07:26:18.021481Z[0m [32m INFO[0m [2mingestor_pairs::candles[0m[2m:[0m Inserted 33 5m candles for KSMUSDT
[2m2026-01-29T07:26:18.030014Z[0m [32m INFO[0m [2mingestor_pairs::candles[0m[2m:[0m Loading 15m timeframe for KSMUSDT
[2m2026-01-29T07:26:18.054761Z[0m [32m INFO[0m [2mingestor_pairs::candles[0m[2m:[0m Inserted 162 1m candles for KSMUSDT
[2m2026-01-29T07:26:18.066477Z[0m [32m INFO[0m [2mingestor_pairs::candles[0m[2m:[0m Loading 1h timeframe for KSMUSDT
[2m2026-01-29T07:26:18.429867Z[0m [32m INFO[0m [2mingestor_pairs::candles[0m[2m:[0m Inserted 11 15m candles for KSMUSDT
[2m2026-01-29T07:26:18.430342Z[0m [32m INFO[0m [2mingestor_pairs::candles[0m[2m:[0m Inserted 3 1h candles for KSMUSDT
[2m2026-01-29T07:26:18.439078Z[0m [32m INFO[0m [2mingestor_pairs::candles[0m[2m:[0m Loading 4h timeframe for ANKRUSDT
[2m2026-01-29T07:26:18.442109Z[0m [32m INFO[0m [2mingestor_pairs::candles[0m[2m:[0m Loading 1d timeframe for ANKRUSDT
[2m2026-01-29T07:26:18.933429Z[0m [32m INFO[0m [2mingestor_pairs::candles[0m[2m:[0m Inserted 0 1d candles for ANKRUSDT
[2m2026-01-29T07:26:18.933455Z[0m [32m INFO[0m [2mingestor_pairs::candles[0m[2m:[0m Inserted 0 4h candles for ANKRUSDT
[2m2026-01-29T07:26:18.941633Z[0m [32m INFO[0m [2mingestor_pairs::candles[0m[2m:[0m Loading 5m timeframe for RVNUSDT
[2m2026-01-29T07:26:18.944334Z[0m [32m INFO[0m [2mingestor_pairs::candles[0m[2m:[0m Loading 1m timeframe for RVNUSDT
[2m2026-01-29T07:26:19.356060Z[0m [32m INFO[0m [2mingestor_pairs::candles[0m[2m:[0m Inserted 33 5m candles for RVNUSDT
[2m2026-01-29T07:26:19.364589Z[0m [32m INFO[0m [2mingestor_pairs::candles[0m[2m:[0m Loading 15m timeframe for RVNUSDT
[2m2026-01-29T07:26:19.386647Z[0m [32m INFO[0m [2mingestor_pairs::candles[0m[2m:[0m Inserted 162 1m candles for RVNUSDT
[2m2026-01-29T07:26:19.398998Z[0m [32m INFO[0m [2mingestor_pairs::candles[0m[2m:[0m Loading 1h timeframe for RVNUSDT
[2m2026-01-29T07:26:19.761398Z[0m [32m INFO[0m [2mingestor_pairs::candles[0m[2m:[0m Inserted 11 15m candles for RVNUSDT
[2m2026-01-29T07:26:19.762207Z[0m [32m INFO[0m [2mingestor_pairs::candles[0m[2m:[0m Inserted 3 1h candles for RVNUSDT
[2m2026-01-29T07:26:19.770931Z[0m [32m INFO[0m [2mingestor_pairs::candles[0m[2m:[0m Loading 4h timeframe for RVNUSDT
[2m2026-01-29T07:26:19.773945Z[0m [32m INFO[0m [2mingestor_pairs::candles[0m[2m:[0m Loading 1d timeframe for RVNUSDT
[2m2026-01-29T07:26:20.265080Z[0m [32m INFO[0m [2mingestor_pairs::candles[0m[2m:[0m Inserted 0 4h candles for RVNUSDT
[2m2026-01-29T07:26:20.265159Z[0m [32m INFO[0m [2mingestor_pairs::candles[0m[2m:[0m Inserted 0 1d candles for RVNUSDT
[2m2026-01-29T07:26:20.274818Z[0m [32m INFO[0m [2mingestor_pairs::candles[0m[2m:[0m Loading 5m timeframe for COTIUSDT
[2m2026-01-29T07:26:20.278127Z[0m [32m INFO[0m [2mingestor_pairs::candles[0m[2m:[0m Loading 1m timeframe for COTIUSDT
[2m2026-01-29T07:26:20.706626Z[0m [32m INFO[0m [2mingestor_pairs::candles[0m[2m:[0m Inserted 700 5m candles for COTIUSDT
[2m2026-01-29T07:26:20.709750Z[0m [32m INFO[0m [2mingestor_pairs::candles[0m[2m:[0m Loading 15m timeframe for COTIUSDT
[2m2026-01-29T07:26:20.716426Z[0m [32m INFO[0m [2mingestor_pairs::candles[0m[2m:[0m Inserted 700 1m candles for COTIUSDT
[2m2026-01-29T07:26:20.723409Z[0m [32m INFO[0m [2mingestor_pairs::candles[0m[2m:[0m Loading 1h timeframe for COTIUSDT
[2m2026-01-29T07:26:21.143285Z[0m [32m INFO[0m [2mingestor_pairs::candles[0m[2m:[0m Inserted 700 15m candles for COTIUSDT
[2m2026-01-29T07:26:21.143364Z[0m [32m INFO[0m [2mingestor_pairs::candles[0m[2m:[0m Inserted 700 1h candles for COTIUSDT
[2m2026-01-29T07:26:21.150835Z[0m [32m INFO[0m [2mingestor_pairs::candles[0m[2m:[0m Loading 1d timeframe for COTIUSDT
[2m2026-01-29T07:26:21.152220Z[0m [32m INFO[0m [2mingestor_pairs::candles[0m[2m:[0m Loading 4h timeframe for COTIUSDT
[2m2026-01-29T07:26:21.553114Z[0m [32m INFO[0m [2mingestor_pairs::candles[0m[2m:[0m Inserted 700 4h candles for COTIUSDT
[2m2026-01-29T07:26:21.562454Z[0m [32m INFO[0m [2mingestor_pairs::candles[0m[2m:[0m Loading 1m timeframe for MANAUSDT
[2m2026-01-29T07:26:21.562967Z[0m [32m INFO[0m [2mingestor_pairs::candles[0m[2m:[0m Inserted 700 1d candles for COTIUSDT
[2m2026-01-29T07:26:21.579896Z[0m [32m INFO[0m [2mingestor_pairs::candles[0m[2m:[0m Loading 5m timeframe for MANAUSDT
[2m2026-01-29T07:26:21.912570Z[0m [32m INFO[0m [2mingestor_pairs::candles[0m[2m:[0m Inserted 33 5m candles for MANAUSDT
[2m2026-01-29T07:26:21.920754Z[0m [32m INFO[0m [2mingestor_pairs::candles[0m[2m:[0m Loading 15m timeframe for MANAUSDT
[2m2026-01-29T07:26:21.944964Z[0m [32m INFO[0m [2mingestor_pairs::candles[0m[2m:[0m Inserted 162 1m candles for MANAUSDT
[2m2026-01-29T07:26:21.956371Z[0m [32m INFO[0m [2mingestor_pairs::candles[0m[2m:[0m Loading 1h timeframe for MANAUSDT
[2m2026-01-29T07:26:22.320272Z[0m [32m INFO[0m [2mingestor_pairs::candles[0m[2m:[0m Inserted 10 15m candles for MANAUSDT
[2m2026-01-29T07:26:22.320951Z[0m [32m INFO[0m [2mingestor_pairs::candles[0m[2m:[0m Inserted 3 1h candles for MANAUSDT
[2m2026-01-29T07:26:22.329235Z[0m [32m INFO[0m [2mingestor_pairs::candles[0m[2m:[0m Loading 4h timeframe for MANAUSDT
[2m2026-01-29T07:26:22.330876Z[0m [32m INFO[0m [2mingestor_pairs::candles[0m[2m:[0m Loading 1d timeframe for MANAUSDT
[2m2026-01-29T07:26:22.824842Z[0m [32m INFO[0m [2mingestor_pairs::candles[0m[2m:[0m Inserted 0 1d candles for MANAUSDT
[2m2026-01-29T07:26:22.824878Z[0m [32m INFO[0m [2mingestor_pairs::candles[0m[2m:[0m Inserted 0 4h candles for MANAUSDT
[2m2026-01-29T07:26:22.834918Z[0m [32m INFO[0m [2mingestor_pairs::candles[0m[2m:[0m Loading 5m timeframe for ALICEUSDT
[2m2026-01-29T07:26:22.836833Z[0m [32m INFO[0m [2mingestor_pairs::candles[0m[2m:[0m Loading 1m timeframe for ALICEUSDT
[2m2026-01-29T07:26:23.237460Z[0m [32m INFO[0m [2mingestor_pairs::candles[0m[2m:[0m Inserted 33 5m candles for ALICEUSDT
[2m2026-01-29T07:26:23.240657Z[0m [32m INFO[0m [2mingestor_pairs::candles[0m[2m:[0m Loading 15m timeframe for ALICEUSDT
[2m2026-01-29T07:26:23.244752Z[0m [32m INFO[0m [2mingestor_pairs::candles[0m[2m:[0m Inserted 161 1m candles for ALICEUSDT
[2m2026-01-29T07:26:23.248913Z[0m [32m INFO[0m [2mingestor_pairs::candles[0m[2m:[0m Loading 1h timeframe for ALICEUSDT
[2m2026-01-29T07:26:23.654525Z[0m [32m INFO[0m [2mingestor_pairs::candles[0m[2m:[0m Inserted 11 15m candles for ALICEUSDT
[2m2026-01-29T07:26:23.655015Z[0m [32m INFO[0m [2mingestor_pairs::candles[0m[2m:[0m Inserted 3 1h candles for ALICEUSDT
[2m2026-01-29T07:26:23.664461Z[0m [32m INFO[0m [2mingestor_pairs::candles[0m[2m:[0m Loading 4h timeframe for ALICEUSDT
[2m2026-01-29T07:26:23.664708Z[0m [32m INFO[0m [2mingestor_pairs::candles[0m[2m:[0m Loading 1d timeframe for ALICEUSDT
[2m2026-01-29T07:26:24.053821Z[0m [32m INFO[0m [2mingestor_pairs::candles[0m[2m:[0m Inserted 0 4h candles for ALICEUSDT
[2m2026-01-29T07:26:24.053848Z[0m [32m INFO[0m [2mingestor_pairs::candles[0m[2m:[0m Inserted 0 1d candles for ALICEUSDT
[2m2026-01-29T07:26:24.065047Z[0m [32m INFO[0m [2mingestor_pairs::candles[0m[2m:[0m Loading 5m timeframe for HBARUSDT
[2m2026-01-29T07:26:24.065492Z[0m [32m INFO[0m [2mingestor_pairs::candles[0m[2m:[0m Loading 1m timeframe for HBARUSDT
[2m2026-01-29T07:26:24.475912Z[0m [32m INFO[0m [2mingestor_pairs::candles[0m[2m:[0m Inserted 32 5m candles for HBARUSDT
[2m2026-01-29T07:26:24.484671Z[0m [32m INFO[0m [2mingestor_pairs::candles[0m[2m:[0m Loading 15m timeframe for HBARUSDT
[2m2026-01-29T07:26:24.499550Z[0m [32m INFO[0m [2mingestor_pairs::candles[0m[2m:[0m Inserted 161 1m candles for HBARUSDT
[2m2026-01-29T07:26:24.509620Z[0m [32m INFO[0m [2mingestor_pairs::candles[0m[2m:[0m Loading 1h timeframe for HBARUSDT
[2m2026-01-29T07:26:24.879945Z[0m [32m INFO[0m [2mingestor_pairs::candles[0m[2m:[0m Inserted 10 15m candles for HBARUSDT
[2m2026-01-29T07:26:24.880650Z[0m [32m INFO[0m [2mingestor_pairs::candles[0m[2m:[0m Inserted 3 1h candles for HBARUSDT
[2m2026-01-29T07:26:24.889478Z[0m [32m INFO[0m [2mingestor_pairs::candles[0m[2m:[0m Loading 4h timeframe for HBARUSDT
[2m2026-01-29T07:26:24.894053Z[0m [32m INFO[0m [2mingestor_pairs::candles[0m[2m:[0m Loading 1d timeframe for HBARUSDT
[2m2026-01-29T07:26:25.281893Z[0m [32m INFO[0m [2mingestor_pairs::candles[0m[2m:[0m Inserted 0 4h candles for HBARUSDT
[2m2026-01-29T07:26:25.281924Z[0m [32m INFO[0m [2mingestor_pairs::candles[0m[2m:[0m Inserted 0 1d candles for HBARUSDT
[2m2026-01-29T07:26:25.290557Z[0m [32m INFO[0m [2mingestor_pairs::candles[0m[2m:[0m Loading 1m timeframe for ONEUSDT
[2m2026-01-29T07:26:25.292063Z[0m [32m INFO[0m [2mingestor_pairs::candles[0m[2m:[0m Loading 5m timeframe for ONEUSDT
[2m2026-01-29T07:26:25.732229Z[0m [32m INFO[0m [2mingestor_pairs::candles[0m[2m:[0m Inserted 700 5m candles for ONEUSDT
[2m2026-01-29T07:26:25.736012Z[0m [32m INFO[0m [2mingestor_pairs::candles[0m[2m:[0m Loading 15m timeframe for ONEUSDT
[2m2026-01-29T07:26:25.748348Z[0m [32m INFO[0m [2mingestor_pairs::candles[0m[2m:[0m Inserted 700 1m candles for ONEUSDT
[2m2026-01-29T07:26:25.752713Z[0m [32m INFO[0m [2mingestor_pairs::candles[0m[2m:[0m Loading 1h timeframe for ONEUSDT
[2m2026-01-29T07:26:26.143659Z[0m [32m INFO[0m [2mingestor_pairs::candles[0m[2m:[0m Inserted 700 15m candles for ONEUSDT
[2m2026-01-29T07:26:26.143856Z[0m [32m INFO[0m [2mingestor_pairs::candles[0m[2m:[0m Inserted 700 1h candles for ONEUSDT
[2m2026-01-29T07:26:26.147082Z[0m [32m INFO[0m [2mingestor_pairs::candles[0m[2m:[0m Loading 4h timeframe for ONEUSDT
[2m2026-01-29T07:26:26.147240Z[0m [32m INFO[0m [2mingestor_pairs::candles[0m[2m:[0m Loading 1d timeframe for ONEUSDT
[2m2026-01-29T07:26:26.556526Z[0m [32m INFO[0m [2mingestor_pairs::candles[0m[2m:[0m Inserted 700 4h candles for ONEUSDT
[2m2026-01-29T07:26:26.558791Z[0m [32m INFO[0m [2mingestor_pairs::candles[0m[2m:[0m Inserted 700 1d candles for ONEUSDT
[2m2026-01-29T07:26:26.559946Z[0m [32m INFO[0m [2mingestor_pairs::candles[0m[2m:[0m Loading 1m timeframe for 1000SHIBUSDT
[2m2026-01-29T07:26:26.562035Z[0m [32m INFO[0m [2mingestor_pairs::candles[0m[2m:[0m Loading 5m timeframe for 1000SHIBUSDT
[2m2026-01-29T07:26:26.932706Z[0m [32m INFO[0m [2mingestor_pairs::candles[0m[2m:[0m Inserted 32 5m candles for 1000SHIBUSDT
[2m2026-01-29T07:26:26.940720Z[0m [32m INFO[0m [2mingestor_pairs::candles[0m[2m:[0m Loading 15m timeframe for 1000SHIBUSDT
[2m2026-01-29T07:26:26.947722Z[0m [32m INFO[0m [2mingestor_pairs::candles[0m[2m:[0m Inserted 161 1m candles for 1000SHIBUSDT
[2m2026-01-29T07:26:26.951926Z[0m [32m INFO[0m [2mingestor_pairs::candles[0m[2m:[0m Loading 1h timeframe for 1000SHIBUSDT
[2m2026-01-29T07:26:27.441481Z[0m [32m INFO[0m [2mingestor_pairs::candles[0m[2m:[0m Inserted 10 15m candles for 1000SHIBUSDT
[2m2026-01-29T07:26:27.441916Z[0m [32m INFO[0m [2mingestor_pairs::candles[0m[2m:[0m Inserted 3 1h candles for 1000SHIBUSDT
[2m2026-01-29T07:26:27.449262Z[0m [32m INFO[0m [2mingestor_pairs::candles[0m[2m:[0m Loading 4h timeframe for 1000SHIBUSDT
[2m2026-01-29T07:26:27.450562Z[0m [32m INFO[0m [2mingestor_pairs::candles[0m[2m:[0m Loading 1d timeframe for 1000SHIBUSDT
[2m2026-01-29T07:26:27.843212Z[0m [32m INFO[0m [2mingestor_pairs::candles[0m[2m:[0m Inserted 0 1d candles for 1000SHIBUSDT
[2m2026-01-29T07:26:27.843303Z[0m [32m INFO[0m [2mingestor_pairs::candles[0m[2m:[0m Inserted 0 4h candles for 1000SHIBUSDT
[2m2026-01-29T07:26:27.853492Z[0m [32m INFO[0m [2mingestor_pairs::candles[0m[2m:[0m Loading 5m timeframe for GTCUSDT
[2m2026-01-29T07:26:27.854180Z[0m [32m INFO[0m [2mingestor_pairs::candles[0m[2m:[0m Loading 1m timeframe for GTCUSDT
[2m2026-01-29T07:26:28.172837Z[0m [32m INFO[0m [2mingestor_pairs::candles[0m[2m:[0m Inserted 32 5m candles for GTCUSDT
[2m2026-01-29T07:26:28.181945Z[0m [32m INFO[0m [2mingestor_pairs::candles[0m[2m:[0m Loading 15m timeframe for GTCUSDT
[2m2026-01-29T07:26:28.194929Z[0m [32m INFO[0m [2mingestor_pairs::candles[0m[2m:[0m Inserted 161 1m candles for GTCUSDT
[2m2026-01-29T07:26:28.205799Z[0m [32m INFO[0m [2mingestor_pairs::candles[0m[2m:[0m Loading 1h timeframe for GTCUSDT
[2m2026-01-29T07:26:28.565753Z[0m [32m INFO[0m [2mingestor_pairs::candles[0m[2m:[0m Inserted 10 15m candles for GTCUSDT
[2m2026-01-29T07:26:28.566104Z[0m [32m INFO[0m [2mingestor_pairs::candles[0m[2m:[0m Inserted 3 1h candles for GTCUSDT
[2m2026-01-29T07:26:28.575832Z[0m [32m INFO[0m [2mingestor_pairs::candles[0m[2m:[0m Loading 4h timeframe for GTCUSDT
[2m2026-01-29T07:26:28.577487Z[0m [32m INFO[0m [2mingestor_pairs::candles[0m[2m:[0m Loading 1d timeframe for GTCUSDT
[2m2026-01-29T07:26:28.968081Z[0m [32m INFO[0m [2mingestor_pairs::candles[0m[2m:[0m Inserted 0 1d candles for GTCUSDT
[2m2026-01-29T07:26:28.968145Z[0m [32m INFO[0m [2mingestor_pairs::candles[0m[2m:[0m Inserted 0 4h candles for GTCUSDT
[2m2026-01-29T07:26:28.977703Z[0m [32m INFO[0m [2mingestor_pairs::candles[0m[2m:[0m Loading 5m timeframe for MASKUSDT
[2m2026-01-29T07:26:28.978690Z[0m [32m INFO[0m [2mingestor_pairs::candles[0m[2m:[0m Loading 1m timeframe for MASKUSDT
[2m2026-01-29T07:26:29.484170Z[0m [32m INFO[0m [2mingestor_pairs::candles[0m[2m:[0m Inserted 32 5m candles for MASKUSDT
[2m2026-01-29T07:26:29.487642Z[0m [32m INFO[0m [2mingestor_pairs::candles[0m[2m:[0m Loading 15m timeframe for MASKUSDT
[2m2026-01-29T07:26:29.491435Z[0m [32m INFO[0m [2mingestor_pairs::candles[0m[2m:[0m Inserted 161 1m candles for MASKUSDT
[2m2026-01-29T07:26:29.495047Z[0m [32m INFO[0m [2mingestor_pairs::candles[0m[2m:[0m Loading 1h timeframe for MASKUSDT
[2m2026-01-29T07:26:29.896526Z[0m [32m INFO[0m [2mingestor_pairs::candles[0m[2m:[0m Inserted 10 15m candles for MASKUSDT
[2m2026-01-29T07:26:29.897027Z[0m [32m INFO[0m [2mingestor_pairs::candles[0m[2m:[0m Inserted 3 1h candles for MASKUSDT
[2m2026-01-29T07:26:29.905723Z[0m [32m INFO[0m [2mingestor_pairs::candles[0m[2m:[0m Loading 4h timeframe for MASKUSDT
[2m2026-01-29T07:26:29.908924Z[0m [32m INFO[0m [2mingestor_pairs::candles[0m[2m:[0m Loading 5m timeframe for PEOPLEUSDT
[2m2026-01-29T07:26:30.300299Z[0m [32m INFO[0m [2mingestor_pairs::candles[0m[2m:[0m Inserted 0 4h candles for MASKUSDT
[2m2026-01-29T07:26:30.309740Z[0m [32m INFO[0m [2mingestor_pairs::candles[0m[2m:[0m Loading 1d timeframe for MASKUSDT
[2m2026-01-29T07:26:30.310000Z[0m [32m INFO[0m [2mingestor_pairs::candles[0m[2m:[0m Inserted 32 5m candles for PEOPLEUSDT
[2m2026-01-29T07:26:30.331304Z[0m [32m INFO[0m [2mingestor_pairs::candles[0m[2m:[0m Loading 1m timeframe for DYDXUSDT
[2m2026-01-29T07:26:30.710260Z[0m [32m INFO[0m [2mingestor_pairs::candles[0m[2m:[0m Inserted 0 1d candles for MASKUSDT
[2m2026-01-29T07:26:30.719204Z[0m [32m INFO[0m [2mingestor_pairs::candles[0m[2m:[0m Loading 5m timeframe for DYDXUSDT
[2m2026-01-29T07:26:30.746783Z[0m [32m INFO[0m [2mingestor_pairs::candles[0m[2m:[0m Inserted 161 1m candles for DYDXUSDT
[2m2026-01-29T07:26:30.758469Z[0m [32m INFO[0m [2mingestor_pairs::candles[0m[2m:[0m Loading 15m timeframe for DYDXUSDT
[2m2026-01-29T07:26:31.127928Z[0m [32m INFO[0m [2mingestor_pairs::candles[0m[2m:[0m Inserted 10 15m candles for DYDXUSDT
[2m2026-01-29T07:26:31.129679Z[0m [32m INFO[0m [2mingestor_pairs::candles[0m[2m:[0m Inserted 32 5m candles for DYDXUSDT
[2m2026-01-29T07:26:31.139203Z[0m [32m INFO[0m [2mingestor_pairs::candles[0m[2m:[0m Loading 1h timeframe for DYDXUSDT
[2m2026-01-29T07:26:31.145584Z[0m [32m INFO[0m [2mingestor_pairs::candles[0m[2m:[0m Loading 4h timeframe for DYDXUSDT
[2m2026-01-29T07:26:31.528892Z[0m [32m INFO[0m [2mingestor_pairs::candles[0m[2m:[0m Inserted 0 4h candles for DYDXUSDT
[2m2026-01-29T07:26:31.535610Z[0m [32m INFO[0m [2mingestor_pairs::candles[0m[2m:[0m Inserted 3 1h candles for DYDXUSDT
[2m2026-01-29T07:26:31.537263Z[0m [32m INFO[0m [2mingestor_pairs::candles[0m[2m:[0m Loading 1d timeframe for DYDXUSDT
[2m2026-01-29T07:26:31.545165Z[0m [32m INFO[0m [2mingestor_pairs::candles[0m[2m:[0m Loading 1m timeframe for GALAUSDT
[2m2026-01-29T07:26:31.939496Z[0m [32m INFO[0m [2mingestor_pairs::candles[0m[2m:[0m Inserted 0 1d candles for DYDXUSDT
[2m2026-01-29T07:26:31.949276Z[0m [32m INFO[0m [2mingestor_pairs::candles[0m[2m:[0m Loading 5m timeframe for GALAUSDT
[2m2026-01-29T07:26:31.975248Z[0m [32m INFO[0m [2mingestor_pairs::candles[0m[2m:[0m Inserted 161 1m candles for GALAUSDT
[2m2026-01-29T07:26:31.984528Z[0m [32m INFO[0m [2mingestor_pairs::candles[0m[2m:[0m Loading 15m timeframe for GALAUSDT
[2m2026-01-29T07:26:32.461109Z[0m [32m INFO[0m [2mingestor_pairs::candles[0m[2m:[0m Inserted 10 15m candles for GALAUSDT
[2m2026-01-29T07:26:32.462809Z[0m [32m INFO[0m [2mingestor_pairs::candles[0m[2m:[0m Inserted 32 5m candles for GALAUSDT
[2m2026-01-29T07:26:32.469280Z[0m [32m INFO[0m [2mingestor_pairs::candles[0m[2m:[0m Loading 1h timeframe for GALAUSDT
[2m2026-01-29T07:26:32.471945Z[0m [32m INFO[0m [2mingestor_pairs::candles[0m[2m:[0m Loading 4h timeframe for GALAUSDT
[2m2026-01-29T07:26:32.860152Z[0m [32m INFO[0m [2mingestor_pairs::candles[0m[2m:[0m Inserted 0 4h candles for GALAUSDT
[2m2026-01-29T07:26:32.868640Z[0m [32m INFO[0m [2mingestor_pairs::candles[0m[2m:[0m Inserted 3 1h candles for GALAUSDT
[2m2026-01-29T07:26:32.869840Z[0m [32m INFO[0m [2mingestor_pairs::candles[0m[2m:[0m Loading 1d timeframe for GALAUSDT
[2m2026-01-29T07:26:32.887239Z[0m [32m INFO[0m [2mingestor_pairs::candles[0m[2m:[0m Loading 1m timeframe for CELOUSDT
[2m2026-01-29T07:26:33.270754Z[0m [32m INFO[0m [2mingestor_pairs::candles[0m[2m:[0m Inserted 0 1d candles for GALAUSDT
[2m2026-01-29T07:26:33.281136Z[0m [32m INFO[0m [2mingestor_pairs::candles[0m[2m:[0m Loading 5m timeframe for CELOUSDT
[2m2026-01-29T07:26:33.311308Z[0m [32m INFO[0m [2mingestor_pairs::candles[0m[2m:[0m Inserted 161 1m candles for CELOUSDT
[2m2026-01-29T07:26:33.329398Z[0m [32m INFO[0m [2mingestor_pairs::candles[0m[2m:[0m Loading 15m timeframe for CELOUSDT
[2m2026-01-29T07:26:33.686893Z[0m [32m INFO[0m [2mingestor_pairs::candles[0m[2m:[0m Inserted 10 15m candles for CELOUSDT
[2m2026-01-29T07:26:33.688751Z[0m [32m INFO[0m [2mingestor_pairs::candles[0m[2m:[0m Inserted 32 5m candles for CELOUSDT
[2m2026-01-29T07:26:33.695865Z[0m [32m INFO[0m [2mingestor_pairs::candles[0m[2m:[0m Loading 1h timeframe for CELOUSDT
[2m2026-01-29T07:26:33.697431Z[0m [32m INFO[0m [2mingestor_pairs::candles[0m[2m:[0m Loading 4h timeframe for CELOUSDT
[2m2026-01-29T07:26:34.089699Z[0m [32m INFO[0m [2mingestor_pairs::candles[0m[2m:[0m Inserted 0 4h candles for CELOUSDT
[2m2026-01-29T07:26:34.098013Z[0m [32m INFO[0m [2mingestor_pairs::candles[0m[2m:[0m Inserted 3 1h candles for CELOUSDT
[2m2026-01-29T07:26:34.099795Z[0m [32m INFO[0m [2mingestor_pairs::candles[0m[2m:[0m Loading 1d timeframe for CELOUSDT
[2m2026-01-29T07:26:34.115136Z[0m [32m INFO[0m [2mingestor_pairs::candles[0m[2m:[0m Loading 1m timeframe for ARUSDT
[2m2026-01-29T07:26:34.498309Z[0m [32m INFO[0m [2mingestor_pairs::candles[0m[2m:[0m Inserted 0 1d candles for CELOUSDT
[2m2026-01-29T07:26:34.509547Z[0m [32m INFO[0m [2mingestor_pairs::candles[0m[2m:[0m Loading 5m timeframe for ARUSDT
[2m2026-01-29T07:26:34.548436Z[0m [32m INFO[0m [2mingestor_pairs::candles[0m[2m:[0m Inserted 161 1m candles for ARUSDT
[2m2026-01-29T07:26:34.564305Z[0m [32m INFO[0m [2mingestor_pairs::candles[0m[2m:[0m Loading 15m timeframe for ARUSDT
[2m2026-01-29T07:26:34.917447Z[0m [32m INFO[0m [2mingestor_pairs::candles[0m[2m:[0m Inserted 10 15m candles for ARUSDT
[2m2026-01-29T07:26:34.918536Z[0m [32m INFO[0m [2mingestor_pairs::candles[0m[2m:[0m Inserted 32 5m candles for ARUSDT
[2m2026-01-29T07:26:34.927557Z[0m [32m INFO[0m [2mingestor_pairs::candles[0m[2m:[0m Loading 4h timeframe for ARUSDT
[2m2026-01-29T07:26:34.930005Z[0m [32m INFO[0m [2mingestor_pairs::candles[0m[2m:[0m Loading 1h timeframe for ARUSDT
[2m2026-01-29T07:26:35.317444Z[0m [32m INFO[0m [2mingestor_pairs::candles[0m[2m:[0m Inserted 0 4h candles for ARUSDT
[2m2026-01-29T07:26:35.325788Z[0m [32m INFO[0m [2mingestor_pairs::candles[0m[2m:[0m Inserted 3 1h candles for ARUSDT
[2m2026-01-29T07:26:35.328029Z[0m [32m INFO[0m [2mingestor_pairs::candles[0m[2m:[0m Loading 1d timeframe for ARUSDT
[2m2026-01-29T07:26:35.345575Z[0m [32m INFO[0m [2mingestor_pairs::candles[0m[2m:[0m Loading 1m timeframe for ARPAUSDT
[2m2026-01-29T07:26:35.727568Z[0m [32m INFO[0m [2mingestor_pairs::candles[0m[2m:[0m Inserted 0 1d candles for ARUSDT
[2m2026-01-29T07:26:35.732420Z[0m [32m INFO[0m [2mingestor_pairs::candles[0m[2m:[0m Loading 5m timeframe for ARPAUSDT
[2m2026-01-29T07:26:35.743074Z[0m [32m INFO[0m [2mingestor_pairs::candles[0m[2m:[0m Inserted 161 1m candles for ARPAUSDT
[2m2026-01-29T07:26:35.747640Z[0m [32m INFO[0m [2mingestor_pairs::candles[0m[2m:[0m Loading 15m timeframe for ARPAUSDT
[2m2026-01-29T07:26:36.145850Z[0m [32m INFO[0m [2mingestor_pairs::candles[0m[2m:[0m Inserted 10 15m candles for ARPAUSDT
[2m2026-01-29T07:26:36.148498Z[0m [32m INFO[0m [2mingestor_pairs::candles[0m[2m:[0m Inserted 32 5m candles for ARPAUSDT
[2m2026-01-29T07:26:36.155479Z[0m [32m INFO[0m [2mingestor_pairs::candles[0m[2m:[0m Loading 1h timeframe for ARPAUSDT
[2m2026-01-29T07:26:36.159521Z[0m [32m INFO[0m [2mingestor_pairs::candles[0m[2m:[0m Loading 4h timeframe for ARPAUSDT
[2m2026-01-29T07:26:36.547458Z[0m [32m INFO[0m [2mingestor_pairs::candles[0m[2m:[0m Inserted 0 4h candles for ARPAUSDT
[2m2026-01-29T07:26:36.555303Z[0m [32m INFO[0m [2mingestor_pairs::candles[0m[2m:[0m Inserted 3 1h candles for ARPAUSDT
[2m2026-01-29T07:26:36.558761Z[0m [32m INFO[0m [2mingestor_pairs::candles[0m[2m:[0m Loading 1d timeframe for ARPAUSDT
[2m2026-01-29T07:26:36.566216Z[0m [32m INFO[0m [2mingestor_pairs::candles[0m[2m:[0m Loading 1m timeframe for LPTUSDT
[2m2026-01-29T07:26:36.956401Z[0m [32m INFO[0m [2mingestor_pairs::candles[0m[2m:[0m Inserted 0 1d candles for ARPAUSDT
[2m2026-01-29T07:26:36.967657Z[0m [32m INFO[0m [2mingestor_pairs::candles[0m[2m:[0m Loading 5m timeframe for LPTUSDT
[2m2026-01-29T07:26:36.989260Z[0m [32m INFO[0m [2mingestor_pairs::candles[0m[2m:[0m Inserted 161 1m candles for LPTUSDT
[2m2026-01-29T07:26:36.996962Z[0m [32m INFO[0m [2mingestor_pairs::candles[0m[2m:[0m Loading 15m timeframe for LPTUSDT
[2m2026-01-29T07:26:37.371007Z[0m [32m INFO[0m [2mingestor_pairs::candles[0m[2m:[0m Inserted 10 15m candles for LPTUSDT
[2m2026-01-29T07:26:37.371926Z[0m [32m INFO[0m [2mingestor_pairs::candles[0m[2m:[0m Inserted 32 5m candles for LPTUSDT
[2m2026-01-29T07:26:37.375076Z[0m [32m INFO[0m [2mingestor_pairs::candles[0m[2m:[0m Loading 1h timeframe for LPTUSDT
[2m2026-01-29T07:26:37.375643Z[0m [32m INFO[0m [2mingestor_pairs::candles[0m[2m:[0m Loading 4h timeframe for LPTUSDT
[2m2026-01-29T07:26:37.774774Z[0m [32m INFO[0m [2mingestor_pairs::candles[0m[2m:[0m Inserted 0 4h candles for LPTUSDT
[2m2026-01-29T07:26:37.777327Z[0m [32m INFO[0m [2mingestor_pairs::candles[0m[2m:[0m Inserted 3 1h candles for LPTUSDT
[2m2026-01-29T07:26:37.778024Z[0m [32m INFO[0m [2mingestor_pairs::candles[0m[2m:[0m Loading 1d timeframe for LPTUSDT
[2m2026-01-29T07:26:37.780621Z[0m [32m INFO[0m [2mingestor_pairs::candles[0m[2m:[0m Loading 1m timeframe for ENSUSDT
[2m2026-01-29T07:26:38.178298Z[0m [32m INFO[0m [2mingestor_pairs::candles[0m[2m:[0m Inserted 161 1m candles for ENSUSDT
[2m2026-01-29T07:26:38.181868Z[0m [32m INFO[0m [2mingestor_pairs::candles[0m[2m:[0m Loading 5m timeframe for ENSUSDT
[2m2026-01-29T07:26:38.487926Z[0m [32m INFO[0m [2mingestor_pairs::candles[0m[2m:[0m Inserted 32 5m candles for ENSUSDT
[2m2026-01-29T07:26:38.497002Z[0m [32m INFO[0m [2mingestor_pairs::candles[0m[2m:[0m Loading 15m timeframe for ENSUSDT
[2m2026-01-29T07:26:38.698668Z[0m [32m INFO[0m [2mingestor_pairs::candles[0m[2m:[0m Inserted 0 1d candles for LPTUSDT
[2m2026-01-29T07:26:38.708405Z[0m [32m INFO[0m [2mingestor_pairs::candles[0m[2m:[0m Loading 1h timeframe for ENSUSDT
[2m2026-01-29T07:26:38.802231Z[0m [32m INFO[0m [2mingestor_pairs::candles[0m[2m:[0m Inserted 10 15m candles for ENSUSDT
[2m2026-01-29T07:26:38.806689Z[0m [32m INFO[0m [2mingestor_pairs::candles[0m[2m:[0m Loading 4h timeframe for ENSUSDT
[2m2026-01-29T07:26:39.107198Z[0m [32m INFO[0m [2mingestor_pairs::candles[0m[2m:[0m Inserted 0 4h candles for ENSUSDT
[2m2026-01-29T07:26:39.114847Z[0m [32m INFO[0m [2mingestor_pairs::candles[0m[2m:[0m Inserted 3 1h candles for ENSUSDT
[2m2026-01-29T07:26:39.116747Z[0m [32m INFO[0m [2mingestor_pairs::candles[0m[2m:[0m Loading 1d timeframe for ENSUSDT
[2m2026-01-29T07:26:39.125639Z[0m [32m INFO[0m [2mingestor_pairs::candles[0m[2m:[0m Loading 1m timeframe for PEOPLEUSDT
[2m2026-01-29T07:26:39.515712Z[0m [32m INFO[0m [2mingestor_pairs::candles[0m[2m:[0m Inserted 0 1d candles for ENSUSDT
[2m2026-01-29T07:26:39.525266Z[0m [32m INFO[0m [2mingestor_pairs::candles[0m[2m:[0m Loading 15m timeframe for PEOPLEUSDT
[2m2026-01-29T07:26:39.555383Z[0m [32m INFO[0m [2mingestor_pairs::candles[0m[2m:[0m Inserted 161 1m candles for PEOPLEUSDT
[2m2026-01-29T07:26:39.566304Z[0m [32m INFO[0m [2mingestor_pairs::candles[0m[2m:[0m Loading 1h timeframe for PEOPLEUSDT
[2m2026-01-29T07:26:39.933385Z[0m [32m INFO[0m [2mingestor_pairs::candles[0m[2m:[0m Inserted 10 15m candles for PEOPLEUSDT
[2m2026-01-29T07:26:39.933912Z[0m [32m INFO[0m [2mingestor_pairs::candles[0m[2m:[0m Inserted 3 1h candles for PEOPLEUSDT
[2m2026-01-29T07:26:39.943797Z[0m [32m INFO[0m [2mingestor_pairs::candles[0m[2m:[0m Loading 4h timeframe for PEOPLEUSDT
[2m2026-01-29T07:26:39.944379Z[0m [32m INFO[0m [2mingestor_pairs::candles[0m[2m:[0m Loading 1d timeframe for PEOPLEUSDT
[2m2026-01-29T07:26:40.336769Z[0m [32m INFO[0m [2mingestor_pairs::candles[0m[2m:[0m Inserted 0 1d candles for PEOPLEUSDT
[2m2026-01-29T07:26:40.336799Z[0m [32m INFO[0m [2mingestor_pairs::candles[0m[2m:[0m Inserted 0 4h candles for PEOPLEUSDT
[2m2026-01-29T07:26:40.346408Z[0m [32m INFO[0m [2mingestor_pairs::candles[0m[2m:[0m Loading 5m timeframe for ROSEUSDT
[2m2026-01-29T07:26:40.348156Z[0m [32m INFO[0m [2mingestor_pairs::candles[0m[2m:[0m Loading 1m timeframe for ROSEUSDT
[2m2026-01-29T07:26:40.663176Z[0m [32m INFO[0m [2mingestor_pairs::candles[0m[2m:[0m Inserted 32 5m candles for ROSEUSDT
[2m2026-01-29T07:26:40.670554Z[0m [32m INFO[0m [2mingestor_pairs::candles[0m[2m:[0m Loading 15m timeframe for ROSEUSDT
[2m2026-01-29T07:26:40.696490Z[0m [32m INFO[0m [2mingestor_pairs::candles[0m[2m:[0m Inserted 161 1m candles for ROSEUSDT
[2m2026-01-29T07:26:40.709829Z[0m [32m INFO[0m [2mingestor_pairs::candles[0m[2m:[0m Loading 1h timeframe for ROSEUSDT
[2m2026-01-29T07:26:41.059720Z[0m [32m INFO[0m [2mingestor_pairs::candles[0m[2m:[0m Inserted 10 15m candles for ROSEUSDT
[2m2026-01-29T07:26:41.060206Z[0m [32m INFO[0m [2mingestor_pairs::candles[0m[2m:[0m Inserted 3 1h candles for ROSEUSDT
[2m2026-01-29T07:26:41.069157Z[0m [32m INFO[0m [2mingestor_pairs::candles[0m[2m:[0m Loading 4h timeframe for ROSEUSDT
[2m2026-01-29T07:26:41.074059Z[0m [32m INFO[0m [2mingestor_pairs::candles[0m[2m:[0m Loading 1d timeframe for ROSEUSDT
[2m2026-01-29T07:26:41.461650Z[0m [32m INFO[0m [2mingestor_pairs::candles[0m[2m:[0m Inserted 0 1d candles for ROSEUSDT
[2m2026-01-29T07:26:41.461889Z[0m [32m INFO[0m [2mingestor_pairs::candles[0m[2m:[0m Inserted 0 4h candles for ROSEUSDT
[2m2026-01-29T07:26:41.471357Z[0m [32m INFO[0m [2mingestor_pairs::candles[0m[2m:[0m Loading 1m timeframe for DUSKUSDT
[2m2026-01-29T07:26:41.476327Z[0m [32m INFO[0m [2mingestor_pairs::candles[0m[2m:[0m Loading 5m timeframe for DUSKUSDT
[2m2026-01-29T07:26:41.879506Z[0m [32m INFO[0m [2mingestor_pairs::candles[0m[2m:[0m Inserted 32 5m candles for DUSKUSDT
[2m2026-01-29T07:26:41.889319Z[0m [32m INFO[0m [2mingestor_pairs::candles[0m[2m:[0m Loading 15m timeframe for DUSKUSDT
[2m2026-01-29T07:26:41.905805Z[0m [32m INFO[0m [2mingestor_pairs::candles[0m[2m:[0m Inserted 161 1m candles for DUSKUSDT
[2m2026-01-29T07:26:41.926650Z[0m [32m INFO[0m [2mingestor_pairs::candles[0m[2m:[0m Loading 1h timeframe for DUSKUSDT
[2m2026-01-29T07:26:42.288699Z[0m [32m INFO[0m [2mingestor_pairs::candles[0m[2m:[0m Inserted 10 15m candles for DUSKUSDT
[2m2026-01-29T07:26:42.289188Z[0m [32m INFO[0m [2mingestor_pairs::candles[0m[2m:[0m Inserted 3 1h candles for DUSKUSDT
[2m2026-01-29T07:26:42.299554Z[0m [32m INFO[0m [2mingestor_pairs::candles[0m[2m:[0m Loading 4h timeframe for DUSKUSDT
[2m2026-01-29T07:26:42.301318Z[0m [32m INFO[0m [2mingestor_pairs::candles[0m[2m:[0m Loading 1d timeframe for DUSKUSDT
[2m2026-01-29T07:26:42.690469Z[0m [32m INFO[0m [2mingestor_pairs::candles[0m[2m:[0m Inserted 0 1d candles for DUSKUSDT
[2m2026-01-29T07:26:42.690469Z[0m [32m INFO[0m [2mingestor_pairs::candles[0m[2m:[0m Inserted 0 4h candles for DUSKUSDT
[2m2026-01-29T07:26:42.701070Z[0m [32m INFO[0m [2mingestor_pairs::candles[0m[2m:[0m Loading 1m timeframe for FLOWUSDT
[2m2026-01-29T07:26:42.702746Z[0m [32m INFO[0m [2mingestor_pairs::candles[0m[2m:[0m Loading 5m timeframe for FLOWUSDT
[2m2026-01-29T07:26:43.109384Z[0m [32m INFO[0m [2mingestor_pairs::candles[0m[2m:[0m Inserted 32 5m candles for FLOWUSDT
[2m2026-01-29T07:26:43.118630Z[0m [32m INFO[0m [2mingestor_pairs::candles[0m[2m:[0m Loading 15m timeframe for FLOWUSDT
[2m2026-01-29T07:26:43.135542Z[0m [32m INFO[0m [2mingestor_pairs::candles[0m[2m:[0m Inserted 161 1m candles for FLOWUSDT
[2m2026-01-29T07:26:43.155538Z[0m [32m INFO[0m [2mingestor_pairs::candles[0m[2m:[0m Loading 1h timeframe for FLOWUSDT
[2m2026-01-29T07:26:43.516936Z[0m [32m INFO[0m [2mingestor_pairs::candles[0m[2m:[0m Inserted 10 15m candles for FLOWUSDT
[2m2026-01-29T07:26:43.517732Z[0m [32m INFO[0m [2mingestor_pairs::candles[0m[2m:[0m Inserted 3 1h candles for FLOWUSDT
[2m2026-01-29T07:26:43.526379Z[0m [32m INFO[0m [2mingestor_pairs::candles[0m[2m:[0m Loading 4h timeframe for FLOWUSDT
[2m2026-01-29T07:26:43.528104Z[0m [32m INFO[0m [2mingestor_pairs::candles[0m[2m:[0m Loading 5m timeframe for APEUSDT
[2m2026-01-29T07:26:43.920242Z[0m [32m INFO[0m [2mingestor_pairs::candles[0m[2m:[0m Inserted 0 4h candles for FLOWUSDT
[2m2026-01-29T07:26:43.929437Z[0m [32m INFO[0m [2mingestor_pairs::candles[0m[2m:[0m Loading 1d timeframe for FLOWUSDT
[2m2026-01-29T07:26:43.929519Z[0m [32m INFO[0m [2mingestor_pairs::candles[0m[2m:[0m Inserted 32 5m candles for APEUSDT
[2m2026-01-29T07:26:43.938299Z[0m [32m INFO[0m [2mingestor_pairs::candles[0m[2m:[0m Loading 1m timeframe for IMXUSDT
[2m2026-01-29T07:26:44.329690Z[0m [32m INFO[0m [2mingestor_pairs::candles[0m[2m:[0m Inserted 0 1d candles for FLOWUSDT
[2m2026-01-29T07:26:44.339116Z[0m [32m INFO[0m [2mingestor_pairs::candles[0m[2m:[0m Loading 5m timeframe for IMXUSDT
[2m2026-01-29T07:26:44.366366Z[0m [32m INFO[0m [2mingestor_pairs::candles[0m[2m:[0m Inserted 161 1m candles for IMXUSDT
[2m2026-01-29T07:26:44.383891Z[0m [32m INFO[0m [2mingestor_pairs::candles[0m[2m:[0m Loading 15m timeframe for IMXUSDT
[2m2026-01-29T07:26:44.746641Z[0m [32m INFO[0m [2mingestor_pairs::candles[0m[2m:[0m Inserted 10 15m candles for IMXUSDT
[2m2026-01-29T07:26:44.747907Z[0m [32m INFO[0m [2mingestor_pairs::candles[0m[2m:[0m Inserted 32 5m candles for IMXUSDT
[2m2026-01-29T07:26:44.756910Z[0m [32m INFO[0m [2mingestor_pairs::candles[0m[2m:[0m Loading 1h timeframe for IMXUSDT
[2m2026-01-29T07:26:44.758428Z[0m [32m INFO[0m [2mingestor_pairs::candles[0m[2m:[0m Loading 4h timeframe for IMXUSDT
[2m2026-01-29T07:26:45.149035Z[0m [32m INFO[0m [2mingestor_pairs::candles[0m[2m:[0m Inserted 0 4h candles for IMXUSDT
[2m2026-01-29T07:26:45.158672Z[0m [32m INFO[0m [2mingestor_pairs::candles[0m[2m:[0m Loading 1d timeframe for IMXUSDT
[2m2026-01-29T07:26:45.158965Z[0m [32m INFO[0m [2mingestor_pairs::candles[0m[2m:[0m Inserted 3 1h candles for IMXUSDT
[2m2026-01-29T07:26:45.170614Z[0m [32m INFO[0m [2mingestor_pairs::candles[0m[2m:[0m Loading 1m timeframe for API3USDT
[2m2026-01-29T07:26:45.557842Z[0m [32m INFO[0m [2mingestor_pairs::candles[0m[2m:[0m Inserted 0 1d candles for IMXUSDT
[2m2026-01-29T07:26:45.568198Z[0m [32m INFO[0m [2mingestor_pairs::candles[0m[2m:[0m Loading 5m timeframe for API3USDT
[2m2026-01-29T07:26:45.596518Z[0m [32m INFO[0m [2mingestor_pairs::candles[0m[2m:[0m Inserted 161 1m candles for API3USDT
[2m2026-01-29T07:26:45.607586Z[0m [32m INFO[0m [2mingestor_pairs::candles[0m[2m:[0m Loading 15m timeframe for API3USDT
[2m2026-01-29T07:26:45.974457Z[0m [32m INFO[0m [2mingestor_pairs::candles[0m[2m:[0m Inserted 10 15m candles for API3USDT
[2m2026-01-29T07:26:45.976409Z[0m [32m INFO[0m [2mingestor_pairs::candles[0m[2m:[0m Inserted 32 5m candles for API3USDT
[2m2026-01-29T07:26:45.984209Z[0m [32m INFO[0m [2mingestor_pairs::candles[0m[2m:[0m Loading 1h timeframe for API3USDT
[2m2026-01-29T07:26:45.989131Z[0m [32m INFO[0m [2mingestor_pairs::candles[0m[2m:[0m Loading 4h timeframe for API3USDT
[2m2026-01-29T07:26:46.377855Z[0m [32m INFO[0m [2mingestor_pairs::candles[0m[2m:[0m Inserted 0 4h candles for API3USDT
[2m2026-01-29T07:26:46.385612Z[0m [32m INFO[0m [2mingestor_pairs::candles[0m[2m:[0m Inserted 3 1h candles for API3USDT
[2m2026-01-29T07:26:46.388095Z[0m [32m INFO[0m [2mingestor_pairs::candles[0m[2m:[0m Loading 1d timeframe for API3USDT
[2m2026-01-29T07:26:46.403055Z[0m [32m INFO[0m [2mingestor_pairs::candles[0m[2m:[0m Loading 1m timeframe for GMTUSDT
[2m2026-01-29T07:26:46.786607Z[0m [32m INFO[0m [2mingestor_pairs::candles[0m[2m:[0m Inserted 0 1d candles for API3USDT
[2m2026-01-29T07:26:46.796178Z[0m [32m INFO[0m [2mingestor_pairs::candles[0m[2m:[0m Loading 5m timeframe for GMTUSDT
[2m2026-01-29T07:26:46.824319Z[0m [32m INFO[0m [2mingestor_pairs::candles[0m[2m:[0m Inserted 161 1m candles for GMTUSDT
[2m2026-01-29T07:26:46.834428Z[0m [32m INFO[0m [2mingestor_pairs::candles[0m[2m:[0m Loading 15m timeframe for GMTUSDT
[2m2026-01-29T07:26:47.203803Z[0m [32m INFO[0m [2mingestor_pairs::candles[0m[2m:[0m Inserted 10 15m candles for GMTUSDT
[2m2026-01-29T07:26:47.205581Z[0m [32m INFO[0m [2mingestor_pairs::candles[0m[2m:[0m Inserted 32 5m candles for GMTUSDT
[2m2026-01-29T07:26:47.213750Z[0m [32m INFO[0m [2mingestor_pairs::candles[0m[2m:[0m Loading 1h timeframe for GMTUSDT
[2m2026-01-29T07:26:47.215279Z[0m [32m INFO[0m [2mingestor_pairs::candles[0m[2m:[0m Loading 4h timeframe for GMTUSDT
[2m2026-01-29T07:26:47.605630Z[0m [32m INFO[0m [2mingestor_pairs::candles[0m[2m:[0m Inserted 0 4h candles for GMTUSDT
[2m2026-01-29T07:26:47.613434Z[0m [32m INFO[0m [2mingestor_pairs::candles[0m[2m:[0m Inserted 3 1h candles for GMTUSDT
[2m2026-01-29T07:26:47.615530Z[0m [32m INFO[0m [2mingestor_pairs::candles[0m[2m:[0m Loading 1d timeframe for GMTUSDT
[2m2026-01-29T07:26:47.631694Z[0m [32m INFO[0m [2mingestor_pairs::candles[0m[2m:[0m Loading 1m timeframe for APEUSDT
[2m2026-01-29T07:26:48.017165Z[0m [32m INFO[0m [2mingestor_pairs::candles[0m[2m:[0m Inserted 0 1d candles for GMTUSDT
[2m2026-01-29T07:26:48.029184Z[0m [32m INFO[0m [2mingestor_pairs::candles[0m[2m:[0m Loading 15m timeframe for APEUSDT
[2m2026-01-29T07:26:48.058992Z[0m [32m INFO[0m [2mingestor_pairs::candles[0m[2m:[0m Inserted 161 1m candles for APEUSDT
[2m2026-01-29T07:26:48.071490Z[0m [32m INFO[0m [2mingestor_pairs::candles[0m[2m:[0m Loading 1h timeframe for APEUSDT
[2m2026-01-29T07:26:48.432557Z[0m [32m INFO[0m [2mingestor_pairs::candles[0m[2m:[0m Inserted 10 15m candles for APEUSDT
[2m2026-01-29T07:26:48.433335Z[0m [32m INFO[0m [2mingestor_pairs::candles[0m[2m:[0m Inserted 3 1h candles for APEUSDT
[2m2026-01-29T07:26:48.442689Z[0m [32m INFO[0m [2mingestor_pairs::candles[0m[2m:[0m Loading 4h timeframe for APEUSDT
[2m2026-01-29T07:26:48.443149Z[0m [32m INFO[0m [2mingestor_pairs::candles[0m[2m:[0m Loading 1d timeframe for APEUSDT
[2m2026-01-29T07:26:48.834697Z[0m [32m INFO[0m [2mingestor_pairs::candles[0m[2m:[0m Inserted 0 1d candles for APEUSDT
[2m2026-01-29T07:26:48.834721Z[0m [32m INFO[0m [2mingestor_pairs::candles[0m[2m:[0m Inserted 0 4h candles for APEUSDT
[2m2026-01-29T07:26:48.845243Z[0m [32m INFO[0m [2mingestor_pairs::candles[0m[2m:[0m Loading 1m timeframe for JASMYUSDT
[2m2026-01-29T07:26:48.847203Z[0m [32m INFO[0m [2mingestor_pairs::candles[0m[2m:[0m Loading 5m timeframe for JASMYUSDT
[2m2026-01-29T07:26:49.253852Z[0m [32m INFO[0m [2mingestor_pairs::candles[0m[2m:[0m Inserted 32 5m candles for JASMYUSDT
[2m2026-01-29T07:26:49.262709Z[0m [32m INFO[0m [2mingestor_pairs::candles[0m[2m:[0m Loading 15m timeframe for JASMYUSDT
[2m2026-01-29T07:26:49.277943Z[0m [32m INFO[0m [2mingestor_pairs::candles[0m[2m:[0m Inserted 161 1m candles for JASMYUSDT
[2m2026-01-29T07:26:49.290034Z[0m [32m INFO[0m [2mingestor_pairs::candles[0m[2m:[0m Loading 1h timeframe for JASMYUSDT
[2m2026-01-29T07:26:49.661735Z[0m [32m INFO[0m [2mingestor_pairs::candles[0m[2m:[0m Inserted 10 15m candles for JASMYUSDT
[2m2026-01-29T07:26:49.662398Z[0m [32m INFO[0m [2mingestor_pairs::candles[0m[2m:[0m Inserted 3 1h candles for JASMYUSDT
[2m2026-01-29T07:26:49.670912Z[0m [32m INFO[0m [2mingestor_pairs::candles[0m[2m:[0m Loading 4h timeframe for JASMYUSDT
[2m2026-01-29T07:26:49.672687Z[0m [32m INFO[0m [2mingestor_pairs::candles[0m[2m:[0m Loading 1d timeframe for JASMYUSDT
[2m2026-01-29T07:26:50.063699Z[0m [32m INFO[0m [2mingestor_pairs::candles[0m[2m:[0m Inserted 0 1d candles for JASMYUSDT
[2m2026-01-29T07:26:50.063815Z[0m [32m INFO[0m [2mingestor_pairs::candles[0m[2m:[0m Inserted 0 4h candles for JASMYUSDT
[2m2026-01-29T07:26:50.073435Z[0m [32m INFO[0m [2mingestor_pairs::candles[0m[2m:[0m Loading 5m timeframe for OPUSDT
[2m2026-01-29T07:26:50.075635Z[0m [32m INFO[0m [2mingestor_pairs::candles[0m[2m:[0m Loading 1m timeframe for OPUSDT
[2m2026-01-29T07:26:50.481638Z[0m [32m INFO[0m [2mingestor_pairs::candles[0m[2m:[0m Inserted 32 5m candles for OPUSDT
[2m2026-01-29T07:26:50.490342Z[0m [32m INFO[0m [2mingestor_pairs::candles[0m[2m:[0m Loading 15m timeframe for OPUSDT
[2m2026-01-29T07:26:50.505952Z[0m [32m INFO[0m [2mingestor_pairs::candles[0m[2m:[0m Inserted 161 1m candles for OPUSDT
[2m2026-01-29T07:26:50.521637Z[0m [32m INFO[0m [2mingestor_pairs::candles[0m[2m:[0m Loading 1h timeframe for OPUSDT
[2m2026-01-29T07:26:50.889850Z[0m [32m INFO[0m [2mingestor_pairs::candles[0m[2m:[0m Inserted 10 15m candles for OPUSDT
[2m2026-01-29T07:26:50.890392Z[0m [32m INFO[0m [2mingestor_pairs::candles[0m[2m:[0m Inserted 3 1h candles for OPUSDT
[2m2026-01-29T07:26:50.899136Z[0m [32m INFO[0m [2mingestor_pairs::candles[0m[2m:[0m Loading 4h timeframe for OPUSDT
[2m2026-01-29T07:26:50.902110Z[0m [32m INFO[0m [2mingestor_pairs::candles[0m[2m:[0m Loading 1d timeframe for OPUSDT
[2m2026-01-29T07:26:51.291921Z[0m [32m INFO[0m [2mingestor_pairs::candles[0m[2m:[0m Inserted 0 1d candles for OPUSDT
[2m2026-01-29T07:26:51.292240Z[0m [32m INFO[0m [2mingestor_pairs::candles[0m[2m:[0m Inserted 0 4h candles for OPUSDT
[2m2026-01-29T07:26:51.302788Z[0m [32m INFO[0m [2mingestor_pairs::candles[0m[2m:[0m Loading 1m timeframe for INJUSDT
[2m2026-01-29T07:26:51.303018Z[0m [32m INFO[0m [2mingestor_pairs::candles[0m[2m:[0m Loading 5m timeframe for INJUSDT
[2m2026-01-29T07:26:51.828387Z[0m [32m INFO[0m [2mingestor_pairs::candles[0m[2m:[0m Inserted 161 1m candles for INJUSDT
[2m2026-01-29T07:26:51.832273Z[0m [32m INFO[0m [2mingestor_pairs::candles[0m[2m:[0m Loading 15m timeframe for INJUSDT
[2m2026-01-29T07:26:52.217918Z[0m [32m INFO[0m [2mingestor_pairs::candles[0m[2m:[0m Inserted 10 15m candles for INJUSDT
[2m2026-01-29T07:26:52.218438Z[0m [32m INFO[0m [2mingestor_pairs::candles[0m[2m:[0m Inserted 32 5m candles for INJUSDT
[2m2026-01-29T07:26:52.221868Z[0m [32m INFO[0m [2mingestor_pairs::candles[0m[2m:[0m Loading 1h timeframe for INJUSDT
[2m2026-01-29T07:26:52.222196Z[0m [32m INFO[0m [2mingestor_pairs::candles[0m[2m:[0m Loading 4h timeframe for INJUSDT
[2m2026-01-29T07:26:52.625391Z[0m [32m INFO[0m [2mingestor_pairs::candles[0m[2m:[0m Inserted 0 4h candles for INJUSDT
[2m2026-01-29T07:26:52.632713Z[0m [32m INFO[0m [2mingestor_pairs::candles[0m[2m:[0m Inserted 3 1h candles for INJUSDT
[2m2026-01-29T07:26:52.634427Z[0m [32m INFO[0m [2mingestor_pairs::candles[0m[2m:[0m Loading 1d timeframe for INJUSDT
[2m2026-01-29T07:26:52.648154Z[0m [32m INFO[0m [2mingestor_pairs::candles[0m[2m:[0m Loading 1m timeframe for STGUSDT
[2m2026-01-29T07:26:53.033442Z[0m [32m INFO[0m [2mingestor_pairs::candles[0m[2m:[0m Inserted 0 1d candles for INJUSDT
[2m2026-01-29T07:26:53.044209Z[0m [32m INFO[0m [2mingestor_pairs::candles[0m[2m:[0m Loading 5m timeframe for STGUSDT
[2m2026-01-29T07:26:53.078368Z[0m [32m INFO[0m [2mingestor_pairs::candles[0m[2m:[0m Inserted 161 1m candles for STGUSDT
[2m2026-01-29T07:26:53.090570Z[0m [32m INFO[0m [2mingestor_pairs::candles[0m[2m:[0m Loading 15m timeframe for STGUSDT
[2m2026-01-29T07:26:53.449370Z[0m [32m INFO[0m [2mingestor_pairs::candles[0m[2m:[0m Inserted 10 15m candles for STGUSDT
[2m2026-01-29T07:26:53.451341Z[0m [32m INFO[0m [2mingestor_pairs::candles[0m[2m:[0m Inserted 32 5m candles for STGUSDT
[2m2026-01-29T07:26:53.458999Z[0m [32m INFO[0m [2mingestor_pairs::candles[0m[2m:[0m Loading 1h timeframe for STGUSDT
[2m2026-01-29T07:26:53.461050Z[0m [32m INFO[0m [2mingestor_pairs::candles[0m[2m:[0m Loading 4h timeframe for STGUSDT
[2m2026-01-29T07:26:53.853139Z[0m [32m INFO[0m [2mingestor_pairs::candles[0m[2m:[0m Inserted 0 4h candles for STGUSDT
[2m2026-01-29T07:26:53.862682Z[0m [32m INFO[0m [2mingestor_pairs::candles[0m[2m:[0m Loading 1d timeframe for STGUSDT
[2m2026-01-29T07:26:53.862773Z[0m [32m INFO[0m [2mingestor_pairs::candles[0m[2m:[0m Inserted 3 1h candles for STGUSDT
[2m2026-01-29T07:26:53.873906Z[0m [32m INFO[0m [2mingestor_pairs::candles[0m[2m:[0m Loading 1m timeframe for 1000LUNCUSDT
[2m2026-01-29T07:26:54.263440Z[0m [32m INFO[0m [2mingestor_pairs::candles[0m[2m:[0m Inserted 0 1d candles for STGUSDT
[2m2026-01-29T07:26:54.271793Z[0m [32m INFO[0m [2mingestor_pairs::candles[0m[2m:[0m Loading 5m timeframe for 1000LUNCUSDT
[2m2026-01-29T07:26:54.302970Z[0m [32m INFO[0m [2mingestor_pairs::candles[0m[2m:[0m Inserted 161 1m candles for 1000LUNCUSDT
[2m2026-01-29T07:26:54.317857Z[0m [32m INFO[0m [2mingestor_pairs::candles[0m[2m:[0m Loading 15m timeframe for 1000LUNCUSDT
[2m2026-01-29T07:26:54.681177Z[0m [32m INFO[0m [2mingestor_pairs::candles[0m[2m:[0m Inserted 10 15m candles for 1000LUNCUSDT
[2m2026-01-29T07:26:54.682980Z[0m [32m INFO[0m [2mingestor_pairs::candles[0m[2m:[0m Inserted 32 5m candles for 1000LUNCUSDT
[2m2026-01-29T07:26:54.691708Z[0m [32m INFO[0m [2mingestor_pairs::candles[0m[2m:[0m Loading 1h timeframe for 1000LUNCUSDT
[2m2026-01-29T07:26:54.693031Z[0m [32m INFO[0m [2mingestor_pairs::candles[0m[2m:[0m Loading 4h timeframe for 1000LUNCUSDT
[2m2026-01-29T07:26:55.081149Z[0m [32m INFO[0m [2mingestor_pairs::candles[0m[2m:[0m Inserted 0 4h candles for 1000LUNCUSDT
[2m2026-01-29T07:26:55.090605Z[0m [32m INFO[0m [2mingestor_pairs::candles[0m[2m:[0m Inserted 3 1h candles for 1000LUNCUSDT
[2m2026-01-29T07:26:55.091608Z[0m [32m INFO[0m [2mingestor_pairs::candles[0m[2m:[0m Loading 1d timeframe for 1000LUNCUSDT
[2m2026-01-29T07:26:55.101837Z[0m [32m INFO[0m [2mingestor_pairs::candles[0m[2m:[0m Loading 1m timeframe for LUNA2USDT
[2m2026-01-29T07:26:55.490946Z[0m [32m INFO[0m [2mingestor_pairs::candles[0m[2m:[0m Inserted 0 1d candles for 1000LUNCUSDT
[2m2026-01-29T07:26:55.500841Z[0m [32m INFO[0m [2mingestor_pairs::candles[0m[2m:[0m Loading 5m timeframe for LUNA2USDT
[2m2026-01-29T07:26:55.532063Z[0m [32m INFO[0m [2mingestor_pairs::candles[0m[2m:[0m Inserted 161 1m candles for LUNA2USDT
[2m2026-01-29T07:26:55.545251Z[0m [32m INFO[0m [2mingestor_pairs::candles[0m[2m:[0m Loading 15m timeframe for LUNA2USDT
[2m2026-01-29T07:26:55.908843Z[0m [32m INFO[0m [2mingestor_pairs::candles[0m[2m:[0m Inserted 10 15m candles for LUNA2USDT
[2m2026-01-29T07:26:55.910426Z[0m [32m INFO[0m [2mingestor_pairs::candles[0m[2m:[0m Inserted 32 5m candles for LUNA2USDT
[2m2026-01-29T07:26:55.918312Z[0m [32m INFO[0m [2mingestor_pairs::candles[0m[2m:[0m Loading 1h timeframe for LUNA2USDT
[2m2026-01-29T07:26:55.920297Z[0m [32m INFO[0m [2mingestor_pairs::candles[0m[2m:[0m Loading 4h timeframe for LUNA2USDT
[2m2026-01-29T07:26:56.310350Z[0m [32m INFO[0m [2mingestor_pairs::candles[0m[2m:[0m Inserted 0 4h candles for LUNA2USDT
[2m2026-01-29T07:26:56.313629Z[0m [32m INFO[0m [2mingestor_pairs::candles[0m[2m:[0m Loading 1d timeframe for LUNA2USDT
[2m2026-01-29T07:26:56.313915Z[0m [32m INFO[0m [2mingestor_pairs::candles[0m[2m:[0m Inserted 3 1h candles for LUNA2USDT
[2m2026-01-29T07:26:56.317449Z[0m [32m INFO[0m [2mingestor_pairs::candles[0m[2m:[0m Loading 1m timeframe for LDOUSDT
[2m2026-01-29T07:26:56.621031Z[0m [32m INFO[0m [2mingestor_pairs::candles[0m[2m:[0m Inserted 0 1d candles for LUNA2USDT
[2m2026-01-29T07:26:56.630700Z[0m [32m INFO[0m [2mingestor_pairs::candles[0m[2m:[0m Loading 5m timeframe for LDOUSDT
[2m2026-01-29T07:26:56.659947Z[0m [32m INFO[0m [2mingestor_pairs::candles[0m[2m:[0m Inserted 161 1m candles for LDOUSDT
[2m2026-01-29T07:26:56.670343Z[0m [32m INFO[0m [2mingestor_pairs::candles[0m[2m:[0m Loading 15m timeframe for LDOUSDT
[2m2026-01-29T07:26:57.035752Z[0m [32m INFO[0m [2mingestor_pairs::candles[0m[2m:[0m Inserted 10 15m candles for LDOUSDT
[2m2026-01-29T07:26:57.037120Z[0m [32m INFO[0m [2mingestor_pairs::candles[0m[2m:[0m Inserted 32 5m candles for LDOUSDT
[2m2026-01-29T07:26:57.045043Z[0m [32m INFO[0m [2mingestor_pairs::candles[0m[2m:[0m Loading 1h timeframe for LDOUSDT
[2m2026-01-29T07:26:57.047868Z[0m [32m INFO[0m [2mingestor_pairs::candles[0m[2m:[0m Loading 4h timeframe for LDOUSDT
[2m2026-01-29T07:26:57.436418Z[0m [32m INFO[0m [2mingestor_pairs::candles[0m[2m:[0m Inserted 0 4h candles for LDOUSDT
[2m2026-01-29T07:26:57.444425Z[0m [32m INFO[0m [2mingestor_pairs::candles[0m[2m:[0m Inserted 3 1h candles for LDOUSDT
[2m2026-01-29T07:26:57.447270Z[0m [32m INFO[0m [2mingestor_pairs::candles[0m[2m:[0m Loading 1d timeframe for LDOUSDT
[2m2026-01-29T07:26:57.455794Z[0m [32m INFO[0m [2mingestor_pairs::candles[0m[2m:[0m Loading 1m timeframe for ICPUSDT
[2m2026-01-29T07:26:57.846512Z[0m [32m INFO[0m [2mingestor_pairs::candles[0m[2m:[0m Inserted 0 1d candles for LDOUSDT
[2m2026-01-29T07:26:57.857234Z[0m [32m INFO[0m [2mingestor_pairs::candles[0m[2m:[0m Loading 5m timeframe for ICPUSDT
[2m2026-01-29T07:26:57.890001Z[0m [32m INFO[0m [2mingestor_pairs::candles[0m[2m:[0m Inserted 161 1m candles for ICPUSDT
[2m2026-01-29T07:26:57.901539Z[0m [32m INFO[0m [2mingestor_pairs::candles[0m[2m:[0m Loading 15m timeframe for ICPUSDT
[2m2026-01-29T07:26:58.263139Z[0m [32m INFO[0m [2mingestor_pairs::candles[0m[2m:[0m Inserted 10 15m candles for ICPUSDT
[2m2026-01-29T07:26:58.265353Z[0m [32m INFO[0m [2mingestor_pairs::candles[0m[2m:[0m Inserted 32 5m candles for ICPUSDT
[2m2026-01-29T07:26:58.272932Z[0m [32m INFO[0m [2mingestor_pairs::candles[0m[2m:[0m Loading 1h timeframe for ICPUSDT
[2m2026-01-29T07:26:58.275627Z[0m [32m INFO[0m [2mingestor_pairs::candles[0m[2m:[0m Loading 4h timeframe for ICPUSDT
[2m2026-01-29T07:26:58.666765Z[0m [32m INFO[0m [2mingestor_pairs::candles[0m[2m:[0m Inserted 0 4h candles for ICPUSDT
[2m2026-01-29T07:26:58.674517Z[0m [32m INFO[0m [2mingestor_pairs::candles[0m[2m:[0m Inserted 3 1h candles for ICPUSDT
[2m2026-01-29T07:26:58.675901Z[0m [32m INFO[0m [2mingestor_pairs::candles[0m[2m:[0m Loading 1d timeframe for ICPUSDT
[2m2026-01-29T07:26:58.691755Z[0m [32m INFO[0m [2mingestor_pairs::candles[0m[2m:[0m Loading 1m timeframe for APTUSDT
[2m2026-01-29T07:26:59.075049Z[0m [32m INFO[0m [2mingestor_pairs::candles[0m[2m:[0m Inserted 0 1d candles for ICPUSDT
[2m2026-01-29T07:26:59.084553Z[0m [32m INFO[0m [2mingestor_pairs::candles[0m[2m:[0m Loading 5m timeframe for APTUSDT
[2m2026-01-29T07:26:59.114283Z[0m [32m INFO[0m [2mingestor_pairs::candles[0m[2m:[0m Inserted 161 1m candles for APTUSDT
[2m2026-01-29T07:26:59.128037Z[0m [32m INFO[0m [2mingestor_pairs::candles[0m[2m:[0m Loading 15m timeframe for APTUSDT
[2m2026-01-29T07:26:59.493502Z[0m [32m INFO[0m [2mingestor_pairs::candles[0m[2m:[0m Inserted 10 15m candles for APTUSDT
[2m2026-01-29T07:26:59.495828Z[0m [32m INFO[0m [2mingestor_pairs::candles[0m[2m:[0m Inserted 32 5m candles for APTUSDT
[2m2026-01-29T07:26:59.502950Z[0m [32m INFO[0m [2mingestor_pairs::candles[0m[2m:[0m Loading 1h timeframe for APTUSDT
[2m2026-01-29T07:26:59.507318Z[0m [32m INFO[0m [2mingestor_pairs::candles[0m[2m:[0m Loading 4h timeframe for APTUSDT
[2m2026-01-29T07:26:59.895403Z[0m [32m INFO[0m [2mingestor_pairs::candles[0m[2m:[0m Inserted 0 4h candles for APTUSDT
[2m2026-01-29T07:26:59.902930Z[0m [32m INFO[0m [2mingestor_pairs::candles[0m[2m:[0m Inserted 3 1h candles for APTUSDT
[2m2026-01-29T07:26:59.904887Z[0m [32m INFO[0m [2mingestor_pairs::candles[0m[2m:[0m Loading 1d timeframe for APTUSDT
[2m2026-01-29T07:26:59.921470Z[0m [32m INFO[0m [2mingestor_pairs::candles[0m[2m:[0m Loading 1m timeframe for QNTUSDT
[2m2026-01-29T07:27:00.304516Z[0m [32m INFO[0m [2mingestor_pairs::candles[0m[2m:[0m Inserted 0 1d candles for APTUSDT
[2m2026-01-29T07:27:00.314083Z[0m [32m INFO[0m [2mingestor_pairs::candles[0m[2m:[0m Loading 5m timeframe for QNTUSDT
[2m2026-01-29T07:27:00.722030Z[0m [32m INFO[0m [2mingestor_pairs::candles[0m[2m:[0m Inserted 32 5m candles for QNTUSDT
[2m2026-01-29T07:27:00.730364Z[0m [32m INFO[0m [2mingestor_pairs::candles[0m[2m:[0m Loading 15m timeframe for QNTUSDT
[2m2026-01-29T07:27:01.041660Z[0m [32m INFO[0m [2mingestor_pairs::candles[0m[2m:[0m Inserted 10 15m candles for QNTUSDT
[2m2026-01-29T07:27:01.049725Z[0m [32m INFO[0m [2mingestor_pairs::candles[0m[2m:[0m Loading 1h timeframe for QNTUSDT
[2m2026-01-29T07:27:01.064394Z[0m [32m INFO[0m [2mingestor_pairs::candles[0m[2m:[0m Inserted 161 1m candles for QNTUSDT
[2m2026-01-29T07:27:01.075065Z[0m [32m INFO[0m [2mingestor_pairs::candles[0m[2m:[0m Loading 4h timeframe for QNTUSDT
[2m2026-01-29T07:27:01.432619Z[0m [32m INFO[0m [2mingestor_pairs::candles[0m[2m:[0m Inserted 0 4h candles for QNTUSDT
[2m2026-01-29T07:27:01.440392Z[0m [32m INFO[0m [2mingestor_pairs::candles[0m[2m:[0m Inserted 3 1h candles for QNTUSDT
[2m2026-01-29T07:27:01.442805Z[0m [32m INFO[0m [2mingestor_pairs::candles[0m[2m:[0m Loading 1d timeframe for QNTUSDT
[2m2026-01-29T07:27:01.451198Z[0m [32m INFO[0m [2mingestor_pairs::candles[0m[2m:[0m Loading 1m timeframe for FETUSDT
[2m2026-01-29T07:27:01.839622Z[0m [32m INFO[0m [2mingestor_pairs::candles[0m[2m:[0m Inserted 0 1d candles for QNTUSDT
[2m2026-01-29T07:27:01.849868Z[0m [32m INFO[0m [2mingestor_pairs::candles[0m[2m:[0m Loading 5m timeframe for FETUSDT
[2m2026-01-29T07:27:01.875243Z[0m [32m INFO[0m [2mingestor_pairs::candles[0m[2m:[0m Inserted 161 1m candles for FETUSDT
[2m2026-01-29T07:27:01.890402Z[0m [32m INFO[0m [2mingestor_pairs::candles[0m[2m:[0m Loading 15m timeframe for FETUSDT
[2m2026-01-29T07:27:02.256648Z[0m [32m INFO[0m [2mingestor_pairs::candles[0m[2m:[0m Inserted 10 15m candles for FETUSDT
[2m2026-01-29T07:27:02.258284Z[0m [32m INFO[0m [2mingestor_pairs::candles[0m[2m:[0m Inserted 32 5m candles for FETUSDT
[2m2026-01-29T07:27:02.267507Z[0m [32m INFO[0m [2mingestor_pairs::candles[0m[2m:[0m Loading 1h timeframe for FETUSDT
[2m2026-01-29T07:27:02.272052Z[0m [32m INFO[0m [2mingestor_pairs::candles[0m[2m:[0m Loading 4h timeframe for FETUSDT
[2m2026-01-29T07:27:02.761591Z[0m [32m INFO[0m [2mingestor_pairs::candles[0m[2m:[0m Inserted 0 4h candles for FETUSDT
[2m2026-01-29T07:27:02.769453Z[0m [32m INFO[0m [2mingestor_pairs::candles[0m[2m:[0m Inserted 3 1h candles for FETUSDT
[2m2026-01-29T07:27:02.771103Z[0m [32m INFO[0m [2mingestor_pairs::candles[0m[2m:[0m Loading 1d timeframe for FETUSDT
[2m2026-01-29T07:27:02.784999Z[0m [32m INFO[0m [2mingestor_pairs::candles[0m[2m:[0m Loading 1m timeframe for MAGICUSDT
[2m2026-01-29T07:27:03.170777Z[0m [32m INFO[0m [2mingestor_pairs::candles[0m[2m:[0m Inserted 0 1d candles for FETUSDT
[2m2026-01-29T07:27:03.180730Z[0m [32m INFO[0m [2mingestor_pairs::candles[0m[2m:[0m Loading 5m timeframe for MAGICUSDT
[2m2026-01-29T07:27:03.208703Z[0m [32m INFO[0m [2mingestor_pairs::candles[0m[2m:[0m Inserted 161 1m candles for MAGICUSDT
[2m2026-01-29T07:27:03.224918Z[0m [32m INFO[0m [2mingestor_pairs::candles[0m[2m:[0m Loading 15m timeframe for MAGICUSDT
[2m2026-01-29T07:27:03.589799Z[0m [32m INFO[0m [2mingestor_pairs::candles[0m[2m:[0m Inserted 10 15m candles for MAGICUSDT
[2m2026-01-29T07:27:03.591062Z[0m [32m INFO[0m [2mingestor_pairs::candles[0m[2m:[0m Inserted 32 5m candles for MAGICUSDT
[2m2026-01-29T07:27:03.599810Z[0m [32m INFO[0m [2mingestor_pairs::candles[0m[2m:[0m Loading 1h timeframe for MAGICUSDT
[2m2026-01-29T07:27:03.601357Z[0m [32m INFO[0m [2mingestor_pairs::candles[0m[2m:[0m Loading 4h timeframe for MAGICUSDT
[2m2026-01-29T07:27:03.990423Z[0m [32m INFO[0m [2mingestor_pairs::candles[0m[2m:[0m Inserted 0 4h candles for MAGICUSDT
[2m2026-01-29T07:27:03.998130Z[0m [32m INFO[0m [2mingestor_pairs::candles[0m[2m:[0m Inserted 3 1h candles for MAGICUSDT
[2m2026-01-29T07:27:04.000525Z[0m [32m INFO[0m [2mingestor_pairs::candles[0m[2m:[0m Loading 1d timeframe for MAGICUSDT
[2m2026-01-29T07:27:04.017338Z[0m [32m INFO[0m [2mingestor_pairs::candles[0m[2m:[0m Loading 1m timeframe for MINAUSDT
[2m2026-01-29T07:27:04.400341Z[0m [32m INFO[0m [2mingestor_pairs::candles[0m[2m:[0m Inserted 0 1d candles for MAGICUSDT
[2m2026-01-29T07:27:04.410305Z[0m [32m INFO[0m [2mingestor_pairs::candles[0m[2m:[0m Loading 5m timeframe for MINAUSDT
[2m2026-01-29T07:27:04.441277Z[0m [32m INFO[0m [2mingestor_pairs::candles[0m[2m:[0m Inserted 162 1m candles for MINAUSDT
[2m2026-01-29T07:27:04.452520Z[0m [32m INFO[0m [2mingestor_pairs::candles[0m[2m:[0m Loading 15m timeframe for MINAUSDT
[2m2026-01-29T07:27:04.919442Z[0m [32m INFO[0m [2mingestor_pairs::candles[0m[2m:[0m Inserted 10 15m candles for MINAUSDT
[2m2026-01-29T07:27:04.921265Z[0m [32m INFO[0m [2mingestor_pairs::candles[0m[2m:[0m Inserted 32 5m candles for MINAUSDT
[2m2026-01-29T07:27:04.929261Z[0m [32m INFO[0m [2mingestor_pairs::candles[0m[2m:[0m Loading 1h timeframe for MINAUSDT
[2m2026-01-29T07:27:04.930835Z[0m [32m INFO[0m [2mingestor_pairs::candles[0m[2m:[0m Loading 4h timeframe for MINAUSDT
[2m2026-01-29T07:27:05.320936Z[0m [32m INFO[0m [2mingestor_pairs::candles[0m[2m:[0m Inserted 0 4h candles for MINAUSDT
[2m2026-01-29T07:27:05.329735Z[0m [32m INFO[0m [2mingestor_pairs::candles[0m[2m:[0m Inserted 3 1h candles for MINAUSDT
[2m2026-01-29T07:27:05.331396Z[0m [32m INFO[0m [2mingestor_pairs::candles[0m[2m:[0m Loading 1d timeframe for MINAUSDT
[2m2026-01-29T07:27:05.341078Z[0m [32m INFO[0m [2mingestor_pairs::candles[0m[2m:[0m Loading 1m timeframe for ASTRUSDT
[2m2026-01-29T07:27:05.759938Z[0m [32m INFO[0m [2mingestor_pairs::candles[0m[2m:[0m Inserted 162 1m candles for ASTRUSDT
[2m2026-01-29T07:27:05.763648Z[0m [32m INFO[0m [2mingestor_pairs::candles[0m[2m:[0m Loading 5m timeframe for ASTRUSDT
[2m2026-01-29T07:27:06.070395Z[0m [32m INFO[0m [2mingestor_pairs::candles[0m[2m:[0m Inserted 32 5m candles for ASTRUSDT
[2m2026-01-29T07:27:06.078766Z[0m [32m INFO[0m [2mingestor_pairs::candles[0m[2m:[0m Loading 15m timeframe for ASTRUSDT
[2m2026-01-29T07:27:06.345439Z[0m [32m INFO[0m [2mingestor_pairs::candles[0m[2m:[0m Inserted 0 1d candles for MINAUSDT
[2m2026-01-29T07:27:06.355370Z[0m [32m INFO[0m [2mingestor_pairs::candles[0m[2m:[0m Loading 1h timeframe for ASTRUSDT
[2m2026-01-29T07:27:06.403740Z[0m [32m INFO[0m [2mingestor_pairs::candles[0m[2m:[0m Inserted 10 15m candles for ASTRUSDT
[2m2026-01-29T07:27:06.416150Z[0m [32m INFO[0m [2mingestor_pairs::candles[0m[2m:[0m Loading 4h timeframe for ASTRUSDT
[2m2026-01-29T07:27:06.756469Z[0m [32m INFO[0m [2mingestor_pairs::candles[0m[2m:[0m Inserted 0 4h candles for ASTRUSDT
[2m2026-01-29T07:27:06.764851Z[0m [32m INFO[0m [2mingestor_pairs::candles[0m[2m:[0m Loading 1d timeframe for ASTRUSDT
[2m2026-01-29T07:27:06.764944Z[0m [32m INFO[0m [2mingestor_pairs::candles[0m[2m:[0m Inserted 3 1h candles for ASTRUSDT
[2m2026-01-29T07:27:06.783177Z[0m [32m INFO[0m [2mingestor_pairs::candles[0m[2m:[0m Loading 1m timeframe for CFXUSDT
[2m2026-01-29T07:27:07.165363Z[0m [32m INFO[0m [2mingestor_pairs::candles[0m[2m:[0m Inserted 0 1d candles for ASTRUSDT
[2m2026-01-29T07:27:07.174543Z[0m [32m INFO[0m [2mingestor_pairs::candles[0m[2m:[0m Loading 5m timeframe for CFXUSDT
[2m2026-01-29T07:27:07.202106Z[0m [32m INFO[0m [2mingestor_pairs::candles[0m[2m:[0m Inserted 161 1m candles for CFXUSDT
[2m2026-01-29T07:27:07.212808Z[0m [32m INFO[0m [2mingestor_pairs::candles[0m[2m:[0m Loading 15m timeframe for CFXUSDT
[2m2026-01-29T07:27:07.582399Z[0m [32m INFO[0m [2mingestor_pairs::candles[0m[2m:[0m Inserted 10 15m candles for CFXUSDT
[2m2026-01-29T07:27:07.584472Z[0m [32m INFO[0m [2mingestor_pairs::candles[0m[2m:[0m Inserted 32 5m candles for CFXUSDT
[2m2026-01-29T07:27:07.592438Z[0m [32m INFO[0m [2mingestor_pairs::candles[0m[2m:[0m Loading 1h timeframe for CFXUSDT
[2m2026-01-29T07:27:07.595057Z[0m [32m INFO[0m [2mingestor_pairs::candles[0m[2m:[0m Loading 4h timeframe for CFXUSDT
[2m2026-01-29T07:27:07.983811Z[0m [32m INFO[0m [2mingestor_pairs::candles[0m[2m:[0m Inserted 0 4h candles for CFXUSDT
[2m2026-01-29T07:27:07.991802Z[0m [32m INFO[0m [2mingestor_pairs::candles[0m[2m:[0m Inserted 3 1h candles for CFXUSDT
[2m2026-01-29T07:27:07.993682Z[0m [32m INFO[0m [2mingestor_pairs::candles[0m[2m:[0m Loading 1d timeframe for CFXUSDT
[2m2026-01-29T07:27:08.002231Z[0m [32m INFO[0m [2mingestor_pairs::candles[0m[2m:[0m Loading 1m timeframe for STXUSDT
[2m2026-01-29T07:27:08.396240Z[0m [32m INFO[0m [2mingestor_pairs::candles[0m[2m:[0m Inserted 0 1d candles for CFXUSDT
[2m2026-01-29T07:27:08.406408Z[0m [32m INFO[0m [2mingestor_pairs::candles[0m[2m:[0m Loading 5m timeframe for STXUSDT
[2m2026-01-29T07:27:08.434763Z[0m [32m INFO[0m [2mingestor_pairs::candles[0m[2m:[0m Inserted 162 1m candles for STXUSDT
[2m2026-01-29T07:27:08.451167Z[0m [32m INFO[0m [2mingestor_pairs::candles[0m[2m:[0m Loading 15m timeframe for STXUSDT
[2m2026-01-29T07:27:08.812786Z[0m [32m INFO[0m [2mingestor_pairs::candles[0m[2m:[0m Inserted 32 5m candles for STXUSDT
[2m2026-01-29T07:27:08.820686Z[0m [32m INFO[0m [2mingestor_pairs::candles[0m[2m:[0m Loading 1h timeframe for STXUSDT
[2m2026-01-29T07:27:09.135211Z[0m [32m INFO[0m [2mingestor_pairs::candles[0m[2m:[0m Inserted 3 1h candles for STXUSDT
[2m2026-01-29T07:27:09.143894Z[0m [32m INFO[0m [2mingestor_pairs::candles[0m[2m:[0m Loading 4h timeframe for STXUSDT
[2m2026-01-29T07:27:09.423663Z[0m [32m INFO[0m [2mingestor_pairs::candles[0m[2m:[0m Inserted 10 15m candles for STXUSDT
[2m2026-01-29T07:27:09.432692Z[0m [32m INFO[0m [2mingestor_pairs::candles[0m[2m:[0m Loading 1d timeframe for STXUSDT
[2m2026-01-29T07:27:09.453579Z[0m [32m INFO[0m [2mingestor_pairs::candles[0m[2m:[0m Inserted 0 4h candles for STXUSDT
[2m2026-01-29T07:27:09.471288Z[0m [32m INFO[0m [2mingestor_pairs::candles[0m[2m:[0m Loading 1m timeframe for ACHUSDT
[2m2026-01-29T07:27:09.828570Z[0m [32m INFO[0m [2mingestor_pairs::candles[0m[2m:[0m Inserted 0 1d candles for STXUSDT
[2m2026-01-29T07:27:09.840116Z[0m [32m INFO[0m [2mingestor_pairs::candles[0m[2m:[0m Loading 5m timeframe for ACHUSDT
[2m2026-01-29T07:27:09.867533Z[0m [32m INFO[0m [2mingestor_pairs::candles[0m[2m:[0m Inserted 162 1m candles for ACHUSDT
[2m2026-01-29T07:27:09.884501Z[0m [32m INFO[0m [2mingestor_pairs::candles[0m[2m:[0m Loading 15m timeframe for ACHUSDT
[2m2026-01-29T07:27:10.244744Z[0m [32m INFO[0m [2mingestor_pairs::candles[0m[2m:[0m Inserted 10 15m candles for ACHUSDT
[2m2026-01-29T07:27:10.246517Z[0m [32m INFO[0m [2mingestor_pairs::candles[0m[2m:[0m Inserted 32 5m candles for ACHUSDT
[2m2026-01-29T07:27:10.254341Z[0m [32m INFO[0m [2mingestor_pairs::candles[0m[2m:[0m Loading 1h timeframe for ACHUSDT
[2m2026-01-29T07:27:10.255884Z[0m [32m INFO[0m [2mingestor_pairs::candles[0m[2m:[0m Loading 4h timeframe for ACHUSDT
[2m2026-01-29T07:27:10.645644Z[0m [32m INFO[0m [2mingestor_pairs::candles[0m[2m:[0m Inserted 0 4h candles for ACHUSDT
[2m2026-01-29T07:27:10.651904Z[0m [32m INFO[0m [2mingestor_pairs::candles[0m[2m:[0m Inserted 3 1h candles for ACHUSDT
[2m2026-01-29T07:27:10.653683Z[0m [32m INFO[0m [2mingestor_pairs::candles[0m[2m:[0m Loading 1d timeframe for ACHUSDT
[2m2026-01-29T07:27:10.660346Z[0m [32m INFO[0m [2mingestor_pairs::candles[0m[2m:[0m Loading 1d timeframe for ARBUSDT
[2m2026-01-29T07:27:11.055382Z[0m [32m INFO[0m [2mingestor_pairs::candles[0m[2m:[0m Inserted 0 1d candles for ARBUSDT
[2m2026-01-29T07:27:11.055542Z[0m [32m INFO[0m [2mingestor_pairs::candles[0m[2m:[0m Inserted 0 1d candles for ACHUSDT
[2m2026-01-29T07:27:11.065020Z[0m [32m INFO[0m [2mingestor_pairs::candles[0m[2m:[0m Loading 1m timeframe for SSVUSDT
[2m2026-01-29T07:27:11.066714Z[0m [32m INFO[0m [2mingestor_pairs::candles[0m[2m:[0m Loading 5m timeframe for SSVUSDT
[2m2026-01-29T07:27:11.475684Z[0m [32m INFO[0m [2mingestor_pairs::candles[0m[2m:[0m Inserted 32 5m candles for SSVUSDT
[2m2026-01-29T07:27:11.484721Z[0m [32m INFO[0m [2mingestor_pairs::candles[0m[2m:[0m Loading 15m timeframe for SSVUSDT
[2m2026-01-29T07:27:11.500711Z[0m [32m INFO[0m [2mingestor_pairs::candles[0m[2m:[0m Inserted 162 1m candles for SSVUSDT
[2m2026-01-29T07:27:11.511783Z[0m [32m INFO[0m [2mingestor_pairs::candles[0m[2m:[0m Loading 1h timeframe for SSVUSDT
[2m2026-01-29T07:27:11.881776Z[0m [32m INFO[0m [2mingestor_pairs::candles[0m[2m:[0m Inserted 10 15m candles for SSVUSDT
[2m2026-01-29T07:27:11.882290Z[0m [32m INFO[0m [2mingestor_pairs::candles[0m[2m:[0m Inserted 3 1h candles for SSVUSDT
[2m2026-01-29T07:27:11.891086Z[0m [32m INFO[0m [2mingestor_pairs::candles[0m[2m:[0m Loading 4h timeframe for SSVUSDT
[2m2026-01-29T07:27:11.892861Z[0m [32m INFO[0m [2mingestor_pairs::candles[0m[2m:[0m Loading 1d timeframe for SSVUSDT
[2m2026-01-29T07:27:12.285204Z[0m [32m INFO[0m [2mingestor_pairs::candles[0m[2m:[0m Inserted 0 4h candles for SSVUSDT
[2m2026-01-29T07:27:12.285292Z[0m [32m INFO[0m [2mingestor_pairs::candles[0m[2m:[0m Inserted 0 1d candles for SSVUSDT
[2m2026-01-29T07:27:12.295171Z[0m [32m INFO[0m [2mingestor_pairs::candles[0m[2m:[0m Loading 5m timeframe for IDUSDT
[2m2026-01-29T07:27:12.297448Z[0m [32m INFO[0m [2mingestor_pairs::candles[0m[2m:[0m Loading 1m timeframe for IDUSDT
[2m2026-01-29T07:27:12.702387Z[0m [32m INFO[0m [2mingestor_pairs::candles[0m[2m:[0m Inserted 32 5m candles for IDUSDT
[2m2026-01-29T07:27:12.710051Z[0m [32m INFO[0m [2mingestor_pairs::candles[0m[2m:[0m Loading 15m timeframe for IDUSDT
[2m2026-01-29T07:27:12.718516Z[0m [32m INFO[0m [2mingestor_pairs::candles[0m[2m:[0m Inserted 162 1m candles for IDUSDT
[2m2026-01-29T07:27:12.723492Z[0m [32m INFO[0m [2mingestor_pairs::candles[0m[2m:[0m Loading 1h timeframe for IDUSDT
[2m2026-01-29T07:27:13.015746Z[0m [32m INFO[0m [2mingestor_pairs::candles[0m[2m:[0m Inserted 10 15m candles for IDUSDT
[2m2026-01-29T07:27:13.024212Z[0m [32m INFO[0m [2mingestor_pairs::candles[0m[2m:[0m Loading 4h timeframe for IDUSDT
[2m2026-01-29T07:27:13.033739Z[0m [32m INFO[0m [2mingestor_pairs::candles[0m[2m:[0m Inserted 3 1h candles for IDUSDT
[2m2026-01-29T07:27:13.047256Z[0m [32m INFO[0m [2mingestor_pairs::candles[0m[2m:[0m Loading 1d timeframe for IDUSDT
[2m2026-01-29T07:27:13.410590Z[0m [32m INFO[0m [2mingestor_pairs::candles[0m[2m:[0m Inserted 0 4h candles for IDUSDT
[2m2026-01-29T07:27:13.410628Z[0m [32m INFO[0m [2mingestor_pairs::candles[0m[2m:[0m Inserted 0 1d candles for IDUSDT
[2m2026-01-29T07:27:13.420582Z[0m [32m INFO[0m [2mingestor_pairs::candles[0m[2m:[0m Loading 5m timeframe for ARBUSDT
[2m2026-01-29T07:27:13.422876Z[0m [32m INFO[0m [2mingestor_pairs::candles[0m[2m:[0m Loading 1m timeframe for ARBUSDT
[2m2026-01-29T07:27:13.830550Z[0m [32m INFO[0m [2mingestor_pairs::candles[0m[2m:[0m Inserted 32 5m candles for ARBUSDT
[2m2026-01-29T07:27:13.840244Z[0m [32m INFO[0m [2mingestor_pairs::candles[0m[2m:[0m Loading 15m timeframe for ARBUSDT
[2m2026-01-29T07:27:13.854492Z[0m [32m INFO[0m [2mingestor_pairs::candles[0m[2m:[0m Inserted 162 1m candles for ARBUSDT
[2m2026-01-29T07:27:13.870393Z[0m [32m INFO[0m [2mingestor_pairs::candles[0m[2m:[0m Loading 1h timeframe for ARBUSDT
[2m2026-01-29T07:27:14.238359Z[0m [32m INFO[0m [2mingestor_pairs::candles[0m[2m:[0m Inserted 10 15m candles for ARBUSDT
[2m2026-01-29T07:27:14.238956Z[0m [32m INFO[0m [2mingestor_pairs::candles[0m[2m:[0m Inserted 3 1h candles for ARBUSDT
[2m2026-01-29T07:27:14.247412Z[0m [32m INFO[0m [2mingestor_pairs::candles[0m[2m:[0m Loading 4h timeframe for ARBUSDT
[2m2026-01-29T07:27:14.249323Z[0m [32m INFO[0m [2mingestor_pairs::candles[0m[2m:[0m Loading 1m timeframe for HFTUSDT
[2m2026-01-29T07:27:14.641447Z[0m [32m INFO[0m [2mingestor_pairs::candles[0m[2m:[0m Inserted 0 4h candles for ARBUSDT
[2m2026-01-29T07:27:14.650884Z[0m [32m INFO[0m [2mingestor_pairs::candles[0m[2m:[0m Loading 5m timeframe for HFTUSDT
[2m2026-01-29T07:27:14.679461Z[0m [32m INFO[0m [2mingestor_pairs::candles[0m[2m:[0m Inserted 162 1m candles for HFTUSDT
[2m2026-01-29T07:27:14.692300Z[0m [32m INFO[0m [2mingestor_pairs::candles[0m[2m:[0m Loading 15m timeframe for HFTUSDT
[2m2026-01-29T07:27:15.058523Z[0m [32m INFO[0m [2mingestor_pairs::candles[0m[2m:[0m Inserted 10 15m candles for HFTUSDT
[2m2026-01-29T07:27:15.059806Z[0m [32m INFO[0m [2mingestor_pairs::candles[0m[2m:[0m Inserted 32 5m candles for HFTUSDT
[2m2026-01-29T07:27:15.067644Z[0m [32m INFO[0m [2mingestor_pairs::candles[0m[2m:[0m Loading 1h timeframe for HFTUSDT
[2m2026-01-29T07:27:15.069706Z[0m [32m INFO[0m [2mingestor_pairs::candles[0m[2m:[0m Loading 4h timeframe for HFTUSDT
[2m2026-01-29T07:27:15.561812Z[0m [32m INFO[0m [2mingestor_pairs::candles[0m[2m:[0m Inserted 0 4h candles for HFTUSDT
[2m2026-01-29T07:27:15.570139Z[0m [32m INFO[0m [2mingestor_pairs::candles[0m[2m:[0m Inserted 3 1h candles for HFTUSDT
[2m2026-01-29T07:27:15.572021Z[0m [32m INFO[0m [2mingestor_pairs::candles[0m[2m:[0m Loading 1d timeframe for HFTUSDT
[2m2026-01-29T07:27:15.587406Z[0m [32m INFO[0m [2mingestor_pairs::candles[0m[2m:[0m Loading 1m timeframe for XVSUSDT
[2m2026-01-29T07:27:15.971624Z[0m [32m INFO[0m [2mingestor_pairs::candles[0m[2m:[0m Inserted 0 1d candles for HFTUSDT
[2m2026-01-29T07:27:15.982471Z[0m [32m INFO[0m [2mingestor_pairs::candles[0m[2m:[0m Loading 5m timeframe for XVSUSDT
[2m2026-01-29T07:27:16.015513Z[0m [32m INFO[0m [2mingestor_pairs::candles[0m[2m:[0m Inserted 162 1m candles for XVSUSDT
[2m2026-01-29T07:27:16.027740Z[0m [32m INFO[0m [2mingestor_pairs::candles[0m[2m:[0m Loading 15m timeframe for XVSUSDT
[2m2026-01-29T07:27:16.390254Z[0m [32m INFO[0m [2mingestor_pairs::candles[0m[2m:[0m Inserted 10 15m candles for XVSUSDT
[2m2026-01-29T07:27:16.392358Z[0m [32m INFO[0m [2mingestor_pairs::candles[0m[2m:[0m Inserted 32 5m candles for XVSUSDT
[2m2026-01-29T07:27:16.399251Z[0m [32m INFO[0m [2mingestor_pairs::candles[0m[2m:[0m Loading 1h timeframe for XVSUSDT
[2m2026-01-29T07:27:16.402168Z[0m [32m INFO[0m [2mingestor_pairs::candles[0m[2m:[0m Loading 4h timeframe for XVSUSDT
[2m2026-01-29T07:27:16.790209Z[0m [32m INFO[0m [2mingestor_pairs::candles[0m[2m:[0m Inserted 0 4h candles for XVSUSDT
[2m2026-01-29T07:27:16.797347Z[0m [32m INFO[0m [2mingestor_pairs::candles[0m[2m:[0m Inserted 3 1h candles for XVSUSDT
[2m2026-01-29T07:27:16.800627Z[0m [32m INFO[0m [2mingestor_pairs::candles[0m[2m:[0m Loading 1d timeframe for XVSUSDT
[2m2026-01-29T07:27:16.815166Z[0m [32m INFO[0m [2mingestor_pairs::candles[0m[2m:[0m Loading 1m timeframe for BLURUSDT
[2m2026-01-29T07:27:17.199628Z[0m [32m INFO[0m [2mingestor_pairs::candles[0m[2m:[0m Inserted 0 1d candles for XVSUSDT
[2m2026-01-29T07:27:17.209206Z[0m [32m INFO[0m [2mingestor_pairs::candles[0m[2m:[0m Loading 5m timeframe for BLURUSDT
[2m2026-01-29T07:27:17.237445Z[0m [32m INFO[0m [2mingestor_pairs::candles[0m[2m:[0m Inserted 162 1m candles for BLURUSDT
[2m2026-01-29T07:27:17.247790Z[0m [32m INFO[0m [2mingestor_pairs::candles[0m[2m:[0m Loading 15m timeframe for BLURUSDT
[2m2026-01-29T07:27:17.616517Z[0m [32m INFO[0m [2mingestor_pairs::candles[0m[2m:[0m Inserted 10 15m candles for BLURUSDT
[2m2026-01-29T07:27:17.618469Z[0m [32m INFO[0m [2mingestor_pairs::candles[0m[2m:[0m Inserted 32 5m candles for BLURUSDT
[2m2026-01-29T07:27:17.625782Z[0m [32m INFO[0m [2mingestor_pairs::candles[0m[2m:[0m Loading 1h timeframe for BLURUSDT
[2m2026-01-29T07:27:17.627239Z[0m [32m INFO[0m [2mingestor_pairs::candles[0m[2m:[0m Loading 4h timeframe for BLURUSDT
[2m2026-01-29T07:27:18.019344Z[0m [32m INFO[0m [2mingestor_pairs::candles[0m[2m:[0m Inserted 0 4h candles for BLURUSDT
[2m2026-01-29T07:27:18.027379Z[0m [32m INFO[0m [2mingestor_pairs::candles[0m[2m:[0m Inserted 3 1h candles for BLURUSDT
[2m2026-01-29T07:27:18.030065Z[0m [32m INFO[0m [2mingestor_pairs::candles[0m[2m:[0m Loading 1d timeframe for BLURUSDT
[2m2026-01-29T07:27:18.042713Z[0m [32m INFO[0m [2mingestor_pairs::candles[0m[2m:[0m Loading 1m timeframe for EDUUSDT
[2m2026-01-29T07:27:18.429200Z[0m [32m INFO[0m [2mingestor_pairs::candles[0m[2m:[0m Inserted 0 1d candles for BLURUSDT
[2m2026-01-29T07:27:18.439132Z[0m [32m INFO[0m [2mingestor_pairs::candles[0m[2m:[0m Loading 5m timeframe for EDUUSDT
[2m2026-01-29T07:27:18.469599Z[0m [32m INFO[0m [2mingestor_pairs::candles[0m[2m:[0m Inserted 162 1m candles for EDUUSDT
[2m2026-01-29T07:27:18.483928Z[0m [32m INFO[0m [2mingestor_pairs::candles[0m[2m:[0m Loading 15m timeframe for EDUUSDT
[2m2026-01-29T07:27:18.847772Z[0m [32m INFO[0m [2mingestor_pairs::candles[0m[2m:[0m Inserted 10 15m candles for EDUUSDT
[2m2026-01-29T07:27:18.849244Z[0m [32m INFO[0m [2mingestor_pairs::candles[0m[2m:[0m Inserted 32 5m candles for EDUUSDT
[2m2026-01-29T07:27:18.857122Z[0m [32m INFO[0m [2mingestor_pairs::candles[0m[2m:[0m Loading 1h timeframe for EDUUSDT
[2m2026-01-29T07:27:18.862040Z[0m [32m INFO[0m [2mingestor_pairs::candles[0m[2m:[0m Loading 4h timeframe for EDUUSDT
[2m2026-01-29T07:27:19.249201Z[0m [32m INFO[0m [2mingestor_pairs::candles[0m[2m:[0m Inserted 0 4h candles for EDUUSDT
[2m2026-01-29T07:27:19.256687Z[0m [32m INFO[0m [2mingestor_pairs::candles[0m[2m:[0m Inserted 3 1h candles for EDUUSDT
[2m2026-01-29T07:27:19.259353Z[0m [32m INFO[0m [2mingestor_pairs::candles[0m[2m:[0m Loading 1d timeframe for EDUUSDT
[2m2026-01-29T07:27:19.277411Z[0m [32m INFO[0m [2mingestor_pairs::candles[0m[2m:[0m Loading 1m timeframe for SUIUSDT
[2m2026-01-29T07:27:19.659329Z[0m [32m INFO[0m [2mingestor_pairs::candles[0m[2m:[0m Inserted 0 1d candles for EDUUSDT
[2m2026-01-29T07:27:19.669025Z[0m [32m INFO[0m [2mingestor_pairs::candles[0m[2m:[0m Loading 5m timeframe for SUIUSDT
[2m2026-01-29T07:27:19.697176Z[0m [32m INFO[0m [2mingestor_pairs::candles[0m[2m:[0m Inserted 162 1m candles for SUIUSDT
[2m2026-01-29T07:27:19.711494Z[0m [32m INFO[0m [2mingestor_pairs::candles[0m[2m:[0m Loading 15m timeframe for SUIUSDT
[2m2026-01-29T07:27:20.176328Z[0m [32m INFO[0m [2mingestor_pairs::candles[0m[2m:[0m Inserted 10 15m candles for SUIUSDT
[2m2026-01-29T07:27:20.178197Z[0m [32m INFO[0m [2mingestor_pairs::candles[0m[2m:[0m Inserted 32 5m candles for SUIUSDT
[2m2026-01-29T07:27:20.186955Z[0m [32m INFO[0m [2mingestor_pairs::candles[0m[2m:[0m Loading 1h timeframe for SUIUSDT
[2m2026-01-29T07:27:20.187632Z[0m [32m INFO[0m [2mingestor_pairs::candles[0m[2m:[0m Loading 4h timeframe for SUIUSDT
[2m2026-01-29T07:27:20.579451Z[0m [32m INFO[0m [2mingestor_pairs::candles[0m[2m:[0m Inserted 0 4h candles for SUIUSDT
[2m2026-01-29T07:27:20.587046Z[0m [32m INFO[0m [2mingestor_pairs::candles[0m[2m:[0m Inserted 3 1h candles for SUIUSDT
[2m2026-01-29T07:27:20.588637Z[0m [32m INFO[0m [2mingestor_pairs::candles[0m[2m:[0m Loading 1d timeframe for SUIUSDT
[2m2026-01-29T07:27:20.597553Z[0m [32m INFO[0m [2mingestor_pairs::candles[0m[2m:[0m Loading 1m timeframe for 1000PEPEUSDT
[2m2026-01-29T07:27:20.989189Z[0m [32m INFO[0m [2mingestor_pairs::candles[0m[2m:[0m Inserted 0 1d candles for SUIUSDT
[2m2026-01-29T07:27:20.999382Z[0m [32m INFO[0m [2mingestor_pairs::candles[0m[2m:[0m Loading 5m timeframe for 1000PEPEUSDT
[2m2026-01-29T07:27:21.029630Z[0m [32m INFO[0m [2mingestor_pairs::candles[0m[2m:[0m Inserted 162 1m candles for 1000PEPEUSDT
[2m2026-01-29T07:27:21.048409Z[0m [32m INFO[0m [2mingestor_pairs::candles[0m[2m:[0m Loading 15m timeframe for 1000PEPEUSDT
[2m2026-01-29T07:27:21.407566Z[0m [32m INFO[0m [2mingestor_pairs::candles[0m[2m:[0m Inserted 10 15m candles for 1000PEPEUSDT
[2m2026-01-29T07:27:21.408697Z[0m [32m INFO[0m [2mingestor_pairs::candles[0m[2m:[0m Inserted 32 5m candles for 1000PEPEUSDT
[2m2026-01-29T07:27:21.416657Z[0m [32m INFO[0m [2mingestor_pairs::candles[0m[2m:[0m Loading 1h timeframe for 1000PEPEUSDT
[2m2026-01-29T07:27:21.418758Z[0m [32m INFO[0m [2mingestor_pairs::candles[0m[2m:[0m Loading 4h timeframe for 1000PEPEUSDT
[2m2026-01-29T07:27:21.808401Z[0m [32m INFO[0m [2mingestor_pairs::candles[0m[2m:[0m Inserted 0 4h candles for 1000PEPEUSDT
[2m2026-01-29T07:27:21.816440Z[0m [32m INFO[0m [2mingestor_pairs::candles[0m[2m:[0m Inserted 3 1h candles for 1000PEPEUSDT
[2m2026-01-29T07:27:21.818009Z[0m [32m INFO[0m [2mingestor_pairs::candles[0m[2m:[0m Loading 1d timeframe for 1000PEPEUSDT
[2m2026-01-29T07:27:21.827368Z[0m [32m INFO[0m [2mingestor_pairs::candles[0m[2m:[0m Loading 1m timeframe for 1000FLOKIUSDT
[2m2026-01-29T07:27:22.218340Z[0m [32m INFO[0m [2mingestor_pairs::candles[0m[2m:[0m Inserted 0 1d candles for 1000PEPEUSDT
[2m2026-01-29T07:27:22.227901Z[0m [32m INFO[0m [2mingestor_pairs::candles[0m[2m:[0m Loading 5m timeframe for 1000FLOKIUSDT
[2m2026-01-29T07:27:22.255817Z[0m [32m INFO[0m [2mingestor_pairs::candles[0m[2m:[0m Inserted 162 1m candles for 1000FLOKIUSDT
[2m2026-01-29T07:27:22.269900Z[0m [32m INFO[0m [2mingestor_pairs::candles[0m[2m:[0m Loading 15m timeframe for 1000FLOKIUSDT
[2m2026-01-29T07:27:22.636363Z[0m [32m INFO[0m [2mingestor_pairs::candles[0m[2m:[0m Inserted 10 15m candles for 1000FLOKIUSDT
[2m2026-01-29T07:27:22.637850Z[0m [32m INFO[0m [2mingestor_pairs::candles[0m[2m:[0m Inserted 32 5m candles for 1000FLOKIUSDT
[2m2026-01-29T07:27:22.646644Z[0m [32m INFO[0m [2mingestor_pairs::candles[0m[2m:[0m Loading 1h timeframe for 1000FLOKIUSDT
[2m2026-01-29T07:27:22.647129Z[0m [32m INFO[0m [2mingestor_pairs::candles[0m[2m:[0m Loading 4h timeframe for 1000FLOKIUSDT
[2m2026-01-29T07:27:22.955959Z[0m [32m INFO[0m [2mingestor_pairs::candles[0m[2m:[0m Inserted 0 4h candles for 1000FLOKIUSDT
[2m2026-01-29T07:27:22.963382Z[0m [32m INFO[0m [2mingestor_pairs::candles[0m[2m:[0m Inserted 3 1h candles for 1000FLOKIUSDT
[2m2026-01-29T07:27:22.964924Z[0m [32m INFO[0m [2mingestor_pairs::candles[0m[2m:[0m Loading 1d timeframe for 1000FLOKIUSDT
[2m2026-01-29T07:27:22.973561Z[0m [32m INFO[0m [2mingestor_pairs::candles[0m[2m:[0m Loading 1m timeframe for NMRUSDT
[2m2026-01-29T07:27:23.344343Z[0m [32m INFO[0m [2mingestor_pairs::candles[0m[2m:[0m Inserted 0 1d candles for 1000FLOKIUSDT
[2m2026-01-29T07:27:23.354354Z[0m [32m INFO[0m [2mingestor_pairs::candles[0m[2m:[0m Loading 5m timeframe for NMRUSDT
[2m2026-01-29T07:27:23.386886Z[0m [32m INFO[0m [2mingestor_pairs::candles[0m[2m:[0m Inserted 162 1m candles for NMRUSDT
[2m2026-01-29T07:27:23.400966Z[0m [32m INFO[0m [2mingestor_pairs::candles[0m[2m:[0m Loading 15m timeframe for NMRUSDT
[2m2026-01-29T07:27:23.761922Z[0m [32m INFO[0m [2mingestor_pairs::candles[0m[2m:[0m Inserted 10 15m candles for NMRUSDT
[2m2026-01-29T07:27:23.764220Z[0m [32m INFO[0m [2mingestor_pairs::candles[0m[2m:[0m Inserted 32 5m candles for NMRUSDT
[2m2026-01-29T07:27:23.771674Z[0m [32m INFO[0m [2mingestor_pairs::candles[0m[2m:[0m Loading 1h timeframe for NMRUSDT
[2m2026-01-29T07:27:23.775656Z[0m [32m INFO[0m [2mingestor_pairs::candles[0m[2m:[0m Loading 4h timeframe for NMRUSDT
[2m2026-01-29T07:27:24.163231Z[0m [32m INFO[0m [2mingestor_pairs::candles[0m[2m:[0m Inserted 0 4h candles for NMRUSDT
[2m2026-01-29T07:27:24.171546Z[0m [32m INFO[0m [2mingestor_pairs::candles[0m[2m:[0m Inserted 3 1h candles for NMRUSDT
[2m2026-01-29T07:27:24.174288Z[0m [32m INFO[0m [2mingestor_pairs::candles[0m[2m:[0m Loading 1d timeframe for NMRUSDT
[2m2026-01-29T07:27:24.190302Z[0m [32m INFO[0m [2mingestor_pairs::candles[0m[2m:[0m Loading 1m timeframe for XVGUSDT
[2m2026-01-29T07:27:24.578034Z[0m [32m INFO[0m [2mingestor_pairs::candles[0m[2m:[0m Inserted 0 1d candles for NMRUSDT
[2m2026-01-29T07:27:24.589664Z[0m [32m INFO[0m [2mingestor_pairs::candles[0m[2m:[0m Loading 5m timeframe for XVGUSDT
[2m2026-01-29T07:27:24.616139Z[0m [32m INFO[0m [2mingestor_pairs::candles[0m[2m:[0m Inserted 162 1m candles for XVGUSDT
[2m2026-01-29T07:27:24.627251Z[0m [32m INFO[0m [2mingestor_pairs::candles[0m[2m:[0m Loading 15m timeframe for XVGUSDT
[2m2026-01-29T07:27:24.991127Z[0m [32m INFO[0m [2mingestor_pairs::candles[0m[2m:[0m Inserted 10 15m candles for XVGUSDT
[2m2026-01-29T07:27:24.993148Z[0m [32m INFO[0m [2mingestor_pairs::candles[0m[2m:[0m Inserted 32 5m candles for XVGUSDT
[2m2026-01-29T07:27:25.001299Z[0m [32m INFO[0m [2mingestor_pairs::candles[0m[2m:[0m Loading 1h timeframe for XVGUSDT
[2m2026-01-29T07:27:25.004976Z[0m [32m INFO[0m [2mingestor_pairs::candles[0m[2m:[0m Loading 4h timeframe for XVGUSDT
[2m2026-01-29T07:27:25.392055Z[0m [32m INFO[0m [2mingestor_pairs::candles[0m[2m:[0m Inserted 0 4h candles for XVGUSDT
[2m2026-01-29T07:27:25.399640Z[0m [32m INFO[0m [2mingestor_pairs::candles[0m[2m:[0m Inserted 3 1h candles for XVGUSDT
[2m2026-01-29T07:27:25.401403Z[0m [32m INFO[0m [2mingestor_pairs::candles[0m[2m:[0m Loading 1d timeframe for XVGUSDT
[2m2026-01-29T07:27:25.418215Z[0m [32m INFO[0m [2mingestor_pairs::candles[0m[2m:[0m Loading 1m timeframe for WLDUSDT
[2m2026-01-29T07:27:25.801835Z[0m [32m INFO[0m [2mingestor_pairs::candles[0m[2m:[0m Inserted 0 1d candles for XVGUSDT
[2m2026-01-29T07:27:25.810939Z[0m [32m INFO[0m [2mingestor_pairs::candles[0m[2m:[0m Loading 5m timeframe for WLDUSDT
[2m2026-01-29T07:27:25.842431Z[0m [32m INFO[0m [2mingestor_pairs::candles[0m[2m:[0m Inserted 162 1m candles for WLDUSDT
[2m2026-01-29T07:27:25.856393Z[0m [32m INFO[0m [2mingestor_pairs::candles[0m[2m:[0m Loading 15m timeframe for WLDUSDT
[2m2026-01-29T07:27:26.220829Z[0m [32m INFO[0m [2mingestor_pairs::candles[0m[2m:[0m Inserted 10 15m candles for WLDUSDT
[2m2026-01-29T07:27:26.222743Z[0m [32m INFO[0m [2mingestor_pairs::candles[0m[2m:[0m Inserted 32 5m candles for WLDUSDT
[2m2026-01-29T07:27:26.230756Z[0m [32m INFO[0m [2mingestor_pairs::candles[0m[2m:[0m Loading 1h timeframe for WLDUSDT
[2m2026-01-29T07:27:26.236058Z[0m [32m INFO[0m [2mingestor_pairs::candles[0m[2m:[0m Loading 4h timeframe for WLDUSDT
[2m2026-01-29T07:27:26.621347Z[0m [32m INFO[0m [2mingestor_pairs::candles[0m[2m:[0m Inserted 0 4h candles for WLDUSDT
[2m2026-01-29T07:27:26.629498Z[0m [32m INFO[0m [2mingestor_pairs::candles[0m[2m:[0m Inserted 3 1h candles for WLDUSDT
[2m2026-01-29T07:27:26.631378Z[0m [32m INFO[0m [2mingestor_pairs::candles[0m[2m:[0m Loading 1d timeframe for WLDUSDT
[2m2026-01-29T07:27:26.640495Z[0m [32m INFO[0m [2mingestor_pairs::candles[0m[2m:[0m Loading 1m timeframe for PENDLEUSDT
[2m2026-01-29T07:27:27.031509Z[0m [32m INFO[0m [2mingestor_pairs::candles[0m[2m:[0m Inserted 0 1d candles for WLDUSDT
[2m2026-01-29T07:27:27.041264Z[0m [32m INFO[0m [2mingestor_pairs::candles[0m[2m:[0m Loading 5m timeframe for PENDLEUSDT
[2m2026-01-29T07:27:27.069855Z[0m [32m INFO[0m [2mingestor_pairs::candles[0m[2m:[0m Inserted 162 1m candles for PENDLEUSDT
[2m2026-01-29T07:27:27.083747Z[0m [32m INFO[0m [2mingestor_pairs::candles[0m[2m:[0m Loading 15m timeframe for PENDLEUSDT
[2m2026-01-29T07:27:27.449303Z[0m [32m INFO[0m [2mingestor_pairs::candles[0m[2m:[0m Inserted 10 15m candles for PENDLEUSDT
[2m2026-01-29T07:27:27.451132Z[0m [32m INFO[0m [2mingestor_pairs::candles[0m[2m:[0m Inserted 32 5m candles for PENDLEUSDT
[2m2026-01-29T07:27:27.459805Z[0m [32m INFO[0m [2mingestor_pairs::candles[0m[2m:[0m Loading 1h timeframe for PENDLEUSDT
[2m2026-01-29T07:27:27.460133Z[0m [32m INFO[0m [2mingestor_pairs::candles[0m[2m:[0m Loading 4h timeframe for PENDLEUSDT
[2m2026-01-29T07:27:27.850347Z[0m [32m INFO[0m [2mingestor_pairs::candles[0m[2m:[0m Inserted 0 4h candles for PENDLEUSDT
[2m2026-01-29T07:27:27.857288Z[0m [32m INFO[0m [2mingestor_pairs::candles[0m[2m:[0m Inserted 3 1h candles for PENDLEUSDT
[2m2026-01-29T07:27:27.858421Z[0m [32m INFO[0m [2mingestor_pairs::candles[0m[2m:[0m Loading 1d timeframe for PENDLEUSDT
[2m2026-01-29T07:27:27.865381Z[0m [32m INFO[0m [2mingestor_pairs::candles[0m[2m:[0m Loading 1m timeframe for ARKMUSDT
[2m2026-01-29T07:27:28.259373Z[0m [32m INFO[0m [2mingestor_pairs::candles[0m[2m:[0m Inserted 0 1d candles for PENDLEUSDT
[2m2026-01-29T07:27:28.272365Z[0m [32m INFO[0m [2mingestor_pairs::candles[0m[2m:[0m Loading 5m timeframe for ARKMUSDT
[2m2026-01-29T07:27:28.298463Z[0m [32m INFO[0m [2mingestor_pairs::candles[0m[2m:[0m Inserted 162 1m candles for ARKMUSDT
[2m2026-01-29T07:27:28.311812Z[0m [32m INFO[0m [2mingestor_pairs::candles[0m[2m:[0m Loading 15m timeframe for ARKMUSDT
[2m2026-01-29T07:27:28.677030Z[0m [32m INFO[0m [2mingestor_pairs::candles[0m[2m:[0m Inserted 10 15m candles for ARKMUSDT
[2m2026-01-29T07:27:28.678729Z[0m [32m INFO[0m [2mingestor_pairs::candles[0m[2m:[0m Inserted 32 5m candles for ARKMUSDT
[2m2026-01-29T07:27:28.687159Z[0m [32m INFO[0m [2mingestor_pairs::candles[0m[2m:[0m Loading 1h timeframe for ARKMUSDT
[2m2026-01-29T07:27:28.692041Z[0m [32m INFO[0m [2mingestor_pairs::candles[0m[2m:[0m Loading 4h timeframe for ARKMUSDT
[2m2026-01-29T07:27:29.078758Z[0m [32m INFO[0m [2mingestor_pairs::candles[0m[2m:[0m Inserted 0 4h candles for ARKMUSDT
[2m2026-01-29T07:27:29.086258Z[0m [32m INFO[0m [2mingestor_pairs::candles[0m[2m:[0m Inserted 3 1h candles for ARKMUSDT
[2m2026-01-29T07:27:29.088486Z[0m [32m INFO[0m [2mingestor_pairs::candles[0m[2m:[0m Loading 1d timeframe for ARKMUSDT
[2m2026-01-29T07:27:29.096541Z[0m [32m INFO[0m [2mingestor_pairs::candles[0m[2m:[0m Loading 1m timeframe for AGLDUSDT
[2m2026-01-29T07:27:29.489118Z[0m [32m INFO[0m [2mingestor_pairs::candles[0m[2m:[0m Inserted 0 1d candles for ARKMUSDT
[2m2026-01-29T07:27:29.499086Z[0m [32m INFO[0m [2mingestor_pairs::candles[0m[2m:[0m Loading 5m timeframe for AGLDUSDT
[2m2026-01-29T07:27:29.526640Z[0m [32m INFO[0m [2mingestor_pairs::candles[0m[2m:[0m Inserted 162 1m candles for AGLDUSDT
[2m2026-01-29T07:27:29.538686Z[0m [32m INFO[0m [2mingestor_pairs::candles[0m[2m:[0m Loading 15m timeframe for AGLDUSDT
[2m2026-01-29T07:27:29.906069Z[0m [32m INFO[0m [2mingestor_pairs::candles[0m[2m:[0m Inserted 10 15m candles for AGLDUSDT
[2m2026-01-29T07:27:29.908200Z[0m [32m INFO[0m [2mingestor_pairs::candles[0m[2m:[0m Inserted 32 5m candles for AGLDUSDT
[2m2026-01-29T07:27:29.916102Z[0m [32m INFO[0m [2mingestor_pairs::candles[0m[2m:[0m Loading 1h timeframe for AGLDUSDT
[2m2026-01-29T07:27:29.920009Z[0m [32m INFO[0m [2mingestor_pairs::candles[0m[2m:[0m Loading 4h timeframe for AGLDUSDT
[2m2026-01-29T07:27:30.308460Z[0m [32m INFO[0m [2mingestor_pairs::candles[0m[2m:[0m Inserted 0 4h candles for AGLDUSDT
[2m2026-01-29T07:27:30.317136Z[0m [32m INFO[0m [2mingestor_pairs::candles[0m[2m:[0m Inserted 3 1h candles for AGLDUSDT
[2m2026-01-29T07:27:30.320171Z[0m [32m INFO[0m [2mingestor_pairs::candles[0m[2m:[0m Loading 1d timeframe for AGLDUSDT
[2m2026-01-29T07:27:30.332912Z[0m [32m INFO[0m [2mingestor_pairs::candles[0m[2m:[0m Loading 1m timeframe for YGGUSDT
[2m2026-01-29T07:27:30.717296Z[0m [32m INFO[0m [2mingestor_pairs::candles[0m[2m:[0m Inserted 0 1d candles for AGLDUSDT
[2m2026-01-29T07:27:30.727528Z[0m [32m INFO[0m [2mingestor_pairs::candles[0m[2m:[0m Loading 5m timeframe for YGGUSDT
[2m2026-01-29T07:27:30.748263Z[0m [32m INFO[0m [2mingestor_pairs::candles[0m[2m:[0m Inserted 161 1m candles for YGGUSDT
[2m2026-01-29T07:27:30.753632Z[0m [32m INFO[0m [2mingestor_pairs::candles[0m[2m:[0m Loading 15m timeframe for YGGUSDT
[2m2026-01-29T07:27:31.134271Z[0m [32m INFO[0m [2mingestor_pairs::candles[0m[2m:[0m Inserted 10 15m candles for YGGUSDT
[2m2026-01-29T07:27:31.135527Z[0m [32m INFO[0m [2mingestor_pairs::candles[0m[2m:[0m Inserted 32 5m candles for YGGUSDT
[2m2026-01-29T07:27:31.144094Z[0m [32m INFO[0m [2mingestor_pairs::candles[0m[2m:[0m Loading 1h timeframe for YGGUSDT
[2m2026-01-29T07:27:31.155228Z[0m [32m INFO[0m [2mingestor_pairs::candles[0m[2m:[0m Loading 4h timeframe for YGGUSDT
[2m2026-01-29T07:27:31.536815Z[0m [32m INFO[0m [2mingestor_pairs::candles[0m[2m:[0m Inserted 0 4h candles for YGGUSDT
[2m2026-01-29T07:27:31.545103Z[0m [32m INFO[0m [2mingestor_pairs::candles[0m[2m:[0m Inserted 3 1h candles for YGGUSDT
[2m2026-01-29T07:27:31.546954Z[0m [32m INFO[0m [2mingestor_pairs::candles[0m[2m:[0m Loading 1d timeframe for YGGUSDT
[2m2026-01-29T07:27:31.566048Z[0m [32m INFO[0m [2mingestor_pairs::candles[0m[2m:[0m Loading 1m timeframe for DODOXUSDT
[2m2026-01-29T07:27:31.946542Z[0m [32m INFO[0m [2mingestor_pairs::candles[0m[2m:[0m Inserted 0 1d candles for YGGUSDT
[2m2026-01-29T07:27:31.957349Z[0m [32m INFO[0m [2mingestor_pairs::candles[0m[2m:[0m Loading 5m timeframe for DODOXUSDT
[2m2026-01-29T07:27:31.986389Z[0m [32m INFO[0m [2mingestor_pairs::candles[0m[2m:[0m Inserted 161 1m candles for DODOXUSDT
[2m2026-01-29T07:27:31.999342Z[0m [32m INFO[0m [2mingestor_pairs::candles[0m[2m:[0m Loading 15m timeframe for DODOXUSDT
[2m2026-01-29T07:27:32.366653Z[0m [32m INFO[0m [2mingestor_pairs::candles[0m[2m:[0m Inserted 10 15m candles for DODOXUSDT
[2m2026-01-29T07:27:32.368243Z[0m [32m INFO[0m [2mingestor_pairs::candles[0m[2m:[0m Inserted 32 5m candles for DODOXUSDT
[2m2026-01-29T07:27:32.375809Z[0m [32m INFO[0m [2mingestor_pairs::candles[0m[2m:[0m Loading 1h timeframe for DODOXUSDT
[2m2026-01-29T07:27:32.377650Z[0m [32m INFO[0m [2mingestor_pairs::candles[0m[2m:[0m Loading 4h timeframe for DODOXUSDT
[2m2026-01-29T07:27:32.765087Z[0m [32m INFO[0m [2mingestor_pairs::candles[0m[2m:[0m Inserted 0 4h candles for DODOXUSDT
[2m2026-01-29T07:27:32.772643Z[0m [32m INFO[0m [2mingestor_pairs::candles[0m[2m:[0m Inserted 3 1h candles for DODOXUSDT
[2m2026-01-29T07:27:32.775048Z[0m [32m INFO[0m [2mingestor_pairs::candles[0m[2m:[0m Loading 1d timeframe for DODOXUSDT
[2m2026-01-29T07:27:32.782749Z[0m [32m INFO[0m [2mingestor_pairs::candles[0m[2m:[0m Loading 1m timeframe for SEIUSDT
[2m2026-01-29T07:27:33.175544Z[0m [32m INFO[0m [2mingestor_pairs::candles[0m[2m:[0m Inserted 0 1d candles for DODOXUSDT
[2m2026-01-29T07:27:33.184966Z[0m [32m INFO[0m [2mingestor_pairs::candles[0m[2m:[0m Loading 5m timeframe for SEIUSDT
[2m2026-01-29T07:27:33.213978Z[0m [32m INFO[0m [2mingestor_pairs::candles[0m[2m:[0m Inserted 161 1m candles for SEIUSDT
[2m2026-01-29T07:27:33.223480Z[0m [32m INFO[0m [2mingestor_pairs::candles[0m[2m:[0m Loading 15m timeframe for SEIUSDT
[2m2026-01-29T07:27:33.592149Z[0m [32m INFO[0m [2mingestor_pairs::candles[0m[2m:[0m Inserted 10 15m candles for SEIUSDT
[2m2026-01-29T07:27:33.593975Z[0m [32m INFO[0m [2mingestor_pairs::candles[0m[2m:[0m Inserted 32 5m candles for SEIUSDT
[2m2026-01-29T07:27:33.602938Z[0m [32m INFO[0m [2mingestor_pairs::candles[0m[2m:[0m Loading 1h timeframe for SEIUSDT
[2m2026-01-29T07:27:33.606005Z[0m [32m INFO[0m [2mingestor_pairs::candles[0m[2m:[0m Loading 4h timeframe for SEIUSDT
[2m2026-01-29T07:27:33.994374Z[0m [32m INFO[0m [2mingestor_pairs::candles[0m[2m:[0m Inserted 0 4h candles for SEIUSDT
[2m2026-01-29T07:27:34.002503Z[0m [32m INFO[0m [2mingestor_pairs::candles[0m[2m:[0m Inserted 3 1h candles for SEIUSDT
[2m2026-01-29T07:27:34.004549Z[0m [32m INFO[0m [2mingestor_pairs::candles[0m[2m:[0m Loading 1d timeframe for SEIUSDT
[2m2026-01-29T07:27:34.014757Z[0m [32m INFO[0m [2mingestor_pairs::candles[0m[2m:[0m Loading 1m timeframe for CYBERUSDT
[2m2026-01-29T07:27:34.403916Z[0m [32m INFO[0m [2mingestor_pairs::candles[0m[2m:[0m Inserted 0 1d candles for SEIUSDT
[2m2026-01-29T07:27:34.413117Z[0m [32m INFO[0m [2mingestor_pairs::candles[0m[2m:[0m Loading 5m timeframe for CYBERUSDT
[2m2026-01-29T07:27:34.455095Z[0m [32m INFO[0m [2mingestor_pairs::candles[0m[2m:[0m Inserted 161 1m candles for CYBERUSDT
[2m2026-01-29T07:27:34.465778Z[0m [32m INFO[0m [2mingestor_pairs::candles[0m[2m:[0m Loading 15m timeframe for CYBERUSDT
[2m2026-01-29T07:27:34.822320Z[0m [32m INFO[0m [2mingestor_pairs::candles[0m[2m:[0m Inserted 10 15m candles for CYBERUSDT
[2m2026-01-29T07:27:34.824208Z[0m [32m INFO[0m [2mingestor_pairs::candles[0m[2m:[0m Inserted 32 5m candles for CYBERUSDT
[2m2026-01-29T07:27:34.833088Z[0m [32m INFO[0m [2mingestor_pairs::candles[0m[2m:[0m Loading 1h timeframe for CYBERUSDT
[2m2026-01-29T07:27:34.834154Z[0m [32m INFO[0m [2mingestor_pairs::candles[0m[2m:[0m Loading 4h timeframe for CYBERUSDT
[2m2026-01-29T07:27:35.223151Z[0m [32m INFO[0m [2mingestor_pairs::candles[0m[2m:[0m Inserted 0 4h candles for CYBERUSDT
[2m2026-01-29T07:27:35.232201Z[0m [32m INFO[0m [2mingestor_pairs::candles[0m[2m:[0m Loading 1d timeframe for CYBERUSDT
[2m2026-01-29T07:27:35.232777Z[0m [32m INFO[0m [2mingestor_pairs::candles[0m[2m:[0m Inserted 3 1h candles for CYBERUSDT
[2m2026-01-29T07:27:35.243903Z[0m [32m INFO[0m [2mingestor_pairs::candles[0m[2m:[0m Loading 1m timeframe for BIGTIMEUSDT
[2m2026-01-29T07:27:35.634511Z[0m [32m INFO[0m [2mingestor_pairs::candles[0m[2m:[0m Inserted 0 1d candles for CYBERUSDT
[2m2026-01-29T07:27:35.639954Z[0m [32m INFO[0m [2mingestor_pairs::candles[0m[2m:[0m Loading 5m timeframe for BIGTIMEUSDT
[2m2026-01-29T07:27:35.679755Z[0m [32m INFO[0m [2mingestor_pairs::candles[0m[2m:[0m Inserted 700 1m candles for BIGTIMEUSDT
[2m2026-01-29T07:27:35.683351Z[0m [32m INFO[0m [2mingestor_pairs::candles[0m[2m:[0m Loading 15m timeframe for BIGTIMEUSDT
[2m2026-01-29T07:27:36.090055Z[0m [32m INFO[0m [2mingestor_pairs::candles[0m[2m:[0m Inserted 700 15m candles for BIGTIMEUSDT
[2m2026-01-29T07:27:36.090144Z[0m [32m INFO[0m [2mingestor_pairs::candles[0m[2m:[0m Inserted 700 5m candles for BIGTIMEUSDT
[2m2026-01-29T07:27:36.093192Z[0m [32m INFO[0m [2mingestor_pairs::candles[0m[2m:[0m Loading 1h timeframe for BIGTIMEUSDT
[2m2026-01-29T07:27:36.093629Z[0m [32m INFO[0m [2mingestor_pairs::candles[0m[2m:[0m Loading 4h timeframe for BIGTIMEUSDT
[2m2026-01-29T07:27:36.491056Z[0m [32m INFO[0m [2mingestor_pairs::candles[0m[2m:[0m Inserted 700 1h candles for BIGTIMEUSDT
[2m2026-01-29T07:27:36.491197Z[0m [32m INFO[0m [2mingestor_pairs::candles[0m[2m:[0m Inserted 700 4h candles for BIGTIMEUSDT
[2m2026-01-29T07:27:36.494330Z[0m [32m INFO[0m [2mingestor_pairs::candles[0m[2m:[0m Loading 1d timeframe for BIGTIMEUSDT
[2m2026-01-29T07:27:36.494967Z[0m [32m INFO[0m [2mingestor_pairs::candles[0m[2m:[0m Loading 1m timeframe for POLYXUSDT
[2m2026-01-29T07:27:36.885160Z[0m [32m INFO[0m [2mingestor_pairs::candles[0m[2m:[0m Inserted 161 1m candles for POLYXUSDT
[2m2026-01-29T07:27:36.888595Z[0m [32m INFO[0m [2mingestor_pairs::candles[0m[2m:[0m Loading 1m timeframe for GASUSDT
[2m2026-01-29T07:27:36.900962Z[0m [32m INFO[0m [2mingestor_pairs::candles[0m[2m:[0m Inserted 700 1d candles for BIGTIMEUSDT
[2m2026-01-29T07:27:36.906157Z[0m [32m INFO[0m [2mingestor_pairs::candles[0m[2m:[0m Loading 5m timeframe for POLYXUSDT
[2m2026-01-29T07:27:37.280132Z[0m [32m INFO[0m [2mingestor_pairs::candles[0m[2m:[0m Inserted 32 5m candles for POLYXUSDT
[2m2026-01-29T07:27:37.288703Z[0m [32m INFO[0m [2mingestor_pairs::candles[0m[2m:[0m Loading 15m timeframe for POLYXUSDT
[2m2026-01-29T07:27:37.303234Z[0m [32m INFO[0m [2mingestor_pairs::candles[0m[2m:[0m Inserted 161 1m candles for GASUSDT
[2m2026-01-29T07:27:37.314970Z[0m [32m INFO[0m [2mingestor_pairs::candles[0m[2m:[0m Loading 1h timeframe for POLYXUSDT
[2m2026-01-29T07:27:37.686713Z[0m [32m INFO[0m [2mingestor_pairs::candles[0m[2m:[0m Inserted 10 15m candles for POLYXUSDT
[2m2026-01-29T07:27:37.687447Z[0m [32m INFO[0m [2mingestor_pairs::candles[0m[2m:[0m Inserted 3 1h candles for POLYXUSDT
[2m2026-01-29T07:27:37.695694Z[0m [32m INFO[0m [2mingestor_pairs::candles[0m[2m:[0m Loading 4h timeframe for POLYXUSDT
[2m2026-01-29T07:27:37.699477Z[0m [32m INFO[0m [2mingestor_pairs::candles[0m[2m:[0m Loading 1d timeframe for POLYXUSDT
[2m2026-01-29T07:27:38.089480Z[0m [32m INFO[0m [2mingestor_pairs::candles[0m[2m:[0m Inserted 0 1d candles for POLYXUSDT
[2m2026-01-29T07:27:38.089573Z[0m [32m INFO[0m [2mingestor_pairs::candles[0m[2m:[0m Inserted 0 4h candles for POLYXUSDT
[2m2026-01-29T07:27:38.093551Z[0m [32m INFO[0m [2mingestor_pairs::candles[0m[2m:[0m Loading 5m timeframe for GASUSDT
[2m2026-01-29T07:27:38.093955Z[0m [32m INFO[0m [2mingestor_pairs::candles[0m[2m:[0m Loading 15m timeframe for GASUSDT
[2m2026-01-29T07:27:38.506863Z[0m [32m INFO[0m [2mingestor_pairs::candles[0m[2m:[0m Inserted 10 15m candles for GASUSDT
[2m2026-01-29T07:27:38.508824Z[0m [32m INFO[0m [2mingestor_pairs::candles[0m[2m:[0m Inserted 32 5m candles for GASUSDT
[2m2026-01-29T07:27:38.514620Z[0m [32m INFO[0m [2mingestor_pairs::candles[0m[2m:[0m Loading 1h timeframe for GASUSDT
[2m2026-01-29T07:27:38.515514Z[0m [32m INFO[0m [2mingestor_pairs::candles[0m[2m:[0m Loading 4h timeframe for GASUSDT
[2m2026-01-29T07:27:39.011157Z[0m [32m INFO[0m [2mingestor_pairs::candles[0m[2m:[0m Inserted 0 4h candles for GASUSDT
[2m2026-01-29T07:27:39.018110Z[0m [32m INFO[0m [2mingestor_pairs::candles[0m[2m:[0m Inserted 3 1h candles for GASUSDT
[2m2026-01-29T07:27:39.018842Z[0m [32m INFO[0m [2mingestor_pairs::candles[0m[2m:[0m Loading 1d timeframe for GASUSDT
[2m2026-01-29T07:27:39.030552Z[0m [32m INFO[0m [2mingestor_pairs::candles[0m[2m:[0m Loading 1m timeframe for TIAUSDT
[2m2026-01-29T07:27:39.457352Z[0m [32m INFO[0m [2mingestor_pairs::candles[0m[2m:[0m Inserted 161 1m candles for TIAUSDT
[2m2026-01-29T07:27:39.462210Z[0m [32m INFO[0m [2mingestor_pairs::candles[0m[2m:[0m Loading 5m timeframe for TIAUSDT
[2m2026-01-29T07:27:39.840011Z[0m [32m INFO[0m [2mingestor_pairs::candles[0m[2m:[0m Inserted 32 5m candles for TIAUSDT
[2m2026-01-29T07:27:39.849959Z[0m [32m INFO[0m [2mingestor_pairs::candles[0m[2m:[0m Loading 15m timeframe for TIAUSDT
[2m2026-01-29T07:27:39.926023Z[0m [32m INFO[0m [2mingestor_pairs::candles[0m[2m:[0m Inserted 0 1d candles for GASUSDT
[2m2026-01-29T07:27:39.930612Z[0m [32m INFO[0m [2mingestor_pairs::candles[0m[2m:[0m Loading 1h timeframe for TIAUSDT
[2m2026-01-29T07:27:40.247586Z[0m [32m INFO[0m [2mingestor_pairs::candles[0m[2m:[0m Inserted 10 15m candles for TIAUSDT
[2m2026-01-29T07:27:40.248065Z[0m [32m INFO[0m [2mingestor_pairs::candles[0m[2m:[0m Inserted 3 1h candles for TIAUSDT
[2m2026-01-29T07:27:40.256655Z[0m [32m INFO[0m [2mingestor_pairs::candles[0m[2m:[0m Loading 4h timeframe for TIAUSDT
[2m2026-01-29T07:27:40.259412Z[0m [32m INFO[0m [2mingestor_pairs::candles[0m[2m:[0m Loading 1d timeframe for TIAUSDT
[2m2026-01-29T07:27:40.650556Z[0m [32m INFO[0m [2mingestor_pairs::candles[0m[2m:[0m Inserted 0 1d candles for TIAUSDT
[2m2026-01-29T07:27:40.650733Z[0m [32m INFO[0m [2mingestor_pairs::candles[0m[2m:[0m Inserted 0 4h candles for TIAUSDT
[2m2026-01-29T07:27:40.659063Z[0m [32m INFO[0m [2mingestor_pairs::candles[0m[2m:[0m Loading 1m timeframe for CAKEUSDT
[2m2026-01-29T07:27:40.659497Z[0m [32m INFO[0m [2mingestor_pairs::candles[0m[2m:[0m Loading 5m timeframe for CAKEUSDT
[2m2026-01-29T07:27:41.069746Z[0m [32m INFO[0m [2mingestor_pairs::candles[0m[2m:[0m Inserted 32 5m candles for CAKEUSDT
[2m2026-01-29T07:27:41.080093Z[0m [32m INFO[0m [2mingestor_pairs::candles[0m[2m:[0m Loading 15m timeframe for CAKEUSDT
[2m2026-01-29T07:27:41.093768Z[0m [32m INFO[0m [2mingestor_pairs::candles[0m[2m:[0m Inserted 161 1m candles for CAKEUSDT
[2m2026-01-29T07:27:41.106061Z[0m [32m INFO[0m [2mingestor_pairs::candles[0m[2m:[0m Loading 1h timeframe for CAKEUSDT
[2m2026-01-29T07:27:41.436090Z[0m [32m INFO[0m [2mingestor_pairs::candles[0m[2m:[0m Inserted 10 15m candles for CAKEUSDT
[2m2026-01-29T07:27:41.436491Z[0m [32m INFO[0m [2mingestor_pairs::candles[0m[2m:[0m Inserted 3 1h candles for CAKEUSDT
[2m2026-01-29T07:27:41.446167Z[0m [32m INFO[0m [2mingestor_pairs::candles[0m[2m:[0m Loading 4h timeframe for CAKEUSDT
[2m2026-01-29T07:27:41.447119Z[0m [32m INFO[0m [2mingestor_pairs::candles[0m[2m:[0m Loading 1d timeframe for CAKEUSDT
[2m2026-01-29T07:27:41.776258Z[0m [32m INFO[0m [2mingestor_pairs::candles[0m[2m:[0m Inserted 0 4h candles for CAKEUSDT
[2m2026-01-29T07:27:41.776274Z[0m [32m INFO[0m [2mingestor_pairs::candles[0m[2m:[0m Inserted 0 1d candles for CAKEUSDT
[2m2026-01-29T07:27:41.785749Z[0m [32m INFO[0m [2mingestor_pairs::candles[0m[2m:[0m Loading 5m timeframe for MEMEUSDT
[2m2026-01-29T07:27:41.788484Z[0m [32m INFO[0m [2mingestor_pairs::candles[0m[2m:[0m Loading 1m timeframe for MEMEUSDT
[2m2026-01-29T07:27:42.195621Z[0m [32m INFO[0m [2mingestor_pairs::candles[0m[2m:[0m Inserted 32 5m candles for MEMEUSDT
[2m2026-01-29T07:27:42.204876Z[0m [32m INFO[0m [2mingestor_pairs::candles[0m[2m:[0m Loading 15m timeframe for MEMEUSDT
[2m2026-01-29T07:27:42.229427Z[0m [32m INFO[0m [2mingestor_pairs::candles[0m[2m:[0m Inserted 161 1m candles for MEMEUSDT
[2m2026-01-29T07:27:42.246289Z[0m [32m INFO[0m [2mingestor_pairs::candles[0m[2m:[0m Loading 1h timeframe for MEMEUSDT
[2m2026-01-29T07:27:42.705118Z[0m [32m INFO[0m [2mingestor_pairs::candles[0m[2m:[0m Inserted 10 15m candles for MEMEUSDT
[2m2026-01-29T07:27:42.705757Z[0m [32m INFO[0m [2mingestor_pairs::candles[0m[2m:[0m Inserted 3 1h candles for MEMEUSDT
[2m2026-01-29T07:27:42.715017Z[0m [32m INFO[0m [2mingestor_pairs::candles[0m[2m:[0m Loading 4h timeframe for MEMEUSDT
[2m2026-01-29T07:27:42.715341Z[0m [32m INFO[0m [2mingestor_pairs::candles[0m[2m:[0m Loading 1d timeframe for MEMEUSDT
[2m2026-01-29T07:27:43.108081Z[0m [32m INFO[0m [2mingestor_pairs::candles[0m[2m:[0m Inserted 0 4h candles for MEMEUSDT
[2m2026-01-29T07:27:43.108252Z[0m [32m INFO[0m [2mingestor_pairs::candles[0m[2m:[0m Inserted 0 1d candles for MEMEUSDT
[2m2026-01-29T07:27:43.117296Z[0m [32m INFO[0m [2mingestor_pairs::candles[0m[2m:[0m Loading 5m timeframe for TWTUSDT
[2m2026-01-29T07:27:43.119282Z[0m [32m INFO[0m [2mingestor_pairs::candles[0m[2m:[0m Loading 1m timeframe for TWTUSDT
[2m2026-01-29T07:27:43.526288Z[0m [32m INFO[0m [2mingestor_pairs::candles[0m[2m:[0m Inserted 32 5m candles for TWTUSDT
[2m2026-01-29T07:27:43.534596Z[0m [32m INFO[0m [2mingestor_pairs::candles[0m[2m:[0m Loading 15m timeframe for TWTUSDT
[2m2026-01-29T07:27:43.552738Z[0m [32m INFO[0m [2mingestor_pairs::candles[0m[2m:[0m Inserted 161 1m candles for TWTUSDT
[2m2026-01-29T07:27:43.563626Z[0m [32m INFO[0m [2mingestor_pairs::candles[0m[2m:[0m Loading 1h timeframe for TWTUSDT
[2m2026-01-29T07:27:43.934280Z[0m [32m INFO[0m [2mingestor_pairs::candles[0m[2m:[0m Inserted 10 15m candles for TWTUSDT
[2m2026-01-29T07:27:43.935194Z[0m [32m INFO[0m [2mingestor_pairs::candles[0m[2m:[0m Inserted 3 1h candles for TWTUSDT
[2m2026-01-29T07:27:43.943566Z[0m [32m INFO[0m [2mingestor_pairs::candles[0m[2m:[0m Loading 4h timeframe for TWTUSDT
[2m2026-01-29T07:27:43.945513Z[0m [32m INFO[0m [2mingestor_pairs::candles[0m[2m:[0m Loading 1d timeframe for TWTUSDT
[2m2026-01-29T07:27:44.338416Z[0m [32m INFO[0m [2mingestor_pairs::candles[0m[2m:[0m Inserted 0 4h candles for TWTUSDT
[2m2026-01-29T07:27:44.338534Z[0m [32m INFO[0m [2mingestor_pairs::candles[0m[2m:[0m Inserted 0 1d candles for TWTUSDT
[2m2026-01-29T07:27:44.349198Z[0m [32m INFO[0m [2mingestor_pairs::candles[0m[2m:[0m Loading 1m timeframe for ORDIUSDT
[2m2026-01-29T07:27:44.349327Z[0m [32m INFO[0m [2mingestor_pairs::candles[0m[2m:[0m Loading 5m timeframe for ORDIUSDT
[2m2026-01-29T07:27:44.772476Z[0m [32m INFO[0m [2mingestor_pairs::candles[0m[2m:[0m Inserted 32 5m candles for ORDIUSDT
[2m2026-01-29T07:27:44.781556Z[0m [32m INFO[0m [2mingestor_pairs::candles[0m[2m:[0m Loading 15m timeframe for ORDIUSDT
[2m2026-01-29T07:27:44.798034Z[0m [32m INFO[0m [2mingestor_pairs::candles[0m[2m:[0m Inserted 161 1m candles for ORDIUSDT
[2m2026-01-29T07:27:44.808538Z[0m [32m INFO[0m [2mingestor_pairs::candles[0m[2m:[0m Loading 1h timeframe for ORDIUSDT
[2m2026-01-29T07:27:45.162962Z[0m [32m INFO[0m [2mingestor_pairs::candles[0m[2m:[0m Inserted 10 15m candles for ORDIUSDT
[2m2026-01-29T07:27:45.163620Z[0m [32m INFO[0m [2mingestor_pairs::candles[0m[2m:[0m Inserted 3 1h candles for ORDIUSDT
[2m2026-01-29T07:27:45.172345Z[0m [32m INFO[0m [2mingestor_pairs::candles[0m[2m:[0m Loading 4h timeframe for ORDIUSDT
[2m2026-01-29T07:27:45.174322Z[0m [32m INFO[0m [2mingestor_pairs::candles[0m[2m:[0m Loading 1d timeframe for ORDIUSDT
[2m2026-01-29T07:27:45.565444Z[0m [32m INFO[0m [2mingestor_pairs::candles[0m[2m:[0m Inserted 0 1d candles for ORDIUSDT
[2m2026-01-29T07:27:45.565564Z[0m [32m INFO[0m [2mingestor_pairs::candles[0m[2m:[0m Inserted 0 4h candles for ORDIUSDT
[2m2026-01-29T07:27:45.574213Z[0m [32m INFO[0m [2mingestor_pairs::candles[0m[2m:[0m Loading 1m timeframe for KASUSDT
[2m2026-01-29T07:27:45.578076Z[0m [32m INFO[0m [2mingestor_pairs::candles[0m[2m:[0m Loading 5m timeframe for KASUSDT
[2m2026-01-29T07:27:45.983477Z[0m [32m INFO[0m [2mingestor_pairs::candles[0m[2m:[0m Inserted 32 5m candles for KASUSDT
[2m2026-01-29T07:27:45.992275Z[0m [32m INFO[0m [2mingestor_pairs::candles[0m[2m:[0m Loading 15m timeframe for KASUSDT
[2m2026-01-29T07:27:46.007468Z[0m [32m INFO[0m [2mingestor_pairs::candles[0m[2m:[0m Inserted 161 1m candles for KASUSDT
[2m2026-01-29T07:27:46.017641Z[0m [32m INFO[0m [2mingestor_pairs::candles[0m[2m:[0m Loading 1h timeframe for KASUSDT
[2m2026-01-29T07:27:46.391099Z[0m [32m INFO[0m [2mingestor_pairs::candles[0m[2m:[0m Inserted 10 15m candles for KASUSDT
[2m2026-01-29T07:27:46.391694Z[0m [32m INFO[0m [2mingestor_pairs::candles[0m[2m:[0m Inserted 3 1h candles for KASUSDT
[2m2026-01-29T07:27:46.400248Z[0m [32m INFO[0m [2mingestor_pairs::candles[0m[2m:[0m Loading 4h timeframe for KASUSDT
[2m2026-01-29T07:27:46.402484Z[0m [32m INFO[0m [2mingestor_pairs::candles[0m[2m:[0m Loading 1d timeframe for KASUSDT
[2m2026-01-29T07:27:46.793594Z[0m [32m INFO[0m [2mingestor_pairs::candles[0m[2m:[0m Inserted 0 4h candles for KASUSDT
[2m2026-01-29T07:27:46.793668Z[0m [32m INFO[0m [2mingestor_pairs::candles[0m[2m:[0m Inserted 0 1d candles for KASUSDT
[2m2026-01-29T07:27:46.803134Z[0m [32m INFO[0m [2mingestor_pairs::candles[0m[2m:[0m Loading 5m timeframe for BEAMXUSDT
[2m2026-01-29T07:27:46.804780Z[0m [32m INFO[0m [2mingestor_pairs::candles[0m[2m:[0m Loading 1m timeframe for BEAMXUSDT
[2m2026-01-29T07:27:47.214358Z[0m [32m INFO[0m [2mingestor_pairs::candles[0m[2m:[0m Inserted 32 5m candles for BEAMXUSDT
[2m2026-01-29T07:27:47.222492Z[0m [32m INFO[0m [2mingestor_pairs::candles[0m[2m:[0m Loading 15m timeframe for BEAMXUSDT
[2m2026-01-29T07:27:47.238684Z[0m [32m INFO[0m [2mingestor_pairs::candles[0m[2m:[0m Inserted 161 1m candles for BEAMXUSDT
[2m2026-01-29T07:27:47.250070Z[0m [32m INFO[0m [2mingestor_pairs::candles[0m[2m:[0m Loading 1h timeframe for BEAMXUSDT
[2m2026-01-29T07:27:47.621880Z[0m [32m INFO[0m [2mingestor_pairs::candles[0m[2m:[0m Inserted 10 15m candles for BEAMXUSDT
[2m2026-01-29T07:27:47.621896Z[0m [32m INFO[0m [2mingestor_pairs::candles[0m[2m:[0m Inserted 3 1h candles for BEAMXUSDT
[2m2026-01-29T07:27:47.631259Z[0m [32m INFO[0m [2mingestor_pairs::candles[0m[2m:[0m Loading 1d timeframe for BEAMXUSDT
[2m2026-01-29T07:27:47.633187Z[0m [32m INFO[0m [2mingestor_pairs::candles[0m[2m:[0m Loading 4h timeframe for BEAMXUSDT
[2m2026-01-29T07:27:48.022090Z[0m [32m INFO[0m [2mingestor_pairs::candles[0m[2m:[0m Inserted 0 4h candles for BEAMXUSDT
[2m2026-01-29T07:27:48.022380Z[0m [32m INFO[0m [2mingestor_pairs::candles[0m[2m:[0m Inserted 0 1d candles for BEAMXUSDT
[2m2026-01-29T07:27:48.032582Z[0m [32m INFO[0m [2mingestor_pairs::candles[0m[2m:[0m Loading 1m timeframe for 1000BONKUSDT
[2m2026-01-29T07:27:48.033013Z[0m [32m INFO[0m [2mingestor_pairs::candles[0m[2m:[0m Loading 5m timeframe for 1000BONKUSDT
[2m2026-01-29T07:27:48.445431Z[0m [32m INFO[0m [2mingestor_pairs::candles[0m[2m:[0m Inserted 32 5m candles for 1000BONKUSDT
[2m2026-01-29T07:27:48.452845Z[0m [32m INFO[0m [2mingestor_pairs::candles[0m[2m:[0m Loading 15m timeframe for 1000BONKUSDT
[2m2026-01-29T07:27:48.460142Z[0m [32m INFO[0m [2mingestor_pairs::candles[0m[2m:[0m Inserted 161 1m candles for 1000BONKUSDT
[2m2026-01-29T07:27:48.464327Z[0m [32m INFO[0m [2mingestor_pairs::candles[0m[2m:[0m Loading 1h timeframe for 1000BONKUSDT
[2m2026-01-29T07:27:48.849321Z[0m [32m INFO[0m [2mingestor_pairs::candles[0m[2m:[0m Inserted 10 15m candles for 1000BONKUSDT
[2m2026-01-29T07:27:48.850020Z[0m [32m INFO[0m [2mingestor_pairs::candles[0m[2m:[0m Inserted 3 1h candles for 1000BONKUSDT
[2m2026-01-29T07:27:48.858609Z[0m [32m INFO[0m [2mingestor_pairs::candles[0m[2m:[0m Loading 4h timeframe for 1000BONKUSDT
[2m2026-01-29T07:27:48.860608Z[0m [32m INFO[0m [2mingestor_pairs::candles[0m[2m:[0m Loading 1d timeframe for 1000BONKUSDT
[2m2026-01-29T07:27:49.174698Z[0m [32m INFO[0m [2mingestor_pairs::candles[0m[2m:[0m Inserted 0 4h candles for 1000BONKUSDT
[2m2026-01-29T07:27:49.181276Z[0m [32m INFO[0m [2mingestor_pairs::candles[0m[2m:[0m Inserted 0 1d candles for 1000BONKUSDT
[2m2026-01-29T07:27:49.184315Z[0m [32m INFO[0m [2mingestor_pairs::candles[0m[2m:[0m Loading 1m timeframe for PYTHUSDT
[2m2026-01-29T07:27:49.201092Z[0m [32m INFO[0m [2mingestor_pairs::candles[0m[2m:[0m Loading 5m timeframe for PYTHUSDT
[2m2026-01-29T07:27:49.567862Z[0m [32m INFO[0m [2mingestor_pairs::candles[0m[2m:[0m Inserted 32 5m candles for PYTHUSDT
[2m2026-01-29T07:27:49.575978Z[0m [32m INFO[0m [2mingestor_pairs::candles[0m[2m:[0m Loading 15m timeframe for PYTHUSDT
[2m2026-01-29T07:27:49.590730Z[0m [32m INFO[0m [2mingestor_pairs::candles[0m[2m:[0m Inserted 161 1m candles for PYTHUSDT
[2m2026-01-29T07:27:49.603736Z[0m [32m INFO[0m [2mingestor_pairs::candles[0m[2m:[0m Loading 1h timeframe for PYTHUSDT
[2m2026-01-29T07:27:49.975323Z[0m [32m INFO[0m [2mingestor_pairs::candles[0m[2m:[0m Inserted 10 15m candles for PYTHUSDT
[2m2026-01-29T07:27:49.975394Z[0m [32m INFO[0m [2mingestor_pairs::candles[0m[2m:[0m Inserted 3 1h candles for PYTHUSDT
[2m2026-01-29T07:27:49.982912Z[0m [32m INFO[0m [2mingestor_pairs::candles[0m[2m:[0m Loading 1d timeframe for PYTHUSDT
[2m2026-01-29T07:27:49.984663Z[0m [32m INFO[0m [2mingestor_pairs::candles[0m[2m:[0m Loading 4h timeframe for PYTHUSDT
[2m2026-01-29T07:27:50.378205Z[0m [32m INFO[0m [2mingestor_pairs::candles[0m[2m:[0m Inserted 0 1d candles for PYTHUSDT
[2m2026-01-29T07:27:50.378205Z[0m [32m INFO[0m [2mingestor_pairs::candles[0m[2m:[0m Inserted 0 4h candles for PYTHUSDT
[2m2026-01-29T07:27:50.388190Z[0m [32m INFO[0m [2mingestor_pairs::candles[0m[2m:[0m Loading 5m timeframe for SUPERUSDT
[2m2026-01-29T07:27:50.394051Z[0m [32m INFO[0m [2mingestor_pairs::candles[0m[2m:[0m Loading 1m timeframe for SUPERUSDT
[2m2026-01-29T07:27:50.796784Z[0m [32m INFO[0m [2mingestor_pairs::candles[0m[2m:[0m Inserted 32 5m candles for SUPERUSDT
[2m2026-01-29T07:27:50.805024Z[0m [32m INFO[0m [2mingestor_pairs::candles[0m[2m:[0m Loading 15m timeframe for SUPERUSDT
[2m2026-01-29T07:27:50.820015Z[0m [32m INFO[0m [2mingestor_pairs::candles[0m[2m:[0m Inserted 161 1m candles for SUPERUSDT
[2m2026-01-29T07:27:50.830427Z[0m [32m INFO[0m [2mingestor_pairs::candles[0m[2m:[0m Loading 1h timeframe for SUPERUSDT
[2m2026-01-29T07:27:51.205398Z[0m [32m INFO[0m [2mingestor_pairs::candles[0m[2m:[0m Inserted 10 15m candles for SUPERUSDT
[2m2026-01-29T07:27:51.206294Z[0m [32m INFO[0m [2mingestor_pairs::candles[0m[2m:[0m Inserted 3 1h candles for SUPERUSDT
[2m2026-01-29T07:27:51.214499Z[0m [32m INFO[0m [2mingestor_pairs::candles[0m[2m:[0m Loading 4h timeframe for SUPERUSDT
[2m2026-01-29T07:27:51.216266Z[0m [32m INFO[0m [2mingestor_pairs::candles[0m[2m:[0m Loading 1d timeframe for SUPERUSDT
[2m2026-01-29T07:27:51.606734Z[0m [32m INFO[0m [2mingestor_pairs::candles[0m[2m:[0m Inserted 0 4h candles for SUPERUSDT
[2m2026-01-29T07:27:51.607076Z[0m [32m INFO[0m [2mingestor_pairs::candles[0m[2m:[0m Inserted 0 1d candles for SUPERUSDT
[2m2026-01-29T07:27:51.615942Z[0m [32m INFO[0m [2mingestor_pairs::candles[0m[2m:[0m Loading 1m timeframe for ONGUSDT
[2m2026-01-29T07:27:51.617615Z[0m [32m INFO[0m [2mingestor_pairs::candles[0m[2m:[0m Loading 5m timeframe for ONGUSDT
[2m2026-01-29T07:27:52.020626Z[0m [32m INFO[0m [2mingestor_pairs::candles[0m[2m:[0m Inserted 32 5m candles for ONGUSDT
[2m2026-01-29T07:27:52.026944Z[0m [32m INFO[0m [2mingestor_pairs::candles[0m[2m:[0m Loading 15m timeframe for ONGUSDT
[2m2026-01-29T07:27:52.033718Z[0m [32m INFO[0m [2mingestor_pairs::candles[0m[2m:[0m Inserted 161 1m candles for ONGUSDT
[2m2026-01-29T07:27:52.039899Z[0m [32m INFO[0m [2mingestor_pairs::candles[0m[2m:[0m Loading 1h timeframe for ONGUSDT
[2m2026-01-29T07:27:52.434690Z[0m [32m INFO[0m [2mingestor_pairs::candles[0m[2m:[0m Inserted 10 15m candles for ONGUSDT
[2m2026-01-29T07:27:52.437323Z[0m [32m INFO[0m [2mingestor_pairs::candles[0m[2m:[0m Inserted 3 1h candles for ONGUSDT
[2m2026-01-29T07:27:52.451672Z[0m [32m INFO[0m [2mingestor_pairs::candles[0m[2m:[0m Loading 1d timeframe for ONGUSDT
[2m2026-01-29T07:27:52.453400Z[0m [32m INFO[0m [2mingestor_pairs::candles[0m[2m:[0m Loading 4h timeframe for ONGUSDT
[2m2026-01-29T07:27:52.938432Z[0m [32m INFO[0m [2mingestor_pairs::candles[0m[2m:[0m Inserted 0 1d candles for ONGUSDT
[2m2026-01-29T07:27:52.939361Z[0m [32m INFO[0m [2mingestor_pairs::candles[0m[2m:[0m Inserted 0 4h candles for ONGUSDT
[2m2026-01-29T07:27:52.954703Z[0m [32m INFO[0m [2mingestor_pairs::candles[0m[2m:[0m Loading 5m timeframe for JTOUSDT
[2m2026-01-29T07:27:52.957299Z[0m [32m INFO[0m [2mingestor_pairs::candles[0m[2m:[0m Loading 1m timeframe for JTOUSDT
[2m2026-01-29T07:27:53.456780Z[0m [32m INFO[0m [2mingestor_pairs::candles[0m[2m:[0m Inserted 32 5m candles for JTOUSDT
[2m2026-01-29T07:27:53.469874Z[0m [32m INFO[0m [2mingestor_pairs::candles[0m[2m:[0m Loading 15m timeframe for JTOUSDT
[2m2026-01-29T07:27:53.483567Z[0m [32m INFO[0m [2mingestor_pairs::candles[0m[2m:[0m Inserted 161 1m candles for JTOUSDT
[2m2026-01-29T07:27:53.488866Z[0m [32m INFO[0m [2mingestor_pairs::candles[0m[2m:[0m Loading 1h timeframe for JTOUSDT
[2m2026-01-29T07:27:53.866646Z[0m [32m INFO[0m [2mingestor_pairs::candles[0m[2m:[0m Inserted 10 15m candles for JTOUSDT
[2m2026-01-29T07:27:53.875756Z[0m [32m INFO[0m [2mingestor_pairs::candles[0m[2m:[0m Loading 4h timeframe for JTOUSDT
[2m2026-01-29T07:27:54.181883Z[0m [32m INFO[0m [2mingestor_pairs::candles[0m[2m:[0m Inserted 0 4h candles for JTOUSDT
[2m2026-01-29T07:27:54.190448Z[0m [32m INFO[0m [2mingestor_pairs::candles[0m[2m:[0m Loading 1d timeframe for JTOUSDT
[2m2026-01-29T07:27:54.476081Z[0m [32m INFO[0m [2mingestor_pairs::candles[0m[2m:[0m Inserted 3 1h candles for JTOUSDT
[2m2026-01-29T07:27:54.480306Z[0m [32m INFO[0m [2mingestor_pairs::candles[0m[2m:[0m Loading 1m timeframe for 1000SATSUSDT
[2m2026-01-29T07:27:54.489486Z[0m [32m INFO[0m [2mingestor_pairs::candles[0m[2m:[0m Inserted 0 1d candles for JTOUSDT
[2m2026-01-29T07:27:54.497567Z[0m [32m INFO[0m [2mingestor_pairs::candles[0m[2m:[0m Loading 5m timeframe for 1000SATSUSDT
[2m2026-01-29T07:27:54.894090Z[0m [32m INFO[0m [2mingestor_pairs::candles[0m[2m:[0m Inserted 32 5m candles for 1000SATSUSDT
[2m2026-01-29T07:27:54.902649Z[0m [32m INFO[0m [2mingestor_pairs::candles[0m[2m:[0m Loading 15m timeframe for 1000SATSUSDT
[2m2026-01-29T07:27:54.915780Z[0m [32m INFO[0m [2mingestor_pairs::candles[0m[2m:[0m Inserted 161 1m candles for 1000SATSUSDT
[2m2026-01-29T07:27:54.927056Z[0m [32m INFO[0m [2mingestor_pairs::candles[0m[2m:[0m Loading 1h timeframe for 1000SATSUSDT
[2m2026-01-29T07:27:55.298594Z[0m [32m INFO[0m [2mingestor_pairs::candles[0m[2m:[0m Inserted 10 15m candles for 1000SATSUSDT
[2m2026-01-29T07:27:55.299293Z[0m [32m INFO[0m [2mingestor_pairs::candles[0m[2m:[0m Inserted 3 1h candles for 1000SATSUSDT
[2m2026-01-29T07:27:55.306129Z[0m [32m INFO[0m [2mingestor_pairs::candles[0m[2m:[0m Loading 4h timeframe for 1000SATSUSDT
[2m2026-01-29T07:27:55.310049Z[0m [32m INFO[0m [2mingestor_pairs::candles[0m[2m:[0m Loading 1d timeframe for 1000SATSUSDT
[2m2026-01-29T07:27:55.702048Z[0m [32m INFO[0m [2mingestor_pairs::candles[0m[2m:[0m Inserted 0 4h candles for 1000SATSUSDT
[2m2026-01-29T07:27:55.702048Z[0m [32m INFO[0m [2mingestor_pairs::candles[0m[2m:[0m Inserted 0 1d candles for 1000SATSUSDT
[2m2026-01-29T07:27:55.709719Z[0m [32m INFO[0m [2mingestor_pairs::candles[0m[2m:[0m Loading 1m timeframe for AUCTIONUSDT
[2m2026-01-29T07:27:55.710623Z[0m [32m INFO[0m [2mingestor_pairs::candles[0m[2m:[0m Loading 5m timeframe for AUCTIONUSDT
[2m2026-01-29T07:27:56.120806Z[0m [32m INFO[0m [2mingestor_pairs::candles[0m[2m:[0m Inserted 32 5m candles for AUCTIONUSDT
[2m2026-01-29T07:27:56.128713Z[0m [32m INFO[0m [2mingestor_pairs::candles[0m[2m:[0m Loading 15m timeframe for AUCTIONUSDT
[2m2026-01-29T07:27:56.131450Z[0m [32m INFO[0m [2mingestor_pairs::candles[0m[2m:[0m Inserted 161 1m candles for AUCTIONUSDT
[2m2026-01-29T07:27:56.140324Z[0m [32m INFO[0m [2mingestor_pairs::candles[0m[2m:[0m Loading 1h timeframe for AUCTIONUSDT
[2m2026-01-29T07:27:56.527734Z[0m [32m INFO[0m [2mingestor_pairs::candles[0m[2m:[0m Inserted 3 1h candles for AUCTIONUSDT
[2m2026-01-29T07:27:56.529012Z[0m [32m INFO[0m [2mingestor_pairs::candles[0m[2m:[0m Inserted 10 15m candles for AUCTIONUSDT
[2m2026-01-29T07:27:56.534057Z[0m [32m INFO[0m [2mingestor_pairs::candles[0m[2m:[0m Loading 4h timeframe for AUCTIONUSDT
[2m2026-01-29T07:27:56.535824Z[0m [32m INFO[0m [2mingestor_pairs::candles[0m[2m:[0m Loading 1d timeframe for AUCTIONUSDT
[2m2026-01-29T07:27:56.932330Z[0m [32m INFO[0m [2mingestor_pairs::candles[0m[2m:[0m Inserted 0 1d candles for AUCTIONUSDT
[2m2026-01-29T07:27:56.932359Z[0m [32m INFO[0m [2mingestor_pairs::candles[0m[2m:[0m Inserted 0 4h candles for AUCTIONUSDT
[2m2026-01-29T07:27:56.941613Z[0m [32m INFO[0m [2mingestor_pairs::candles[0m[2m:[0m Loading 1m timeframe for 1000RATSUSDT
[2m2026-01-29T07:27:56.942293Z[0m [32m INFO[0m [2mingestor_pairs::candles[0m[2m:[0m Loading 5m timeframe for 1000RATSUSDT
[2m2026-01-29T07:27:57.350844Z[0m [32m INFO[0m [2mingestor_pairs::candles[0m[2m:[0m Inserted 32 5m candles for 1000RATSUSDT
[2m2026-01-29T07:27:57.359152Z[0m [32m INFO[0m [2mingestor_pairs::candles[0m[2m:[0m Loading 15m timeframe for 1000RATSUSDT
[2m2026-01-29T07:27:57.374331Z[0m [32m INFO[0m [2mingestor_pairs::candles[0m[2m:[0m Inserted 161 1m candles for 1000RATSUSDT
[2m2026-01-29T07:27:57.385549Z[0m [32m INFO[0m [2mingestor_pairs::candles[0m[2m:[0m Loading 1h timeframe for 1000RATSUSDT
[2m2026-01-29T07:27:57.757695Z[0m [32m INFO[0m [2mingestor_pairs::candles[0m[2m:[0m Inserted 10 15m candles for 1000RATSUSDT
[2m2026-01-29T07:27:57.758217Z[0m [32m INFO[0m [2mingestor_pairs::candles[0m[2m:[0m Inserted 3 1h candles for 1000RATSUSDT
[2m2026-01-29T07:27:57.766676Z[0m [32m INFO[0m [2mingestor_pairs::candles[0m[2m:[0m Loading 4h timeframe for 1000RATSUSDT
[2m2026-01-29T07:27:57.768210Z[0m [32m INFO[0m [2mingestor_pairs::candles[0m[2m:[0m Loading 1d timeframe for 1000RATSUSDT
[2m2026-01-29T07:27:58.160834Z[0m [32m INFO[0m [2mingestor_pairs::candles[0m[2m:[0m Inserted 0 1d candles for 1000RATSUSDT
[2m2026-01-29T07:27:58.160834Z[0m [32m INFO[0m [2mingestor_pairs::candles[0m[2m:[0m Inserted 0 4h candles for 1000RATSUSDT
[2m2026-01-29T07:27:58.164020Z[0m [32m INFO[0m [2mingestor_pairs::candles[0m[2m:[0m Loading 1m timeframe for NFPUSDT
[2m2026-01-29T07:27:58.164481Z[0m [32m INFO[0m [2mingestor_pairs::candles[0m[2m:[0m Loading 5m timeframe for NFPUSDT
[2m2026-01-29T07:27:58.498198Z[0m [32m INFO[0m [2mingestor_pairs::candles[0m[2m:[0m Inserted 700 5m candles for NFPUSDT
[2m2026-01-29T07:27:58.501386Z[0m [32m INFO[0m [2mingestor_pairs::candles[0m[2m:[0m Loading 15m timeframe for NFPUSDT
[2m2026-01-29T07:27:58.510449Z[0m [32m INFO[0m [2mingestor_pairs::candles[0m[2m:[0m Inserted 700 1m candles for NFPUSDT
[2m2026-01-29T07:27:58.514108Z[0m [32m INFO[0m [2mingestor_pairs::candles[0m[2m:[0m Loading 1h timeframe for NFPUSDT
[2m2026-01-29T07:27:58.881735Z[0m [32m INFO[0m [2mingestor_pairs::candles[0m[2m:[0m Inserted 700 15m candles for NFPUSDT
[2m2026-01-29T07:27:58.881805Z[0m [32m INFO[0m [2mingestor_pairs::candles[0m[2m:[0m Inserted 700 1h candles for NFPUSDT
[2m2026-01-29T07:27:58.885319Z[0m [32m INFO[0m [2mingestor_pairs::candles[0m[2m:[0m Loading 4h timeframe for NFPUSDT
[2m2026-01-29T07:27:58.885713Z[0m [32m INFO[0m [2mingestor_pairs::candles[0m[2m:[0m Loading 1d timeframe for NFPUSDT
[2m2026-01-29T07:27:59.335813Z[0m [32m INFO[0m [2mingestor_pairs::candles[0m[2m:[0m Inserted 700 4h candles for NFPUSDT
[2m2026-01-29T07:27:59.338780Z[0m [32m INFO[0m [2mingestor_pairs::candles[0m[2m:[0m Inserted 700 1d candles for NFPUSDT
[2m2026-01-29T07:27:59.345209Z[0m [32m INFO[0m [2mingestor_pairs::candles[0m[2m:[0m Loading 1m timeframe for XAIUSDT
[2m2026-01-29T07:27:59.345440Z[0m [32m INFO[0m [2mingestor_pairs::candles[0m[2m:[0m Loading 5m timeframe for XAIUSDT
[2m2026-01-29T07:27:59.707082Z[0m [32m INFO[0m [2mingestor_pairs::candles[0m[2m:[0m Inserted 32 5m candles for XAIUSDT
[2m2026-01-29T07:27:59.715988Z[0m [32m INFO[0m [2mingestor_pairs::candles[0m[2m:[0m Loading 15m timeframe for XAIUSDT
[2m2026-01-29T07:27:59.718712Z[0m [32m INFO[0m [2mingestor_pairs::candles[0m[2m:[0m Inserted 161 1m candles for XAIUSDT
[2m2026-01-29T07:27:59.724795Z[0m [32m INFO[0m [2mingestor_pairs::candles[0m[2m:[0m Loading 1h timeframe for XAIUSDT
[2m2026-01-29T07:28:00.113330Z[0m [32m INFO[0m [2mingestor_pairs::candles[0m[2m:[0m Inserted 10 15m candles for XAIUSDT
[2m2026-01-29T07:28:00.113372Z[0m [32m INFO[0m [2mingestor_pairs::candles[0m[2m:[0m Inserted 3 1h candles for XAIUSDT
[2m2026-01-29T07:28:00.121918Z[0m [32m INFO[0m [2mingestor_pairs::candles[0m[2m:[0m Loading 4h timeframe for XAIUSDT
[2m2026-01-29T07:28:00.123111Z[0m [32m INFO[0m [2mingestor_pairs::candles[0m[2m:[0m Loading 1d timeframe for XAIUSDT
[2m2026-01-29T07:28:00.515834Z[0m [32m INFO[0m [2mingestor_pairs::candles[0m[2m:[0m Inserted 0 4h candles for XAIUSDT
[2m2026-01-29T07:28:00.516044Z[0m [32m INFO[0m [2mingestor_pairs::candles[0m[2m:[0m Inserted 0 1d candles for XAIUSDT
[2m2026-01-29T07:28:00.523369Z[0m [32m INFO[0m [2mingestor_pairs::candles[0m[2m:[0m Loading 5m timeframe for WIFUSDT
[2m2026-01-29T07:28:00.525198Z[0m [32m INFO[0m [2mingestor_pairs::candles[0m[2m:[0m Loading 1m timeframe for WIFUSDT
[2m2026-01-29T07:28:00.940750Z[0m [32m INFO[0m [2mingestor_pairs::candles[0m[2m:[0m Inserted 32 5m candles for WIFUSDT
[2m2026-01-29T07:28:00.948791Z[0m [32m INFO[0m [2mingestor_pairs::candles[0m[2m:[0m Loading 15m timeframe for WIFUSDT
[2m2026-01-29T07:28:00.956862Z[0m [32m INFO[0m [2mingestor_pairs::candles[0m[2m:[0m Inserted 161 1m candles for WIFUSDT
[2m2026-01-29T07:28:00.960572Z[0m [32m INFO[0m [2mingestor_pairs::candles[0m[2m:[0m Loading 1h timeframe for WIFUSDT
[2m2026-01-29T07:28:01.345022Z[0m [32m INFO[0m [2mingestor_pairs::candles[0m[2m:[0m Inserted 10 15m candles for WIFUSDT
[2m2026-01-29T07:28:01.347848Z[0m [32m INFO[0m [2mingestor_pairs::candles[0m[2m:[0m Inserted 3 1h candles for WIFUSDT
[2m2026-01-29T07:28:01.354700Z[0m [32m INFO[0m [2mingestor_pairs::candles[0m[2m:[0m Loading 4h timeframe for WIFUSDT
[2m2026-01-29T07:28:01.360731Z[0m [32m INFO[0m [2mingestor_pairs::candles[0m[2m:[0m Loading 1d timeframe for WIFUSDT
[2m2026-01-29T07:28:01.744578Z[0m [32m INFO[0m [2mingestor_pairs::candles[0m[2m:[0m Inserted 0 1d candles for WIFUSDT
[2m2026-01-29T07:28:01.744778Z[0m [32m INFO[0m [2mingestor_pairs::candles[0m[2m:[0m Inserted 0 4h candles for WIFUSDT
[2m2026-01-29T07:28:01.755456Z[0m [32m INFO[0m [2mingestor_pairs::candles[0m[2m:[0m Loading 1m timeframe for MANTAUSDT
[2m2026-01-29T07:28:01.756061Z[0m [32m INFO[0m [2mingestor_pairs::candles[0m[2m:[0m Loading 5m timeframe for MANTAUSDT
[2m2026-01-29T07:28:02.162045Z[0m [32m INFO[0m [2mingestor_pairs::candles[0m[2m:[0m Inserted 32 5m candles for MANTAUSDT
[2m2026-01-29T07:28:02.166281Z[0m [32m INFO[0m [2mingestor_pairs::candles[0m[2m:[0m Loading 15m timeframe for MANTAUSDT
[2m2026-01-29T07:28:02.172879Z[0m [32m INFO[0m [2mingestor_pairs::candles[0m[2m:[0m Inserted 161 1m candles for MANTAUSDT
[2m2026-01-29T07:28:02.178191Z[0m [32m INFO[0m [2mingestor_pairs::candles[0m[2m:[0m Loading 1h timeframe for MANTAUSDT
[2m2026-01-29T07:28:02.571211Z[0m [32m INFO[0m [2mingestor_pairs::candles[0m[2m:[0m Inserted 3 1h candles for MANTAUSDT
[2m2026-01-29T07:28:02.571258Z[0m [32m INFO[0m [2mingestor_pairs::candles[0m[2m:[0m Inserted 10 15m candles for MANTAUSDT
[2m2026-01-29T07:28:02.576510Z[0m [32m INFO[0m [2mingestor_pairs::candles[0m[2m:[0m Loading 1d timeframe for MANTAUSDT
[2m2026-01-29T07:28:02.578146Z[0m [32m INFO[0m [2mingestor_pairs::candles[0m[2m:[0m Loading 4h timeframe for MANTAUSDT
[2m2026-01-29T07:28:02.973433Z[0m [32m INFO[0m [2mingestor_pairs::candles[0m[2m:[0m Inserted 0 4h candles for MANTAUSDT
[2m2026-01-29T07:28:02.973433Z[0m [32m INFO[0m [2mingestor_pairs::candles[0m[2m:[0m Inserted 0 1d candles for MANTAUSDT
[2m2026-01-29T07:28:02.979224Z[0m [32m INFO[0m [2mingestor_pairs::candles[0m[2m:[0m Loading 1m timeframe for ONDOUSDT
[2m2026-01-29T07:28:02.979224Z[0m [32m INFO[0m [2mingestor_pairs::candles[0m[2m:[0m Loading 5m timeframe for ONDOUSDT
[2m2026-01-29T07:28:03.393008Z[0m [32m INFO[0m [2mingestor_pairs::candles[0m[2m:[0m Inserted 32 5m candles for ONDOUSDT
[2m2026-01-29T07:28:03.401533Z[0m [32m INFO[0m [2mingestor_pairs::candles[0m[2m:[0m Loading 15m timeframe for ONDOUSDT
[2m2026-01-29T07:28:03.404236Z[0m [32m INFO[0m [2mingestor_pairs::candles[0m[2m:[0m Inserted 161 1m candles for ONDOUSDT
[2m2026-01-29T07:28:03.413580Z[0m [32m INFO[0m [2mingestor_pairs::candles[0m[2m:[0m Loading 1h timeframe for ONDOUSDT
[2m2026-01-29T07:28:03.796662Z[0m [32m INFO[0m [2mingestor_pairs::candles[0m[2m:[0m Inserted 3 1h candles for ONDOUSDT
[2m2026-01-29T07:28:03.800441Z[0m [32m INFO[0m [2mingestor_pairs::candles[0m[2m:[0m Inserted 10 15m candles for ONDOUSDT
[2m2026-01-29T07:28:03.804322Z[0m [32m INFO[0m [2mingestor_pairs::candles[0m[2m:[0m Loading 4h timeframe for ONDOUSDT
[2m2026-01-29T07:28:03.807290Z[0m [32m INFO[0m [2mingestor_pairs::candles[0m[2m:[0m Loading 1d timeframe for ONDOUSDT
[2m2026-01-29T07:28:04.202045Z[0m [32m INFO[0m [2mingestor_pairs::candles[0m[2m:[0m Inserted 0 1d candles for ONDOUSDT
[2m2026-01-29T07:28:04.202045Z[0m [32m INFO[0m [2mingestor_pairs::candles[0m[2m:[0m Inserted 0 4h candles for ONDOUSDT
[2m2026-01-29T07:28:04.207414Z[0m [32m INFO[0m [2mingestor_pairs::candles[0m[2m:[0m Loading 5m timeframe for ALTUSDT
[2m2026-01-29T07:28:04.208945Z[0m [32m INFO[0m [2mingestor_pairs::candles[0m[2m:[0m Loading 1m timeframe for ALTUSDT
[2m2026-01-29T07:28:04.619812Z[0m [32m INFO[0m [2mingestor_pairs::candles[0m[2m:[0m Inserted 32 5m candles for ALTUSDT
[2m2026-01-29T07:28:04.629067Z[0m [32m INFO[0m [2mingestor_pairs::candles[0m[2m:[0m Loading 15m timeframe for ALTUSDT
[2m2026-01-29T07:28:04.631162Z[0m [32m INFO[0m [2mingestor_pairs::candles[0m[2m:[0m Inserted 161 1m candles for ALTUSDT
[2m2026-01-29T07:28:04.636199Z[0m [32m INFO[0m [2mingestor_pairs::candles[0m[2m:[0m Loading 1h timeframe for ALTUSDT
[2m2026-01-29T07:28:05.027668Z[0m [32m INFO[0m [2mingestor_pairs::candles[0m[2m:[0m Inserted 10 15m candles for ALTUSDT
[2m2026-01-29T07:28:05.028138Z[0m [32m INFO[0m [2mingestor_pairs::candles[0m[2m:[0m Inserted 3 1h candles for ALTUSDT
[2m2026-01-29T07:28:05.035068Z[0m [32m INFO[0m [2mingestor_pairs::candles[0m[2m:[0m Loading 4h timeframe for ALTUSDT
[2m2026-01-29T07:28:05.036476Z[0m [32m INFO[0m [2mingestor_pairs::candles[0m[2m:[0m Loading 1d timeframe for ALTUSDT
[2m2026-01-29T07:28:05.433709Z[0m [32m INFO[0m [2mingestor_pairs::candles[0m[2m:[0m Inserted 0 1d candles for ALTUSDT
[2m2026-01-29T07:28:05.433884Z[0m [32m INFO[0m [2mingestor_pairs::candles[0m[2m:[0m Inserted 0 4h candles for ALTUSDT
[2m2026-01-29T07:28:05.443046Z[0m [32m INFO[0m [2mingestor_pairs::candles[0m[2m:[0m Loading 5m timeframe for JUPUSDT
[2m2026-01-29T07:28:05.444674Z[0m [32m INFO[0m [2mingestor_pairs::candles[0m[2m:[0m Loading 1m timeframe for JUPUSDT
[2m2026-01-29T07:28:05.849510Z[0m [32m INFO[0m [2mingestor_pairs::candles[0m[2m:[0m Inserted 32 5m candles for JUPUSDT
[2m2026-01-29T07:28:05.857778Z[0m [32m INFO[0m [2mingestor_pairs::candles[0m[2m:[0m Loading 15m timeframe for JUPUSDT
[2m2026-01-29T07:28:05.863815Z[0m [32m INFO[0m [2mingestor_pairs::candles[0m[2m:[0m Inserted 162 1m candles for JUPUSDT
[2m2026-01-29T07:28:05.866912Z[0m [32m INFO[0m [2mingestor_pairs::candles[0m[2m:[0m Loading 1h timeframe for JUPUSDT
[2m2026-01-29T07:28:06.256890Z[0m [32m INFO[0m [2mingestor_pairs::candles[0m[2m:[0m Inserted 3 1h candles for JUPUSDT
[2m2026-01-29T07:28:06.257000Z[0m [32m INFO[0m [2mingestor_pairs::candles[0m[2m:[0m Inserted 10 15m candles for JUPUSDT
[2m2026-01-29T07:28:06.263976Z[0m [32m INFO[0m [2mingestor_pairs::candles[0m[2m:[0m Loading 1d timeframe for JUPUSDT
[2m2026-01-29T07:28:06.264888Z[0m [32m INFO[0m [2mingestor_pairs::candles[0m[2m:[0m Loading 4h timeframe for JUPUSDT
[2m2026-01-29T07:28:06.659311Z[0m [32m INFO[0m [2mingestor_pairs::candles[0m[2m:[0m Inserted 0 1d candles for JUPUSDT
[2m2026-01-29T07:28:06.659311Z[0m [32m INFO[0m [2mingestor_pairs::candles[0m[2m:[0m Inserted 0 4h candles for JUPUSDT
[2m2026-01-29T07:28:06.667104Z[0m [32m INFO[0m [2mingestor_pairs::candles[0m[2m:[0m Loading 5m timeframe for ZETAUSDT
[2m2026-01-29T07:28:06.669400Z[0m [32m INFO[0m [2mingestor_pairs::candles[0m[2m:[0m Loading 1m timeframe for ZETAUSDT
[2m2026-01-29T07:28:07.073752Z[0m [32m INFO[0m [2mingestor_pairs::candles[0m[2m:[0m Inserted 32 5m candles for ZETAUSDT
[2m2026-01-29T07:28:07.076928Z[0m [32m INFO[0m [2mingestor_pairs::candles[0m[2m:[0m Loading 15m timeframe for ZETAUSDT
[2m2026-01-29T07:28:07.080643Z[0m [32m INFO[0m [2mingestor_pairs::candles[0m[2m:[0m Inserted 162 1m candles for ZETAUSDT
[2m2026-01-29T07:28:07.083789Z[0m [32m INFO[0m [2mingestor_pairs::candles[0m[2m:[0m Loading 1h timeframe for ZETAUSDT
[2m2026-01-29T07:28:07.486695Z[0m [32m INFO[0m [2mingestor_pairs::candles[0m[2m:[0m Inserted 10 15m candles for ZETAUSDT
[2m2026-01-29T07:28:07.487120Z[0m [32m INFO[0m [2mingestor_pairs::candles[0m[2m:[0m Inserted 3 1h candles for ZETAUSDT
[2m2026-01-29T07:28:07.494947Z[0m [32m INFO[0m [2mingestor_pairs::candles[0m[2m:[0m Loading 4h timeframe for ZETAUSDT
[2m2026-01-29T07:28:07.497474Z[0m [32m INFO[0m [2mingestor_pairs::candles[0m[2m:[0m Loading 1d timeframe for ZETAUSDT
[2m2026-01-29T07:28:07.888165Z[0m [32m INFO[0m [2mingestor_pairs::candles[0m[2m:[0m Inserted 0 1d candles for ZETAUSDT
[2m2026-01-29T07:28:07.888298Z[0m [32m INFO[0m [2mingestor_pairs::candles[0m[2m:[0m Inserted 0 4h candles for ZETAUSDT
[2m2026-01-29T07:28:07.897402Z[0m [32m INFO[0m [2mingestor_pairs::candles[0m[2m:[0m Loading 1m timeframe for RONINUSDT
[2m2026-01-29T07:28:07.898975Z[0m [32m INFO[0m [2mingestor_pairs::candles[0m[2m:[0m Loading 5m timeframe for RONINUSDT
[2m2026-01-29T07:28:08.308696Z[0m [32m INFO[0m [2mingestor_pairs::candles[0m[2m:[0m Inserted 32 5m candles for RONINUSDT
[2m2026-01-29T07:28:08.317226Z[0m [32m INFO[0m [2mingestor_pairs::candles[0m[2m:[0m Loading 15m timeframe for RONINUSDT
[2m2026-01-29T07:28:08.331234Z[0m [32m INFO[0m [2mingestor_pairs::candles[0m[2m:[0m Inserted 162 1m candles for RONINUSDT
[2m2026-01-29T07:28:08.341203Z[0m [32m INFO[0m [2mingestor_pairs::candles[0m[2m:[0m Loading 1h timeframe for RONINUSDT
[2m2026-01-29T07:28:08.714822Z[0m [32m INFO[0m [2mingestor_pairs::candles[0m[2m:[0m Inserted 10 15m candles for RONINUSDT
[2m2026-01-29T07:28:08.715427Z[0m [32m INFO[0m [2mingestor_pairs::candles[0m[2m:[0m Inserted 3 1h candles for RONINUSDT
[2m2026-01-29T07:28:08.722685Z[0m [32m INFO[0m [2mingestor_pairs::candles[0m[2m:[0m Loading 4h timeframe for RONINUSDT
[2m2026-01-29T07:28:08.724651Z[0m [32m INFO[0m [2mingestor_pairs::candles[0m[2m:[0m Loading 1d timeframe for RONINUSDT
[2m2026-01-29T07:28:09.117517Z[0m [32m INFO[0m [2mingestor_pairs::candles[0m[2m:[0m Inserted 0 1d candles for RONINUSDT
[2m2026-01-29T07:28:09.117517Z[0m [32m INFO[0m [2mingestor_pairs::candles[0m[2m:[0m Inserted 0 4h candles for RONINUSDT
[2m2026-01-29T07:28:09.122287Z[0m [32m INFO[0m [2mingestor_pairs::candles[0m[2m:[0m Loading 5m timeframe for OMUSDT
[2m2026-01-29T07:28:09.122748Z[0m [32m INFO[0m [2mingestor_pairs::candles[0m[2m:[0m Loading 1m timeframe for OMUSDT
[2m2026-01-29T07:28:09.433096Z[0m [32m INFO[0m [2mingestor_pairs::candles[0m[2m:[0m Inserted 32 5m candles for OMUSDT
[2m2026-01-29T07:28:09.441679Z[0m [32m INFO[0m [2mingestor_pairs::candles[0m[2m:[0m Loading 15m timeframe for OMUSDT
[2m2026-01-29T07:28:09.449519Z[0m [32m INFO[0m [2mingestor_pairs::candles[0m[2m:[0m Inserted 162 1m candles for OMUSDT
[2m2026-01-29T07:28:09.452692Z[0m [32m INFO[0m [2mingestor_pairs::candles[0m[2m:[0m Loading 1h timeframe for OMUSDT
[2m2026-01-29T07:28:09.840917Z[0m [32m INFO[0m [2mingestor_pairs::candles[0m[2m:[0m Inserted 10 15m candles for OMUSDT
[2m2026-01-29T07:28:09.841621Z[0m [32m INFO[0m [2mingestor_pairs::candles[0m[2m:[0m Inserted 3 1h candles for OMUSDT
[2m2026-01-29T07:28:09.849812Z[0m [32m INFO[0m [2mingestor_pairs::candles[0m[2m:[0m Loading 4h timeframe for OMUSDT
[2m2026-01-29T07:28:09.855050Z[0m [32m INFO[0m [2mingestor_pairs::candles[0m[2m:[0m Loading 1d timeframe for OMUSDT
[2m2026-01-29T07:28:10.243196Z[0m [32m INFO[0m [2mingestor_pairs::candles[0m[2m:[0m Inserted 0 4h candles for OMUSDT
[2m2026-01-29T07:28:10.243211Z[0m [32m INFO[0m [2mingestor_pairs::candles[0m[2m:[0m Inserted 0 1d candles for OMUSDT
[2m2026-01-29T07:28:10.248100Z[0m [32m INFO[0m [2mingestor_pairs::candles[0m[2m:[0m Loading 5m timeframe for STRKUSDT
[2m2026-01-29T07:28:10.248807Z[0m [32m INFO[0m [2mingestor_pairs::candles[0m[2m:[0m Loading 1m timeframe for STRKUSDT
[2m2026-01-29T07:28:10.663885Z[0m [32m INFO[0m [2mingestor_pairs::candles[0m[2m:[0m Inserted 32 5m candles for STRKUSDT
[2m2026-01-29T07:28:10.670003Z[0m [32m INFO[0m [2mingestor_pairs::candles[0m[2m:[0m Loading 15m timeframe for STRKUSDT
[2m2026-01-29T07:28:10.674979Z[0m [32m INFO[0m [2mingestor_pairs::candles[0m[2m:[0m Inserted 162 1m candles for STRKUSDT
[2m2026-01-29T07:28:10.678203Z[0m [32m INFO[0m [2mingestor_pairs::candles[0m[2m:[0m Loading 1h timeframe for STRKUSDT
[2m2026-01-29T07:28:11.068846Z[0m [32m INFO[0m [2mingestor_pairs::candles[0m[2m:[0m Inserted 10 15m candles for STRKUSDT
[2m2026-01-29T07:28:11.073303Z[0m [32m INFO[0m [2mingestor_pairs::candles[0m[2m:[0m Loading 4h timeframe for STRKUSDT
[2m2026-01-29T07:28:11.368185Z[0m [32m INFO[0m [2mingestor_pairs::candles[0m[2m:[0m Inserted 0 4h candles for STRKUSDT
[2m2026-01-29T07:28:11.376471Z[0m [32m INFO[0m [2mingestor_pairs::candles[0m[2m:[0m Loading 1d timeframe for STRKUSDT
[2m2026-01-29T07:28:11.648417Z[0m [32m INFO[0m [2mingestor_pairs::candles[0m[2m:[0m Inserted 3 1h candles for STRKUSDT
[2m2026-01-29T07:28:11.656469Z[0m [32m INFO[0m [2mingestor_pairs::candles[0m[2m:[0m Loading 1m timeframe for GLMUSDT
[2m2026-01-29T07:28:11.686120Z[0m [32m INFO[0m [2mingestor_pairs::candles[0m[2m:[0m Inserted 0 1d candles for STRKUSDT
[2m2026-01-29T07:28:11.694434Z[0m [32m INFO[0m [2mingestor_pairs::candles[0m[2m:[0m Loading 5m timeframe for GLMUSDT
[2m2026-01-29T07:28:12.002632Z[0m [32m INFO[0m [2mingestor_pairs::candles[0m[2m:[0m Inserted 32 5m candles for GLMUSDT
[2m2026-01-29T07:28:12.009105Z[0m [32m INFO[0m [2mingestor_pairs::candles[0m[2m:[0m Loading 15m timeframe for GLMUSDT
[2m2026-01-29T07:28:12.009277Z[0m [32m INFO[0m [2mingestor_pairs::candles[0m[2m:[0m Inserted 162 1m candles for GLMUSDT
[2m2026-01-29T07:28:12.017840Z[0m [32m INFO[0m [2mingestor_pairs::candles[0m[2m:[0m Loading 1h timeframe for GLMUSDT
[2m2026-01-29T07:28:12.313168Z[0m [32m INFO[0m [2mingestor_pairs::candles[0m[2m:[0m Inserted 10 15m candles for GLMUSDT
[2m2026-01-29T07:28:12.318287Z[0m [32m INFO[0m [2mingestor_pairs::candles[0m[2m:[0m Inserted 3 1h candles for GLMUSDT
[2m2026-01-29T07:28:12.323427Z[0m [32m INFO[0m [2mingestor_pairs::candles[0m[2m:[0m Loading 4h timeframe for GLMUSDT
[2m2026-01-29T07:28:12.333120Z[0m [32m INFO[0m [2mingestor_pairs::candles[0m[2m:[0m Loading 1d timeframe for GLMUSDT
[2m2026-01-29T07:28:12.632011Z[0m [32m INFO[0m [2mingestor_pairs::candles[0m[2m:[0m Inserted 0 4h candles for GLMUSDT
[2m2026-01-29T07:28:12.641003Z[0m [32m INFO[0m [2mingestor_pairs::candles[0m[2m:[0m Loading 1m timeframe for TONUSDT
[2m2026-01-29T07:28:12.651127Z[0m [32m INFO[0m [2mingestor_pairs::candles[0m[2m:[0m Inserted 0 1d candles for GLMUSDT
[2m2026-01-29T07:28:12.663541Z[0m [32m INFO[0m [2mingestor_pairs::candles[0m[2m:[0m Loading 5m timeframe for TONUSDT
[2m2026-01-29T07:28:13.016346Z[0m [32m INFO[0m [2mingestor_pairs::candles[0m[2m:[0m Inserted 32 5m candles for TONUSDT
[2m2026-01-29T07:28:13.025167Z[0m [32m INFO[0m [2mingestor_pairs::candles[0m[2m:[0m Loading 15m timeframe for TONUSDT
[2m2026-01-29T07:28:13.037548Z[0m [32m INFO[0m [2mingestor_pairs::candles[0m[2m:[0m Inserted 162 1m candles for TONUSDT
[2m2026-01-29T07:28:13.046300Z[0m [32m INFO[0m [2mingestor_pairs::candles[0m[2m:[0m Loading 1h timeframe for TONUSDT
[2m2026-01-29T07:28:13.424490Z[0m [32m INFO[0m [2mingestor_pairs::candles[0m[2m:[0m Inserted 10 15m candles for TONUSDT
[2m2026-01-29T07:28:13.425947Z[0m [32m INFO[0m [2mingestor_pairs::candles[0m[2m:[0m Inserted 3 1h candles for TONUSDT
[2m2026-01-29T07:28:13.434587Z[0m [32m INFO[0m [2mingestor_pairs::candles[0m[2m:[0m Loading 4h timeframe for TONUSDT
[2m2026-01-29T07:28:13.436351Z[0m [32m INFO[0m [2mingestor_pairs::candles[0m[2m:[0m Loading 1d timeframe for TONUSDT
[2m2026-01-29T07:28:13.827664Z[0m [32m INFO[0m [2mingestor_pairs::candles[0m[2m:[0m Inserted 0 1d candles for TONUSDT
[2m2026-01-29T07:28:13.827813Z[0m [32m INFO[0m [2mingestor_pairs::candles[0m[2m:[0m Inserted 0 4h candles for TONUSDT
[2m2026-01-29T07:28:13.835910Z[0m [32m INFO[0m [2mingestor_pairs::candles[0m[2m:[0m Loading 1m timeframe for AXLUSDT
[2m2026-01-29T07:28:13.843047Z[0m [32m INFO[0m [2mingestor_pairs::candles[0m[2m:[0m Loading 1m timeframe for AVAXUSDT
[2m2026-01-29T07:28:14.251340Z[0m [32m INFO[0m [2mingestor_pairs::candles[0m[2m:[0m Inserted 164 1m candles for AVAXUSDT
[2m2026-01-29T07:28:14.251442Z[0m [32m INFO[0m [2mingestor_pairs::candles[0m[2m:[0m Inserted 162 1m candles for AXLUSDT
[2m2026-01-29T07:28:14.254906Z[0m [32m INFO[0m [2mingestor_pairs::candles[0m[2m:[0m Loading 15m timeframe for AXLUSDT
[2m2026-01-29T07:28:14.255467Z[0m [32m INFO[0m [2mingestor_pairs::candles[0m[2m:[0m Loading 5m timeframe for AXLUSDT
[2m2026-01-29T07:28:14.549533Z[0m [32m INFO[0m [2mingestor_pairs::candles[0m[2m:[0m Inserted 32 5m candles for AXLUSDT
[2m2026-01-29T07:28:14.552769Z[0m [32m INFO[0m [2mingestor_pairs::candles[0m[2m:[0m Inserted 10 15m candles for AXLUSDT
[2m2026-01-29T07:28:14.552823Z[0m [32m INFO[0m [2mingestor_pairs::candles[0m[2m:[0m Loading 1h timeframe for AXLUSDT
[2m2026-01-29T07:28:14.556465Z[0m [32m INFO[0m [2mingestor_pairs::candles[0m[2m:[0m Loading 4h timeframe for AXLUSDT
[2m2026-01-29T07:28:14.852253Z[0m [32m INFO[0m [2mingestor_pairs::candles[0m[2m:[0m Inserted 0 4h candles for AXLUSDT
[2m2026-01-29T07:28:14.855182Z[0m [32m INFO[0m [2mingestor_pairs::candles[0m[2m:[0m Inserted 3 1h candles for AXLUSDT
[2m2026-01-29T07:28:14.856091Z[0m [32m INFO[0m [2mingestor_pairs::candles[0m[2m:[0m Loading 1d timeframe for AXLUSDT
[2m2026-01-29T07:28:14.858987Z[0m [32m INFO[0m [2mingestor_pairs::candles[0m[2m:[0m Loading 1m timeframe for METISUSDT
[2m2026-01-29T07:28:15.159736Z[0m [32m INFO[0m [2mingestor_pairs::candles[0m[2m:[0m Inserted 0 1d candles for AXLUSDT
[2m2026-01-29T07:28:15.168098Z[0m [32m INFO[0m [2mingestor_pairs::candles[0m[2m:[0m Loading 5m timeframe for METISUSDT
[2m2026-01-29T07:28:15.190917Z[0m [32m INFO[0m [2mingestor_pairs::candles[0m[2m:[0m Inserted 162 1m candles for METISUSDT
[2m2026-01-29T07:28:15.195818Z[0m [32m INFO[0m [2mingestor_pairs::candles[0m[2m:[0m Loading 15m timeframe for METISUSDT
[2m2026-01-29T07:28:15.574720Z[0m [32m INFO[0m [2mingestor_pairs::candles[0m[2m:[0m Inserted 10 15m candles for METISUSDT
[2m2026-01-29T07:28:15.576773Z[0m [32m INFO[0m [2mingestor_pairs::candles[0m[2m:[0m Inserted 32 5m candles for METISUSDT
[2m2026-01-29T07:28:15.583921Z[0m [32m INFO[0m [2mingestor_pairs::candles[0m[2m:[0m Loading 1h timeframe for METISUSDT
[2m2026-01-29T07:28:15.587645Z[0m [32m INFO[0m [2mingestor_pairs::candles[0m[2m:[0m Loading 4h timeframe for METISUSDT
[2m2026-01-29T07:28:15.978446Z[0m [32m INFO[0m [2mingestor_pairs::candles[0m[2m:[0m Inserted 0 4h candles for METISUSDT
[2m2026-01-29T07:28:15.983167Z[0m [32m INFO[0m [2mingestor_pairs::candles[0m[2m:[0m Inserted 3 1h candles for METISUSDT
[2m2026-01-29T07:28:15.984252Z[0m [32m INFO[0m [2mingestor_pairs::candles[0m[2m:[0m Loading 1d timeframe for METISUSDT
[2m2026-01-29T07:28:15.987189Z[0m [32m INFO[0m [2mingestor_pairs::candles[0m[2m:[0m Loading 1m timeframe for VANRYUSDT
[2m2026-01-29T07:28:16.389241Z[0m [32m INFO[0m [2mingestor_pairs::candles[0m[2m:[0m Inserted 0 1d candles for METISUSDT
[2m2026-01-29T07:28:16.397735Z[0m [32m INFO[0m [2mingestor_pairs::candles[0m[2m:[0m Loading 5m timeframe for VANRYUSDT
[2m2026-01-29T07:28:16.418022Z[0m [32m INFO[0m [2mingestor_pairs::candles[0m[2m:[0m Inserted 162 1m candles for VANRYUSDT
[2m2026-01-29T07:28:16.426096Z[0m [32m INFO[0m [2mingestor_pairs::candles[0m[2m:[0m Loading 15m timeframe for VANRYUSDT
[2m2026-01-29T07:28:16.743205Z[0m [32m INFO[0m [2mingestor_pairs::candles[0m[2m:[0m Inserted 10 15m candles for VANRYUSDT
[2m2026-01-29T07:28:16.744715Z[0m [32m INFO[0m [2mingestor_pairs::candles[0m[2m:[0m Inserted 32 5m candles for VANRYUSDT
[2m2026-01-29T07:28:16.752226Z[0m [32m INFO[0m [2mingestor_pairs::candles[0m[2m:[0m Loading 1h timeframe for VANRYUSDT
[2m2026-01-29T07:28:16.756639Z[0m [32m INFO[0m [2mingestor_pairs::candles[0m[2m:[0m Loading 4h timeframe for VANRYUSDT
[2m2026-01-29T07:28:17.056768Z[0m [32m INFO[0m [2mingestor_pairs::candles[0m[2m:[0m Inserted 0 4h candles for VANRYUSDT
[2m2026-01-29T07:28:17.061101Z[0m [32m INFO[0m [2mingestor_pairs::candles[0m[2m:[0m Inserted 3 1h candles for VANRYUSDT
[2m2026-01-29T07:28:17.063733Z[0m [32m INFO[0m [2mingestor_pairs::candles[0m[2m:[0m Loading 1d timeframe for VANRYUSDT
[2m2026-01-29T07:28:17.066246Z[0m [32m INFO[0m [2mingestor_pairs::candles[0m[2m:[0m Loading 1m timeframe for BOMEUSDT
[2m2026-01-29T07:28:17.413806Z[0m [32m INFO[0m [2mingestor_pairs::candles[0m[2m:[0m Inserted 0 1d candles for VANRYUSDT
[2m2026-01-29T07:28:17.417174Z[0m [32m INFO[0m [2mingestor_pairs::candles[0m[2m:[0m Loading 5m timeframe for BOMEUSDT
[2m2026-01-29T07:28:17.424773Z[0m [32m INFO[0m [2mingestor_pairs::candles[0m[2m:[0m Inserted 162 1m candles for BOMEUSDT
[2m2026-01-29T07:28:17.427966Z[0m [32m INFO[0m [2mingestor_pairs::candles[0m[2m:[0m Loading 15m timeframe for BOMEUSDT
[2m2026-01-29T07:28:17.724151Z[0m [32m INFO[0m [2mingestor_pairs::candles[0m[2m:[0m Inserted 32 5m candles for BOMEUSDT
[2m2026-01-29T07:28:17.725665Z[0m [32m INFO[0m [2mingestor_pairs::candles[0m[2m:[0m Inserted 10 15m candles for BOMEUSDT
[2m2026-01-29T07:28:17.728533Z[0m [32m INFO[0m [2mingestor_pairs::candles[0m[2m:[0m Loading 1h timeframe for BOMEUSDT
[2m2026-01-29T07:28:17.729263Z[0m [32m INFO[0m [2mingestor_pairs::candles[0m[2m:[0m Loading 4h timeframe for BOMEUSDT
[2m2026-01-29T07:28:18.128181Z[0m [32m INFO[0m [2mingestor_pairs::candles[0m[2m:[0m Inserted 0 4h candles for BOMEUSDT
[2m2026-01-29T07:28:18.131639Z[0m [32m INFO[0m [2mingestor_pairs::candles[0m[2m:[0m Inserted 3 1h candles for BOMEUSDT
[2m2026-01-29T07:28:18.132005Z[0m [32m INFO[0m [2mingestor_pairs::candles[0m[2m:[0m Loading 1d timeframe for BOMEUSDT
[2m2026-01-29T07:28:18.134938Z[0m [32m INFO[0m [2mingestor_pairs::candles[0m[2m:[0m Loading 1m timeframe for ETHFIUSDT
[2m2026-01-29T07:28:18.435752Z[0m [32m INFO[0m [2mingestor_pairs::candles[0m[2m:[0m Inserted 0 1d candles for BOMEUSDT
[2m2026-01-29T07:28:18.440287Z[0m [32m INFO[0m [2mingestor_pairs::candles[0m[2m:[0m Loading 5m timeframe for ETHFIUSDT
[2m2026-01-29T07:28:18.447719Z[0m [32m INFO[0m [2mingestor_pairs::candles[0m[2m:[0m Inserted 162 1m candles for ETHFIUSDT
[2m2026-01-29T07:28:18.451222Z[0m [32m INFO[0m [2mingestor_pairs::candles[0m[2m:[0m Loading 15m timeframe for ETHFIUSDT
[2m2026-01-29T07:28:18.749123Z[0m [32m INFO[0m [2mingestor_pairs::candles[0m[2m:[0m Inserted 32 5m candles for ETHFIUSDT
[2m2026-01-29T07:28:18.750278Z[0m [32m INFO[0m [2mingestor_pairs::candles[0m[2m:[0m Inserted 10 15m candles for ETHFIUSDT
[2m2026-01-29T07:28:18.753032Z[0m [32m INFO[0m [2mingestor_pairs::candles[0m[2m:[0m Loading 1h timeframe for ETHFIUSDT
[2m2026-01-29T07:28:18.753553Z[0m [32m INFO[0m [2mingestor_pairs::candles[0m[2m:[0m Loading 4h timeframe for ETHFIUSDT
[2m2026-01-29T07:28:19.152293Z[0m [32m INFO[0m [2mingestor_pairs::candles[0m[2m:[0m Inserted 0 4h candles for ETHFIUSDT
[2m2026-01-29T07:28:19.159034Z[0m [32m INFO[0m [2mingestor_pairs::candles[0m[2m:[0m Inserted 3 1h candles for ETHFIUSDT
[2m2026-01-29T07:28:19.160758Z[0m [32m INFO[0m [2mingestor_pairs::candles[0m[2m:[0m Loading 1d timeframe for ETHFIUSDT
[2m2026-01-29T07:28:19.166635Z[0m [32m INFO[0m [2mingestor_pairs::candles[0m[2m:[0m Loading 1m timeframe for ENAUSDT
[2m2026-01-29T07:28:19.564862Z[0m [32m INFO[0m [2mingestor_pairs::candles[0m[2m:[0m Inserted 0 1d candles for ETHFIUSDT
[2m2026-01-29T07:28:19.568807Z[0m [32m INFO[0m [2mingestor_pairs::candles[0m[2m:[0m Loading 5m timeframe for ENAUSDT
[2m2026-01-29T07:28:19.577280Z[0m [32m INFO[0m [2mingestor_pairs::candles[0m[2m:[0m Inserted 162 1m candles for ENAUSDT
[2m2026-01-29T07:28:19.581350Z[0m [32m INFO[0m [2mingestor_pairs::candles[0m[2m:[0m Loading 15m timeframe for ENAUSDT
[2m2026-01-29T07:28:19.879478Z[0m [32m INFO[0m [2mingestor_pairs::candles[0m[2m:[0m Inserted 32 5m candles for ENAUSDT
[2m2026-01-29T07:28:19.882393Z[0m [32m INFO[0m [2mingestor_pairs::candles[0m[2m:[0m Inserted 10 15m candles for ENAUSDT
[2m2026-01-29T07:28:19.888950Z[0m [32m INFO[0m [2mingestor_pairs::candles[0m[2m:[0m Loading 1h timeframe for ENAUSDT
[2m2026-01-29T07:28:19.891782Z[0m [32m INFO[0m [2mingestor_pairs::candles[0m[2m:[0m Loading 4h timeframe for ENAUSDT
[2m2026-01-29T07:28:20.278711Z[0m [32m INFO[0m [2mingestor_pairs::candles[0m[2m:[0m Inserted 0 4h candles for ENAUSDT
[2m2026-01-29T07:28:20.287896Z[0m [32m INFO[0m [2mingestor_pairs::candles[0m[2m:[0m Inserted 3 1h candles for ENAUSDT
[2m2026-01-29T07:28:20.288766Z[0m [32m INFO[0m [2mingestor_pairs::candles[0m[2m:[0m Loading 1d timeframe for ENAUSDT
[2m2026-01-29T07:28:20.306361Z[0m [32m INFO[0m [2mingestor_pairs::candles[0m[2m:[0m Loading 1m timeframe for WUSDT
[2m2026-01-29T07:28:20.688934Z[0m [32m INFO[0m [2mingestor_pairs::candles[0m[2m:[0m Inserted 0 1d candles for ENAUSDT
[2m2026-01-29T07:28:20.697901Z[0m [32m INFO[0m [2mingestor_pairs::candles[0m[2m:[0m Loading 5m timeframe for WUSDT
[2m2026-01-29T07:28:20.709054Z[0m [32m INFO[0m [2mingestor_pairs::candles[0m[2m:[0m Inserted 162 1m candles for WUSDT
[2m2026-01-29T07:28:20.713019Z[0m [32m INFO[0m [2mingestor_pairs::candles[0m[2m:[0m Loading 15m timeframe for WUSDT
[2m2026-01-29T07:28:21.101788Z[0m [32m INFO[0m [2mingestor_pairs::candles[0m[2m:[0m Inserted 10 15m candles for WUSDT
[2m2026-01-29T07:28:21.102206Z[0m [32m INFO[0m [2mingestor_pairs::candles[0m[2m:[0m Inserted 32 5m candles for WUSDT
[2m2026-01-29T07:28:21.106252Z[0m [32m INFO[0m [2mingestor_pairs::candles[0m[2m:[0m Loading 1h timeframe for WUSDT
[2m2026-01-29T07:28:21.106739Z[0m [32m INFO[0m [2mingestor_pairs::candles[0m[2m:[0m Loading 4h timeframe for WUSDT
[2m2026-01-29T07:28:21.401210Z[0m [32m INFO[0m [2mingestor_pairs::candles[0m[2m:[0m Inserted 0 4h candles for WUSDT
[2m2026-01-29T07:28:21.407869Z[0m [32m INFO[0m [2mingestor_pairs::candles[0m[2m:[0m Inserted 3 1h candles for WUSDT
[2m2026-01-29T07:28:21.409240Z[0m [32m INFO[0m [2mingestor_pairs::candles[0m[2m:[0m Loading 1d timeframe for WUSDT
[2m2026-01-29T07:28:21.425538Z[0m [32m INFO[0m [2mingestor_pairs::candles[0m[2m:[0m Loading 1m timeframe for TNSRUSDT
[2m2026-01-29T07:28:21.721842Z[0m [32m INFO[0m [2mingestor_pairs::candles[0m[2m:[0m Inserted 0 1d candles for WUSDT
[2m2026-01-29T07:28:21.729924Z[0m [32m INFO[0m [2mingestor_pairs::candles[0m[2m:[0m Loading 5m timeframe for TNSRUSDT
[2m2026-01-29T07:28:21.766450Z[0m [32m INFO[0m [2mingestor_pairs::candles[0m[2m:[0m Inserted 162 1m candles for TNSRUSDT
[2m2026-01-29T07:28:21.777457Z[0m [32m INFO[0m [2mingestor_pairs::candles[0m[2m:[0m Loading 15m timeframe for TNSRUSDT
[2m2026-01-29T07:28:22.043588Z[0m [32m INFO[0m [2mingestor_pairs::candles[0m[2m:[0m Inserted 32 5m candles for TNSRUSDT
[2m2026-01-29T07:28:22.051906Z[0m [32m INFO[0m [2mingestor_pairs::candles[0m[2m:[0m Loading 1h timeframe for TNSRUSDT
[2m2026-01-29T07:28:22.113302Z[0m [32m INFO[0m [2mingestor_pairs::candles[0m[2m:[0m Inserted 10 15m candles for TNSRUSDT
[2m2026-01-29T07:28:22.116809Z[0m [32m INFO[0m [2mingestor_pairs::candles[0m[2m:[0m Loading 4h timeframe for TNSRUSDT
[2m2026-01-29T07:28:22.433382Z[0m [32m INFO[0m [2mingestor_pairs::candles[0m[2m:[0m Inserted 0 4h candles for TNSRUSDT
[2m2026-01-29T07:28:22.441182Z[0m [32m INFO[0m [2mingestor_pairs::candles[0m[2m:[0m Inserted 3 1h candles for TNSRUSDT
[2m2026-01-29T07:28:22.442839Z[0m [32m INFO[0m [2mingestor_pairs::candles[0m[2m:[0m Loading 1d timeframe for TNSRUSDT
[2m2026-01-29T07:28:22.449422Z[0m [32m INFO[0m [2mingestor_pairs::candles[0m[2m:[0m Loading 1m timeframe for SAGAUSDT
[2m2026-01-29T07:28:22.839009Z[0m [32m INFO[0m [2mingestor_pairs::candles[0m[2m:[0m Inserted 0 1d candles for TNSRUSDT
[2m2026-01-29T07:28:22.847694Z[0m [32m INFO[0m [2mingestor_pairs::candles[0m[2m:[0m Loading 5m timeframe for SAGAUSDT
[2m2026-01-29T07:28:22.865413Z[0m [32m INFO[0m [2mingestor_pairs::candles[0m[2m:[0m Inserted 162 1m candles for SAGAUSDT
[2m2026-01-29T07:28:22.871369Z[0m [32m INFO[0m [2mingestor_pairs::candles[0m[2m:[0m Loading 15m timeframe for SAGAUSDT
[2m2026-01-29T07:28:23.258841Z[0m [32m INFO[0m [2mingestor_pairs::candles[0m[2m:[0m Inserted 10 15m candles for SAGAUSDT
[2m2026-01-29T07:28:23.261083Z[0m [32m INFO[0m [2mingestor_pairs::candles[0m[2m:[0m Inserted 32 5m candles for SAGAUSDT
[2m2026-01-29T07:28:23.268108Z[0m [32m INFO[0m [2mingestor_pairs::candles[0m[2m:[0m Loading 1h timeframe for SAGAUSDT
[2m2026-01-29T07:28:23.273066Z[0m [32m INFO[0m [2mingestor_pairs::candles[0m[2m:[0m Loading 4h timeframe for SAGAUSDT
[2m2026-01-29T07:28:23.571640Z[0m [32m INFO[0m [2mingestor_pairs::candles[0m[2m:[0m Inserted 3 1h candles for SAGAUSDT
[2m2026-01-29T07:28:23.571880Z[0m [32m INFO[0m [2mingestor_pairs::candles[0m[2m:[0m Inserted 0 4h candles for SAGAUSDT
[2m2026-01-29T07:28:23.574970Z[0m [32m INFO[0m [2mingestor_pairs::candles[0m[2m:[0m Loading 1d timeframe for SAGAUSDT
[2m2026-01-29T07:28:23.575356Z[0m [32m INFO[0m [2mingestor_pairs::candles[0m[2m:[0m Loading 1m timeframe for TAOUSDT
[2m2026-01-29T07:28:23.965590Z[0m [32m INFO[0m [2mingestor_pairs::candles[0m[2m:[0m Inserted 0 1d candles for SAGAUSDT
[2m2026-01-29T07:28:23.969605Z[0m [32m INFO[0m [2mingestor_pairs::candles[0m[2m:[0m Loading 5m timeframe for TAOUSDT
[2m2026-01-29T07:28:23.975582Z[0m [32m INFO[0m [2mingestor_pairs::candles[0m[2m:[0m Inserted 162 1m candles for TAOUSDT
[2m2026-01-29T07:28:23.979655Z[0m [32m INFO[0m [2mingestor_pairs::candles[0m[2m:[0m Loading 15m timeframe for TAOUSDT
[2m2026-01-29T07:28:24.281107Z[0m [32m INFO[0m [2mingestor_pairs::candles[0m[2m:[0m Inserted 10 15m candles for TAOUSDT
[2m2026-01-29T07:28:24.282973Z[0m [32m INFO[0m [2mingestor_pairs::candles[0m[2m:[0m Inserted 32 5m candles for TAOUSDT
[2m2026-01-29T07:28:24.288922Z[0m [32m INFO[0m [2mingestor_pairs::candles[0m[2m:[0m Loading 1h timeframe for TAOUSDT
[2m2026-01-29T07:28:24.291125Z[0m [32m INFO[0m [2mingestor_pairs::candles[0m[2m:[0m Loading 4h timeframe for TAOUSDT
[2m2026-01-29T07:28:24.682130Z[0m [32m INFO[0m [2mingestor_pairs::candles[0m[2m:[0m Inserted 0 4h candles for TAOUSDT
[2m2026-01-29T07:28:24.686181Z[0m [32m INFO[0m [2mingestor_pairs::candles[0m[2m:[0m Inserted 3 1h candles for TAOUSDT
[2m2026-01-29T07:28:24.687303Z[0m [32m INFO[0m [2mingestor_pairs::candles[0m[2m:[0m Loading 1d timeframe for TAOUSDT
[2m2026-01-29T07:28:24.691102Z[0m [32m INFO[0m [2mingestor_pairs::candles[0m[2m:[0m Loading 1m timeframe for BBUSDT
[2m2026-01-29T07:28:25.093882Z[0m [32m INFO[0m [2mingestor_pairs::candles[0m[2m:[0m Inserted 0 1d candles for TAOUSDT
[2m2026-01-29T07:28:25.103115Z[0m [32m INFO[0m [2mingestor_pairs::candles[0m[2m:[0m Loading 5m timeframe for BBUSDT
[2m2026-01-29T07:28:25.131267Z[0m [32m INFO[0m [2mingestor_pairs::candles[0m[2m:[0m Inserted 162 1m candles for BBUSDT
[2m2026-01-29T07:28:25.143436Z[0m [32m INFO[0m [2mingestor_pairs::candles[0m[2m:[0m Loading 15m timeframe for BBUSDT
[2m2026-01-29T07:28:25.508782Z[0m [32m INFO[0m [2mingestor_pairs::candles[0m[2m:[0m Inserted 10 15m candles for BBUSDT
[2m2026-01-29T07:28:25.510225Z[0m [32m INFO[0m [2mingestor_pairs::candles[0m[2m:[0m Inserted 32 5m candles for BBUSDT
[2m2026-01-29T07:28:25.518092Z[0m [32m INFO[0m [2mingestor_pairs::candles[0m[2m:[0m Loading 1h timeframe for BBUSDT
[2m2026-01-29T07:28:25.519897Z[0m [32m INFO[0m [2mingestor_pairs::candles[0m[2m:[0m Loading 4h timeframe for BBUSDT
[2m2026-01-29T07:28:25.910687Z[0m [32m INFO[0m [2mingestor_pairs::candles[0m[2m:[0m Inserted 0 4h candles for BBUSDT
[2m2026-01-29T07:28:25.917542Z[0m [32m INFO[0m [2mingestor_pairs::candles[0m[2m:[0m Inserted 3 1h candles for BBUSDT
[2m2026-01-29T07:28:25.919422Z[0m [32m INFO[0m [2mingestor_pairs::candles[0m[2m:[0m Loading 1d timeframe for BBUSDT
[2m2026-01-29T07:28:25.926541Z[0m [32m INFO[0m [2mingestor_pairs::candles[0m[2m:[0m Loading 1m timeframe for NOTUSDT
[2m2026-01-29T07:28:26.323017Z[0m [32m INFO[0m [2mingestor_pairs::candles[0m[2m:[0m Inserted 0 1d candles for BBUSDT
[2m2026-01-29T07:28:26.333610Z[0m [32m INFO[0m [2mingestor_pairs::candles[0m[2m:[0m Loading 5m timeframe for NOTUSDT
[2m2026-01-29T07:28:26.375763Z[0m [32m INFO[0m [2mingestor_pairs::candles[0m[2m:[0m Inserted 162 1m candles for NOTUSDT
[2m2026-01-29T07:28:26.387778Z[0m [32m INFO[0m [2mingestor_pairs::candles[0m[2m:[0m Loading 15m timeframe for NOTUSDT
[2m2026-01-29T07:28:26.737528Z[0m [32m INFO[0m [2mingestor_pairs::candles[0m[2m:[0m Inserted 10 15m candles for NOTUSDT
[2m2026-01-29T07:28:26.739477Z[0m [32m INFO[0m [2mingestor_pairs::candles[0m[2m:[0m Inserted 32 5m candles for NOTUSDT
[2m2026-01-29T07:28:26.746567Z[0m [32m INFO[0m [2mingestor_pairs::candles[0m[2m:[0m Loading 1h timeframe for NOTUSDT
[2m2026-01-29T07:28:26.748237Z[0m [32m INFO[0m [2mingestor_pairs::candles[0m[2m:[0m Loading 1d timeframe for NOTUSDT
[2m2026-01-29T07:28:27.141237Z[0m [32m INFO[0m [2mingestor_pairs::candles[0m[2m:[0m Inserted 0 1d candles for NOTUSDT
[2m2026-01-29T07:28:27.148699Z[0m [32m INFO[0m [2mingestor_pairs::candles[0m[2m:[0m Inserted 3 1h candles for NOTUSDT
[2m2026-01-29T07:28:27.150178Z[0m [32m INFO[0m [2mingestor_pairs::candles[0m[2m:[0m Loading 1m timeframe for TURBOUSDT
[2m2026-01-29T07:28:27.159056Z[0m [32m INFO[0m [2mingestor_pairs::candles[0m[2m:[0m Loading 5m timeframe for TURBOUSDT
[2m2026-01-29T07:28:27.558848Z[0m [32m INFO[0m [2mingestor_pairs::candles[0m[2m:[0m Inserted 32 5m candles for TURBOUSDT
[2m2026-01-29T07:28:27.567051Z[0m [32m INFO[0m [2mingestor_pairs::candles[0m[2m:[0m Loading 15m timeframe for TURBOUSDT
[2m2026-01-29T07:28:27.579314Z[0m [32m INFO[0m [2mingestor_pairs::candles[0m[2m:[0m Inserted 162 1m candles for TURBOUSDT
[2m2026-01-29T07:28:27.592094Z[0m [32m INFO[0m [2mingestor_pairs::candles[0m[2m:[0m Loading 1h timeframe for TURBOUSDT
[2m2026-01-29T07:28:27.968005Z[0m [32m INFO[0m [2mingestor_pairs::candles[0m[2m:[0m Inserted 10 15m candles for TURBOUSDT
[2m2026-01-29T07:28:27.968454Z[0m [32m INFO[0m [2mingestor_pairs::candles[0m[2m:[0m Inserted 3 1h candles for TURBOUSDT
[2m2026-01-29T07:28:27.977069Z[0m [32m INFO[0m [2mingestor_pairs::candles[0m[2m:[0m Loading 4h timeframe for TURBOUSDT
[2m2026-01-29T07:28:27.979040Z[0m [32m INFO[0m [2mingestor_pairs::candles[0m[2m:[0m Loading 1d timeframe for TURBOUSDT
[2m2026-01-29T07:28:28.284134Z[0m [32m INFO[0m [2mingestor_pairs::candles[0m[2m:[0m Inserted 0 4h candles for TURBOUSDT
[2m2026-01-29T07:28:28.293468Z[0m [32m INFO[0m [2mingestor_pairs::candles[0m[2m:[0m Loading 1m timeframe for IOUSDT
[2m2026-01-29T07:28:28.295333Z[0m [32m INFO[0m [2mingestor_pairs::candles[0m[2m:[0m Inserted 0 1d candles for TURBOUSDT
[2m2026-01-29T07:28:28.313716Z[0m [32m INFO[0m [2mingestor_pairs::candles[0m[2m:[0m Loading 5m timeframe for IOUSDT
[2m2026-01-29T07:28:28.688740Z[0m [32m INFO[0m [2mingestor_pairs::candles[0m[2m:[0m Inserted 32 5m candles for IOUSDT
[2m2026-01-29T07:28:28.695882Z[0m [32m INFO[0m [2mingestor_pairs::candles[0m[2m:[0m Loading 15m timeframe for IOUSDT
[2m2026-01-29T07:28:28.703668Z[0m [32m INFO[0m [2mingestor_pairs::candles[0m[2m:[0m Inserted 162 1m candles for IOUSDT
[2m2026-01-29T07:28:28.707745Z[0m [32m INFO[0m [2mingestor_pairs::candles[0m[2m:[0m Loading 1h timeframe for IOUSDT
[2m2026-01-29T07:28:29.093123Z[0m [32m INFO[0m [2mingestor_pairs::candles[0m[2m:[0m Inserted 10 15m candles for IOUSDT
[2m2026-01-29T07:28:29.093769Z[0m [32m INFO[0m [2mingestor_pairs::candles[0m[2m:[0m Inserted 3 1h candles for IOUSDT
[2m2026-01-29T07:28:29.103304Z[0m [32m INFO[0m [2mingestor_pairs::candles[0m[2m:[0m Loading 4h timeframe for IOUSDT
[2m2026-01-29T07:28:29.105015Z[0m [32m INFO[0m [2mingestor_pairs::candles[0m[2m:[0m Loading 1d timeframe for IOUSDT
[2m2026-01-29T07:28:29.599333Z[0m [32m INFO[0m [2mingestor_pairs::candles[0m[2m:[0m Inserted 0 4h candles for IOUSDT
[2m2026-01-29T07:28:29.599477Z[0m [32m INFO[0m [2mingestor_pairs::candles[0m[2m:[0m Inserted 0 1d candles for IOUSDT
[2m2026-01-29T07:28:29.608521Z[0m [32m INFO[0m [2mingestor_pairs::candles[0m[2m:[0m Loading 1m timeframe for ZKUSDT
[2m2026-01-29T07:28:29.610870Z[0m [32m INFO[0m [2mingestor_pairs::candles[0m[2m:[0m Loading 5m timeframe for ZKUSDT
[2m2026-01-29T07:28:30.017844Z[0m [32m INFO[0m [2mingestor_pairs::candles[0m[2m:[0m Inserted 32 5m candles for ZKUSDT
[2m2026-01-29T07:28:30.025949Z[0m [32m INFO[0m [2mingestor_pairs::candles[0m[2m:[0m Loading 15m timeframe for ZKUSDT
[2m2026-01-29T07:28:30.039635Z[0m [32m INFO[0m [2mingestor_pairs::candles[0m[2m:[0m Inserted 162 1m candles for ZKUSDT
[2m2026-01-29T07:28:30.054450Z[0m [32m INFO[0m [2mingestor_pairs::candles[0m[2m:[0m Loading 1h timeframe for ZKUSDT
[2m2026-01-29T07:28:30.341919Z[0m [32m INFO[0m [2mingestor_pairs::candles[0m[2m:[0m Inserted 10 15m candles for ZKUSDT
[2m2026-01-29T07:28:30.350711Z[0m [32m INFO[0m [2mingestor_pairs::candles[0m[2m:[0m Loading 4h timeframe for ZKUSDT
[2m2026-01-29T07:28:30.371412Z[0m [32m INFO[0m [2mingestor_pairs::candles[0m[2m:[0m Inserted 3 1h candles for ZKUSDT
[2m2026-01-29T07:28:30.392278Z[0m [32m INFO[0m [2mingestor_pairs::candles[0m[2m:[0m Loading 1d timeframe for ZKUSDT
[2m2026-01-29T07:28:30.661283Z[0m [32m INFO[0m [2mingestor_pairs::candles[0m[2m:[0m Inserted 0 4h candles for ZKUSDT
[2m2026-01-29T07:28:30.669052Z[0m [32m INFO[0m [2mingestor_pairs::candles[0m[2m:[0m Loading 1m timeframe for MEWUSDT
[2m2026-01-29T07:28:30.707267Z[0m [32m INFO[0m [2mingestor_pairs::candles[0m[2m:[0m Inserted 0 1d candles for ZKUSDT
[2m2026-01-29T07:28:30.712143Z[0m [32m INFO[0m [2mingestor_pairs::candles[0m[2m:[0m Loading 5m timeframe for MEWUSDT
[2m2026-01-29T07:28:31.039041Z[0m [32m INFO[0m [2mingestor_pairs::candles[0m[2m:[0m Inserted 32 5m candles for MEWUSDT
[2m2026-01-29T07:28:31.046179Z[0m [32m INFO[0m [2mingestor_pairs::candles[0m[2m:[0m Loading 15m timeframe for MEWUSDT
[2m2026-01-29T07:28:31.055168Z[0m [32m INFO[0m [2mingestor_pairs::candles[0m[2m:[0m Inserted 162 1m candles for MEWUSDT
[2m2026-01-29T07:28:31.060738Z[0m [32m INFO[0m [2mingestor_pairs::candles[0m[2m:[0m Loading 1h timeframe for MEWUSDT
[2m2026-01-29T07:28:31.447977Z[0m [32m INFO[0m [2mingestor_pairs::candles[0m[2m:[0m Inserted 3 1h candles for MEWUSDT
[2m2026-01-29T07:28:31.448521Z[0m [32m INFO[0m [2mingestor_pairs::candles[0m[2m:[0m Inserted 10 15m candles for MEWUSDT
[2m2026-01-29T07:28:31.457568Z[0m [32m INFO[0m [2mingestor_pairs::candles[0m[2m:[0m Loading 4h timeframe for MEWUSDT
[2m2026-01-29T07:28:31.459270Z[0m [32m INFO[0m [2mingestor_pairs::candles[0m[2m:[0m Loading 1d timeframe for MEWUSDT
[2m2026-01-29T07:28:31.850839Z[0m [32m INFO[0m [2mingestor_pairs::candles[0m[2m:[0m Inserted 0 4h candles for MEWUSDT
[2m2026-01-29T07:28:31.850923Z[0m [32m INFO[0m [2mingestor_pairs::candles[0m[2m:[0m Inserted 0 1d candles for MEWUSDT
[2m2026-01-29T07:28:31.859933Z[0m [32m INFO[0m [2mingestor_pairs::candles[0m[2m:[0m Loading 1m timeframe for ZROUSDT
[2m2026-01-29T07:28:31.862641Z[0m [32m INFO[0m [2mingestor_pairs::candles[0m[2m:[0m Loading 5m timeframe for ZROUSDT
[2m2026-01-29T07:28:32.209634Z[0m [32m INFO[0m [2mingestor_pairs::candles[0m[2m:[0m Inserted 32 5m candles for ZROUSDT
[2m2026-01-29T07:28:32.217591Z[0m [32m INFO[0m [2mingestor_pairs::candles[0m[2m:[0m Loading 15m timeframe for ZROUSDT
[2m2026-01-29T07:28:32.232312Z[0m [32m INFO[0m [2mingestor_pairs::candles[0m[2m:[0m Inserted 161 1m candles for ZROUSDT
[2m2026-01-29T07:28:32.244436Z[0m [32m INFO[0m [2mingestor_pairs::candles[0m[2m:[0m Loading 1h timeframe for ZROUSDT
[2m2026-01-29T07:28:32.573444Z[0m [32m INFO[0m [2mingestor_pairs::candles[0m[2m:[0m Inserted 3 1h candles for ZROUSDT
[2m2026-01-29T07:28:32.573668Z[0m [32m INFO[0m [2mingestor_pairs::candles[0m[2m:[0m Inserted 10 15m candles for ZROUSDT
[2m2026-01-29T07:28:32.583453Z[0m [32m INFO[0m [2mingestor_pairs::candles[0m[2m:[0m Loading 4h timeframe for NOTUSDT
[2m2026-01-29T07:28:32.585314Z[0m [32m INFO[0m [2mingestor_pairs::candles[0m[2m:[0m Loading 4h timeframe for ZROUSDT
[2m2026-01-29T07:28:32.891680Z[0m [32m INFO[0m [2mingestor_pairs::candles[0m[2m:[0m Inserted 0 4h candles for ZROUSDT
[2m2026-01-29T07:28:32.899398Z[0m [32m INFO[0m [2mingestor_pairs::candles[0m[2m:[0m Inserted 0 4h candles for NOTUSDT
[2m2026-01-29T07:28:32.901411Z[0m [32m INFO[0m [2mingestor_pairs::candles[0m[2m:[0m Loading 1d timeframe for ZROUSDT
[2m2026-01-29T07:28:32.916951Z[0m [32m INFO[0m [2mingestor_pairs::candles[0m[2m:[0m Loading 1m timeframe for RENDERUSDT
[2m2026-01-29T07:28:33.284342Z[0m [32m INFO[0m [2mingestor_pairs::candles[0m[2m:[0m Inserted 0 1d candles for ZROUSDT
[2m2026-01-29T07:28:33.293685Z[0m [32m INFO[0m [2mingestor_pairs::candles[0m[2m:[0m Loading 5m timeframe for RENDERUSDT
[2m2026-01-29T07:28:33.329555Z[0m [32m INFO[0m [2mingestor_pairs::candles[0m[2m:[0m Inserted 161 1m candles for RENDERUSDT
[2m2026-01-29T07:28:33.342894Z[0m [32m INFO[0m [2mingestor_pairs::candles[0m[2m:[0m Loading 15m timeframe for RENDERUSDT
[2m2026-01-29T07:28:33.701289Z[0m [32m INFO[0m [2mingestor_pairs::candles[0m[2m:[0m Inserted 32 5m candles for RENDERUSDT
[2m2026-01-29T07:28:33.708489Z[0m [32m INFO[0m [2mingestor_pairs::candles[0m[2m:[0m Loading 1h timeframe for RENDERUSDT
[2m2026-01-29T07:28:34.017091Z[0m [32m INFO[0m [2mingestor_pairs::candles[0m[2m:[0m Inserted 3 1h candles for RENDERUSDT
[2m2026-01-29T07:28:34.023422Z[0m [32m INFO[0m [2mingestor_pairs::candles[0m[2m:[0m Loading 4h timeframe for RENDERUSDT
[2m2026-01-29T07:28:34.317259Z[0m [32m INFO[0m [2mingestor_pairs::candles[0m[2m:[0m Inserted 10 15m candles for RENDERUSDT
[2m2026-01-29T07:28:34.325923Z[0m [32m INFO[0m [2mingestor_pairs::candles[0m[2m:[0m Loading 1d timeframe for RENDERUSDT
[2m2026-01-29T07:28:34.327084Z[0m [32m INFO[0m [2mingestor_pairs::candles[0m[2m:[0m Inserted 0 4h candles for RENDERUSDT
[2m2026-01-29T07:28:34.349945Z[0m [32m INFO[0m [2mingestor_pairs::candles[0m[2m:[0m Loading 1m timeframe for BANANAUSDT
[2m2026-01-29T07:28:34.650379Z[0m [32m INFO[0m [2mingestor_pairs::candles[0m[2m:[0m Inserted 0 1d candles for RENDERUSDT
[2m2026-01-29T07:28:34.660279Z[0m [32m INFO[0m [2mingestor_pairs::candles[0m[2m:[0m Loading 5m timeframe for BANANAUSDT
[2m2026-01-29T07:28:34.700816Z[0m [32m INFO[0m [2mingestor_pairs::candles[0m[2m:[0m Inserted 162 1m candles for BANANAUSDT
[2m2026-01-29T07:28:34.713357Z[0m [32m INFO[0m [2mingestor_pairs::candles[0m[2m:[0m Loading 15m timeframe for BANANAUSDT
[2m2026-01-29T07:28:35.034293Z[0m [32m INFO[0m [2mingestor_pairs::candles[0m[2m:[0m Inserted 10 15m candles for BANANAUSDT
[2m2026-01-29T07:28:35.035882Z[0m [32m INFO[0m [2mingestor_pairs::candles[0m[2m:[0m Inserted 32 5m candles for BANANAUSDT
[2m2026-01-29T07:28:35.043645Z[0m [32m INFO[0m [2mingestor_pairs::candles[0m[2m:[0m Loading 1h timeframe for BANANAUSDT
[2m2026-01-29T07:28:35.046686Z[0m [32m INFO[0m [2mingestor_pairs::candles[0m[2m:[0m Loading 1d timeframe for BANANAUSDT
[2m2026-01-29T07:28:35.435636Z[0m [32m INFO[0m [2mingestor_pairs::candles[0m[2m:[0m Inserted 0 1d candles for BANANAUSDT
[2m2026-01-29T07:28:35.442203Z[0m [32m INFO[0m [2mingestor_pairs::candles[0m[2m:[0m Inserted 3 1h candles for BANANAUSDT
[2m2026-01-29T07:28:35.445053Z[0m [32m INFO[0m [2mingestor_pairs::candles[0m[2m:[0m Loading 1m timeframe for GUSDT
[2m2026-01-29T07:28:35.454000Z[0m [32m INFO[0m [2mingestor_pairs::candles[0m[2m:[0m Loading 5m timeframe for GUSDT
[2m2026-01-29T07:28:35.853810Z[0m [32m INFO[0m [2mingestor_pairs::candles[0m[2m:[0m Inserted 32 5m candles for GUSDT
[2m2026-01-29T07:28:35.862601Z[0m [32m INFO[0m [2mingestor_pairs::candles[0m[2m:[0m Loading 15m timeframe for GUSDT
[2m2026-01-29T07:28:35.876956Z[0m [32m INFO[0m [2mingestor_pairs::candles[0m[2m:[0m Inserted 161 1m candles for GUSDT
[2m2026-01-29T07:28:35.888675Z[0m [32m INFO[0m [2mingestor_pairs::candles[0m[2m:[0m Loading 1h timeframe for GUSDT
[2m2026-01-29T07:28:36.261544Z[0m [32m INFO[0m [2mingestor_pairs::candles[0m[2m:[0m Inserted 3 1h candles for GUSDT
[2m2026-01-29T07:28:36.262392Z[0m [32m INFO[0m [2mingestor_pairs::candles[0m[2m:[0m Inserted 10 15m candles for GUSDT
[2m2026-01-29T07:28:36.271877Z[0m [32m INFO[0m [2mingestor_pairs::candles[0m[2m:[0m Loading 1d timeframe for GUSDT
[2m2026-01-29T07:28:36.273603Z[0m [32m INFO[0m [2mingestor_pairs::candles[0m[2m:[0m Loading 4h timeframe for GUSDT
[2m2026-01-29T07:28:36.590419Z[0m [32m INFO[0m [2mingestor_pairs::candles[0m[2m:[0m Inserted 0 4h candles for GUSDT
[2m2026-01-29T07:28:36.599749Z[0m [32m INFO[0m [2mingestor_pairs::candles[0m[2m:[0m Inserted 0 1d candles for GUSDT
[2m2026-01-29T07:28:36.600495Z[0m [32m INFO[0m [2mingestor_pairs::candles[0m[2m:[0m Loading 1m timeframe for SYNUSDT
[2m2026-01-29T07:28:36.610588Z[0m [32m INFO[0m [2mingestor_pairs::candles[0m[2m:[0m Loading 5m timeframe for SYNUSDT
[2m2026-01-29T07:28:36.928474Z[0m [32m INFO[0m [2mingestor_pairs::candles[0m[2m:[0m Inserted 32 5m candles for SYNUSDT
[2m2026-01-29T07:28:36.936708Z[0m [32m INFO[0m [2mingestor_pairs::candles[0m[2m:[0m Loading 15m timeframe for SYNUSDT
[2m2026-01-29T07:28:36.947204Z[0m [32m INFO[0m [2mingestor_pairs::candles[0m[2m:[0m Inserted 161 1m candles for SYNUSDT
[2m2026-01-29T07:28:36.958571Z[0m [32m INFO[0m [2mingestor_pairs::candles[0m[2m:[0m Loading 1h timeframe for SYNUSDT
[2m2026-01-29T07:28:37.284547Z[0m [32m INFO[0m [2mingestor_pairs::candles[0m[2m:[0m Inserted 3 1h candles for SYNUSDT
[2m2026-01-29T07:28:37.285049Z[0m [32m INFO[0m [2mingestor_pairs::candles[0m[2m:[0m Inserted 10 15m candles for SYNUSDT
[2m2026-01-29T07:28:37.293888Z[0m [32m INFO[0m [2mingestor_pairs::candles[0m[2m:[0m Loading 4h timeframe for SYNUSDT
[2m2026-01-29T07:28:37.295206Z[0m [32m INFO[0m [2mingestor_pairs::candles[0m[2m:[0m Loading 1d timeframe for SYNUSDT
[2m2026-01-29T07:28:37.690196Z[0m [32m INFO[0m [2mingestor_pairs::candles[0m[2m:[0m Inserted 0 1d candles for SYNUSDT
[2m2026-01-29T07:28:37.690264Z[0m [32m INFO[0m [2mingestor_pairs::candles[0m[2m:[0m Inserted 0 4h candles for SYNUSDT
[2m2026-01-29T07:28:37.700542Z[0m [32m INFO[0m [2mingestor_pairs::candles[0m[2m:[0m Loading 5m timeframe for BRETTUSDT
[2m2026-01-29T07:28:37.701317Z[0m [32m INFO[0m [2mingestor_pairs::candles[0m[2m:[0m Loading 1m timeframe for BRETTUSDT
[2m2026-01-29T07:28:38.106510Z[0m [32m INFO[0m [2mingestor_pairs::candles[0m[2m:[0m Inserted 32 5m candles for BRETTUSDT
[2m2026-01-29T07:28:38.115056Z[0m [32m INFO[0m [2mingestor_pairs::candles[0m[2m:[0m Loading 15m timeframe for BRETTUSDT
[2m2026-01-29T07:28:38.135963Z[0m [32m INFO[0m [2mingestor_pairs::candles[0m[2m:[0m Inserted 161 1m candles for BRETTUSDT
[2m2026-01-29T07:28:38.153960Z[0m [32m INFO[0m [2mingestor_pairs::candles[0m[2m:[0m Loading 1h timeframe for BRETTUSDT
[2m2026-01-29T07:28:38.512701Z[0m [32m INFO[0m [2mingestor_pairs::candles[0m[2m:[0m Inserted 3 1h candles for BRETTUSDT
[2m2026-01-29T07:28:38.513849Z[0m [32m INFO[0m [2mingestor_pairs::candles[0m[2m:[0m Inserted 10 15m candles for BRETTUSDT
[2m2026-01-29T07:28:38.523073Z[0m [32m INFO[0m [2mingestor_pairs::candles[0m[2m:[0m Loading 1d timeframe for BRETTUSDT
[2m2026-01-29T07:28:38.524653Z[0m [32m INFO[0m [2mingestor_pairs::candles[0m[2m:[0m Loading 4h timeframe for BRETTUSDT
[2m2026-01-29T07:28:38.838579Z[0m [32m INFO[0m [2mingestor_pairs::candles[0m[2m:[0m Inserted 0 1d candles for BRETTUSDT
[2m2026-01-29T07:28:38.841934Z[0m [32m INFO[0m [2mingestor_pairs::candles[0m[2m:[0m Inserted 0 4h candles for BRETTUSDT
[2m2026-01-29T07:28:38.848418Z[0m [32m INFO[0m [2mingestor_pairs::candles[0m[2m:[0m Loading 1m timeframe for POPCATUSDT
[2m2026-01-29T07:28:38.851641Z[0m [32m INFO[0m [2mingestor_pairs::candles[0m[2m:[0m Loading 5m timeframe for POPCATUSDT
[2m2026-01-29T07:28:39.173061Z[0m [32m INFO[0m [2mingestor_pairs::candles[0m[2m:[0m Inserted 32 5m candles for POPCATUSDT
[2m2026-01-29T07:28:39.181202Z[0m [32m INFO[0m [2mingestor_pairs::candles[0m[2m:[0m Loading 15m timeframe for POPCATUSDT
[2m2026-01-29T07:28:39.194467Z[0m [32m INFO[0m [2mingestor_pairs::candles[0m[2m:[0m Inserted 161 1m candles for POPCATUSDT
[2m2026-01-29T07:28:39.206463Z[0m [32m INFO[0m [2mingestor_pairs::candles[0m[2m:[0m Loading 1h timeframe for POPCATUSDT
[2m2026-01-29T07:28:39.496517Z[0m [32m INFO[0m [2mingestor_pairs::candles[0m[2m:[0m Inserted 10 15m candles for POPCATUSDT
[2m2026-01-29T07:28:39.506471Z[0m [32m INFO[0m [2mingestor_pairs::candles[0m[2m:[0m Loading 4h timeframe for POPCATUSDT
[2m2026-01-29T07:28:39.529284Z[0m [32m INFO[0m [2mingestor_pairs::candles[0m[2m:[0m Inserted 3 1h candles for POPCATUSDT
[2m2026-01-29T07:28:39.542638Z[0m [32m INFO[0m [2mingestor_pairs::candles[0m[2m:[0m Loading 4h timeframe for BANANAUSDT
[2m2026-01-29T07:28:39.838190Z[0m [32m INFO[0m [2mingestor_pairs::candles[0m[2m:[0m Inserted 0 4h candles for POPCATUSDT
[2m2026-01-29T07:28:39.847257Z[0m [32m INFO[0m [2mingestor_pairs::candles[0m[2m:[0m Loading 1d timeframe for POPCATUSDT
[2m2026-01-29T07:28:39.850569Z[0m [32m INFO[0m [2mingestor_pairs::candles[0m[2m:[0m Inserted 0 4h candles for BANANAUSDT
[2m2026-01-29T07:28:39.870168Z[0m [32m INFO[0m [2mingestor_pairs::candles[0m[2m:[0m Loading 1m timeframe for SUNUSDT
[2m2026-01-29T07:28:40.174030Z[0m [32m INFO[0m [2mingestor_pairs::candles[0m[2m:[0m Inserted 0 1d candles for POPCATUSDT
[2m2026-01-29T07:28:40.183849Z[0m [32m INFO[0m [2mingestor_pairs::candles[0m[2m:[0m Loading 5m timeframe for SUNUSDT
[2m2026-01-29T07:28:40.216736Z[0m [32m INFO[0m [2mingestor_pairs::candles[0m[2m:[0m Inserted 161 1m candles for SUNUSDT
[2m2026-01-29T07:28:40.226245Z[0m [32m INFO[0m [2mingestor_pairs::candles[0m[2m:[0m Loading 15m timeframe for SUNUSDT
[2m2026-01-29T07:28:40.562351Z[0m [32m INFO[0m [2mingestor_pairs::candles[0m[2m:[0m Inserted 10 15m candles for SUNUSDT
[2m2026-01-29T07:28:40.564298Z[0m [32m INFO[0m [2mingestor_pairs::candles[0m[2m:[0m Inserted 32 5m candles for SUNUSDT
[2m2026-01-29T07:28:40.572194Z[0m [32m INFO[0m [2mingestor_pairs::candles[0m[2m:[0m Loading 1h timeframe for SUNUSDT
[2m2026-01-29T07:28:40.573912Z[0m [32m INFO[0m [2mingestor_pairs::candles[0m[2m:[0m Loading 4h timeframe for SUNUSDT
[2m2026-01-29T07:28:40.964898Z[0m [32m INFO[0m [2mingestor_pairs::candles[0m[2m:[0m Inserted 0 4h candles for SUNUSDT
[2m2026-01-29T07:28:40.971106Z[0m [32m INFO[0m [2mingestor_pairs::candles[0m[2m:[0m Inserted 3 1h candles for SUNUSDT
[2m2026-01-29T07:28:40.976276Z[0m [32m INFO[0m [2mingestor_pairs::candles[0m[2m:[0m Loading 1d timeframe for SUNUSDT
[2m2026-01-29T07:28:40.980761Z[0m [32m INFO[0m [2mingestor_pairs::candles[0m[2m:[0m Loading 1m timeframe for POLUSDT
[2m2026-01-29T07:28:41.373510Z[0m [32m INFO[0m [2mingestor_pairs::candles[0m[2m:[0m Inserted 0 1d candles for SUNUSDT
[2m2026-01-29T07:28:41.382763Z[0m [32m INFO[0m [2mingestor_pairs::candles[0m[2m:[0m Loading 5m timeframe for POLUSDT
[2m2026-01-29T07:28:41.401241Z[0m [32m INFO[0m [2mingestor_pairs::candles[0m[2m:[0m Inserted 161 1m candles for POLUSDT
[2m2026-01-29T07:28:41.409037Z[0m [32m INFO[0m [2mingestor_pairs::candles[0m[2m:[0m Loading 15m timeframe for POLUSDT
[2m2026-01-29T07:28:41.790540Z[0m [32m INFO[0m [2mingestor_pairs::candles[0m[2m:[0m Inserted 10 15m candles for POLUSDT
[2m2026-01-29T07:28:41.792107Z[0m [32m INFO[0m [2mingestor_pairs::candles[0m[2m:[0m Inserted 32 5m candles for POLUSDT
[2m2026-01-29T07:28:41.799812Z[0m [32m INFO[0m [2mingestor_pairs::candles[0m[2m:[0m Loading 1h timeframe for POLUSDT
[2m2026-01-29T07:28:41.801339Z[0m [32m INFO[0m [2mingestor_pairs::candles[0m[2m:[0m Loading 4h timeframe for POLUSDT
[2m2026-01-29T07:28:42.193594Z[0m [32m INFO[0m [2mingestor_pairs::candles[0m[2m:[0m Inserted 0 4h candles for POLUSDT
[2m2026-01-29T07:28:42.200175Z[0m [32m INFO[0m [2mingestor_pairs::candles[0m[2m:[0m Inserted 3 1h candles for POLUSDT
[2m2026-01-29T07:28:42.202924Z[0m [32m INFO[0m [2mingestor_pairs::candles[0m[2m:[0m Loading 1d timeframe for POLUSDT
[2m2026-01-29T07:28:42.210519Z[0m [32m INFO[0m [2mingestor_pairs::candles[0m[2m:[0m Loading 1m timeframe for 1MBABYDOGEUSDT
[2m2026-01-29T07:28:42.602568Z[0m [32m INFO[0m [2mingestor_pairs::candles[0m[2m:[0m Inserted 0 1d candles for POLUSDT
[2m2026-01-29T07:28:42.614424Z[0m [32m INFO[0m [2mingestor_pairs::candles[0m[2m:[0m Loading 5m timeframe for 1MBABYDOGEUSDT
[2m2026-01-29T07:28:42.638634Z[0m [32m INFO[0m [2mingestor_pairs::candles[0m[2m:[0m Inserted 161 1m candles for 1MBABYDOGEUSDT
[2m2026-01-29T07:28:42.651803Z[0m [32m INFO[0m [2mingestor_pairs::candles[0m[2m:[0m Loading 15m timeframe for 1MBABYDOGEUSDT
[2m2026-01-29T07:28:43.019652Z[0m [32m INFO[0m [2mingestor_pairs::candles[0m[2m:[0m Inserted 10 15m candles for 1MBABYDOGEUSDT
[2m2026-01-29T07:28:43.021272Z[0m [32m INFO[0m [2mingestor_pairs::candles[0m[2m:[0m Inserted 32 5m candles for 1MBABYDOGEUSDT
[2m2026-01-29T07:28:43.029017Z[0m [32m INFO[0m [2mingestor_pairs::candles[0m[2m:[0m Loading 1h timeframe for 1MBABYDOGEUSDT
[2m2026-01-29T07:28:43.031352Z[0m [32m INFO[0m [2mingestor_pairs::candles[0m[2m:[0m Loading 4h timeframe for 1MBABYDOGEUSDT
[2m2026-01-29T07:28:43.340878Z[0m [32m INFO[0m [2mingestor_pairs::candles[0m[2m:[0m Inserted 0 4h candles for 1MBABYDOGEUSDT
[2m2026-01-29T07:28:43.348840Z[0m [32m INFO[0m [2mingestor_pairs::candles[0m[2m:[0m Inserted 3 1h candles for 1MBABYDOGEUSDT
[2m2026-01-29T07:28:43.349887Z[0m [32m INFO[0m [2mingestor_pairs::candles[0m[2m:[0m Loading 1d timeframe for 1MBABYDOGEUSDT
[2m2026-01-29T07:28:43.367077Z[0m [32m INFO[0m [2mingestor_pairs::candles[0m[2m:[0m Loading 1m timeframe for NEIROUSDT
[2m2026-01-29T07:28:43.730230Z[0m [32m INFO[0m [2mingestor_pairs::candles[0m[2m:[0m Inserted 0 1d candles for 1MBABYDOGEUSDT
[2m2026-01-29T07:28:43.740227Z[0m [32m INFO[0m [2mingestor_pairs::candles[0m[2m:[0m Loading 5m timeframe for NEIROUSDT
[2m2026-01-29T07:28:43.768589Z[0m [32m INFO[0m [2mingestor_pairs::candles[0m[2m:[0m Inserted 161 1m candles for NEIROUSDT
[2m2026-01-29T07:28:43.782632Z[0m [32m INFO[0m [2mingestor_pairs::candles[0m[2m:[0m Loading 15m timeframe for NEIROUSDT
[2m2026-01-29T07:28:44.059412Z[0m [32m INFO[0m [2mingestor_pairs::candles[0m[2m:[0m Inserted 32 5m candles for NEIROUSDT
[2m2026-01-29T07:28:44.068621Z[0m [32m INFO[0m [2mingestor_pairs::candles[0m[2m:[0m Loading 1h timeframe for NEIROUSDT
[2m2026-01-29T07:28:44.100040Z[0m [32m INFO[0m [2mingestor_pairs::candles[0m[2m:[0m Inserted 10 15m candles for NEIROUSDT
[2m2026-01-29T07:28:44.110458Z[0m [32m INFO[0m [2mingestor_pairs::candles[0m[2m:[0m Loading 4h timeframe for NEIROUSDT
[2m2026-01-29T07:28:44.445880Z[0m [32m INFO[0m [2mingestor_pairs::candles[0m[2m:[0m Inserted 0 4h candles for NEIROUSDT
[2m2026-01-29T07:28:44.453083Z[0m [32m INFO[0m [2mingestor_pairs::candles[0m[2m:[0m Inserted 3 1h candles for NEIROUSDT
[2m2026-01-29T07:28:44.456133Z[0m [32m INFO[0m [2mingestor_pairs::candles[0m[2m:[0m Loading 1d timeframe for NEIROUSDT
[2m2026-01-29T07:28:44.464112Z[0m [32m INFO[0m [2mingestor_pairs::candles[0m[2m:[0m Loading 1m timeframe for FIDAUSDT
[2m2026-01-29T07:28:44.855978Z[0m [32m INFO[0m [2mingestor_pairs::candles[0m[2m:[0m Inserted 0 1d candles for NEIROUSDT
[2m2026-01-29T07:28:44.865695Z[0m [32m INFO[0m [2mingestor_pairs::candles[0m[2m:[0m Loading 5m timeframe for FIDAUSDT
[2m2026-01-29T07:28:44.893545Z[0m [32m INFO[0m [2mingestor_pairs::candles[0m[2m:[0m Inserted 161 1m candles for FIDAUSDT
[2m2026-01-29T07:28:44.907101Z[0m [32m INFO[0m [2mingestor_pairs::candles[0m[2m:[0m Loading 15m timeframe for FIDAUSDT
[2m2026-01-29T07:28:45.189776Z[0m [32m INFO[0m [2mingestor_pairs::candles[0m[2m:[0m Inserted 32 5m candles for FIDAUSDT
[2m2026-01-29T07:28:45.198477Z[0m [32m INFO[0m [2mingestor_pairs::candles[0m[2m:[0m Loading 1h timeframe for FIDAUSDT
[2m2026-01-29T07:28:45.227385Z[0m [32m INFO[0m [2mingestor_pairs::candles[0m[2m:[0m Inserted 10 15m candles for FIDAUSDT
[2m2026-01-29T07:28:45.238726Z[0m [32m INFO[0m [2mingestor_pairs::candles[0m[2m:[0m Loading 4h timeframe for FIDAUSDT
[2m2026-01-29T07:28:45.572486Z[0m [32m INFO[0m [2mingestor_pairs::candles[0m[2m:[0m Inserted 0 4h candles for FIDAUSDT
[2m2026-01-29T07:28:45.581119Z[0m [32m INFO[0m [2mingestor_pairs::candles[0m[2m:[0m Inserted 3 1h candles for FIDAUSDT
[2m2026-01-29T07:28:45.583695Z[0m [32m INFO[0m [2mingestor_pairs::candles[0m[2m:[0m Loading 1d timeframe for FIDAUSDT
[2m2026-01-29T07:28:45.600496Z[0m [32m INFO[0m [2mingestor_pairs::candles[0m[2m:[0m Loading 1m timeframe for HMSTRUSDT
[2m2026-01-29T07:28:45.987360Z[0m [32m INFO[0m [2mingestor_pairs::candles[0m[2m:[0m Inserted 0 1d candles for FIDAUSDT
[2m2026-01-29T07:28:45.996706Z[0m [32m INFO[0m [2mingestor_pairs::candles[0m[2m:[0m Loading 5m timeframe for HMSTRUSDT
[2m2026-01-29T07:28:46.031960Z[0m [32m INFO[0m [2mingestor_pairs::candles[0m[2m:[0m Inserted 161 1m candles for HMSTRUSDT
[2m2026-01-29T07:28:46.042263Z[0m [32m INFO[0m [2mingestor_pairs::candles[0m[2m:[0m Loading 15m timeframe for HMSTRUSDT
[2m2026-01-29T07:28:46.399222Z[0m [32m INFO[0m [2mingestor_pairs::candles[0m[2m:[0m Inserted 10 15m candles for HMSTRUSDT
[2m2026-01-29T07:28:46.401149Z[0m [32m INFO[0m [2mingestor_pairs::candles[0m[2m:[0m Inserted 32 5m candles for HMSTRUSDT
[2m2026-01-29T07:28:46.408441Z[0m [32m INFO[0m [2mingestor_pairs::candles[0m[2m:[0m Loading 1h timeframe for HMSTRUSDT
[2m2026-01-29T07:28:46.409584Z[0m [32m INFO[0m [2mingestor_pairs::candles[0m[2m:[0m Loading 4h timeframe for HMSTRUSDT
[2m2026-01-29T07:28:46.802448Z[0m [32m INFO[0m [2mingestor_pairs::candles[0m[2m:[0m Inserted 0 4h candles for HMSTRUSDT
[2m2026-01-29T07:28:46.808577Z[0m [32m INFO[0m [2mingestor_pairs::candles[0m[2m:[0m Inserted 3 1h candles for HMSTRUSDT
[2m2026-01-29T07:28:46.810643Z[0m [32m INFO[0m [2mingestor_pairs::candles[0m[2m:[0m Loading 1d timeframe for HMSTRUSDT
[2m2026-01-29T07:28:46.816030Z[0m [32m INFO[0m [2mingestor_pairs::candles[0m[2m:[0m Loading 1m timeframe for EIGENUSDT
[2m2026-01-29T07:28:47.211553Z[0m [32m INFO[0m [2mingestor_pairs::candles[0m[2m:[0m Inserted 0 1d candles for HMSTRUSDT
[2m2026-01-29T07:28:47.221236Z[0m [32m INFO[0m [2mingestor_pairs::candles[0m[2m:[0m Loading 5m timeframe for EIGENUSDT
[2m2026-01-29T07:28:47.242775Z[0m [32m INFO[0m [2mingestor_pairs::candles[0m[2m:[0m Inserted 161 1m candles for EIGENUSDT
[2m2026-01-29T07:28:47.250852Z[0m [32m INFO[0m [2mingestor_pairs::candles[0m[2m:[0m Loading 15m timeframe for EIGENUSDT
[2m2026-01-29T07:28:47.629561Z[0m [32m INFO[0m [2mingestor_pairs::candles[0m[2m:[0m Inserted 10 15m candles for EIGENUSDT
[2m2026-01-29T07:28:47.631684Z[0m [32m INFO[0m [2mingestor_pairs::candles[0m[2m:[0m Inserted 32 5m candles for EIGENUSDT
[2m2026-01-29T07:28:47.638964Z[0m [32m INFO[0m [2mingestor_pairs::candles[0m[2m:[0m Loading 1h timeframe for EIGENUSDT
[2m2026-01-29T07:28:47.643416Z[0m [32m INFO[0m [2mingestor_pairs::candles[0m[2m:[0m Loading 4h timeframe for EIGENUSDT
[2m2026-01-29T07:28:48.030330Z[0m [32m INFO[0m [2mingestor_pairs::candles[0m[2m:[0m Inserted 0 4h candles for EIGENUSDT
[2m2026-01-29T07:28:48.036811Z[0m [32m INFO[0m [2mingestor_pairs::candles[0m[2m:[0m Inserted 3 1h candles for EIGENUSDT
[2m2026-01-29T07:28:48.040233Z[0m [32m INFO[0m [2mingestor_pairs::candles[0m[2m:[0m Loading 1d timeframe for EIGENUSDT
[2m2026-01-29T07:28:48.047310Z[0m [32m INFO[0m [2mingestor_pairs::candles[0m[2m:[0m Loading 1m timeframe for 1000CATUSDT
[2m2026-01-29T07:28:48.468805Z[0m [32m INFO[0m [2mingestor_pairs::candles[0m[2m:[0m Inserted 161 1m candles for 1000CATUSDT
[2m2026-01-29T07:28:48.473208Z[0m [32m INFO[0m [2mingestor_pairs::candles[0m[2m:[0m Loading 5m timeframe for 1000CATUSDT
[2m2026-01-29T07:28:48.856294Z[0m [32m INFO[0m [2mingestor_pairs::candles[0m[2m:[0m Inserted 32 5m candles for 1000CATUSDT
[2m2026-01-29T07:28:48.862903Z[0m [32m INFO[0m [2mingestor_pairs::candles[0m[2m:[0m Loading 15m timeframe for 1000CATUSDT
[2m2026-01-29T07:28:48.915690Z[0m [32m INFO[0m [2mingestor_pairs::candles[0m[2m:[0m Inserted 0 1d candles for EIGENUSDT
[2m2026-01-29T07:28:48.919615Z[0m [32m INFO[0m [2mingestor_pairs::candles[0m[2m:[0m Loading 1h timeframe for 1000CATUSDT
[2m2026-01-29T07:28:49.265927Z[0m [32m INFO[0m [2mingestor_pairs::candles[0m[2m:[0m Inserted 3 1h candles for 1000CATUSDT
[2m2026-01-29T07:28:49.266187Z[0m [32m INFO[0m [2mingestor_pairs::candles[0m[2m:[0m Inserted 10 15m candles for 1000CATUSDT
[2m2026-01-29T07:28:49.274682Z[0m [32m INFO[0m [2mingestor_pairs::candles[0m[2m:[0m Loading 4h timeframe for 1000CATUSDT
[2m2026-01-29T07:28:49.276652Z[0m [32m INFO[0m [2mingestor_pairs::candles[0m[2m:[0m Loading 1d timeframe for 1000CATUSDT
[2m2026-01-29T07:28:49.580631Z[0m [32m INFO[0m [2mingestor_pairs::candles[0m[2m:[0m Inserted 0 4h candles for 1000CATUSDT
[2m2026-01-29T07:28:49.589508Z[0m [32m INFO[0m [2mingestor_pairs::candles[0m[2m:[0m Loading 1m timeframe for GOATUSDT
[2m2026-01-29T07:28:49.592013Z[0m [32m INFO[0m [2mingestor_pairs::candles[0m[2m:[0m Inserted 0 1d candles for 1000CATUSDT
[2m2026-01-29T07:28:49.607387Z[0m [32m INFO[0m [2mingestor_pairs::candles[0m[2m:[0m Loading 5m timeframe for GOATUSDT
[2m2026-01-29T07:28:50.034096Z[0m [32m INFO[0m [2mingestor_pairs::candles[0m[2m:[0m Inserted 700 5m candles for GOATUSDT
[2m2026-01-29T07:28:50.041309Z[0m [32m INFO[0m [2mingestor_pairs::candles[0m[2m:[0m Loading 15m timeframe for GOATUSDT
[2m2026-01-29T07:28:50.065453Z[0m [32m INFO[0m [2mingestor_pairs::candles[0m[2m:[0m Inserted 700 1m candles for GOATUSDT
[2m2026-01-29T07:28:50.072844Z[0m [32m INFO[0m [2mingestor_pairs::candles[0m[2m:[0m Loading 1d timeframe for GOATUSDT
[2m2026-01-29T07:28:50.429321Z[0m [32m INFO[0m [2mingestor_pairs::candles[0m[2m:[0m Inserted 463 1d candles for GOATUSDT
[2m2026-01-29T07:28:50.433587Z[0m [32m INFO[0m [2mingestor_pairs::candles[0m[2m:[0m Loading 1m timeframe for MOODENGUSDT
[2m2026-01-29T07:28:50.435739Z[0m [32m INFO[0m [2mingestor_pairs::candles[0m[2m:[0m Inserted 700 15m candles for GOATUSDT
[2m2026-01-29T07:28:50.440032Z[0m [32m INFO[0m [2mingestor_pairs::candles[0m[2m:[0m Loading 5m timeframe for MOODENGUSDT
[2m2026-01-29T07:28:50.804681Z[0m [32m INFO[0m [2mingestor_pairs::candles[0m[2m:[0m Inserted 32 5m candles for MOODENGUSDT
[2m2026-01-29T07:28:50.812941Z[0m [32m INFO[0m [2mingestor_pairs::candles[0m[2m:[0m Loading 15m timeframe for MOODENGUSDT
[2m2026-01-29T07:28:50.827687Z[0m [32m INFO[0m [2mingestor_pairs::candles[0m[2m:[0m Inserted 161 1m candles for MOODENGUSDT
[2m2026-01-29T07:28:50.840044Z[0m [32m INFO[0m [2mingestor_pairs::candles[0m[2m:[0m Loading 1h timeframe for MOODENGUSDT
[2m2026-01-29T07:28:51.213005Z[0m [32m INFO[0m [2mingestor_pairs::candles[0m[2m:[0m Inserted 3 1h candles for MOODENGUSDT
[2m2026-01-29T07:28:51.214014Z[0m [32m INFO[0m [2mingestor_pairs::candles[0m[2m:[0m Inserted 10 15m candles for MOODENGUSDT
[2m2026-01-29T07:28:51.222967Z[0m [32m INFO[0m [2mingestor_pairs::candles[0m[2m:[0m Loading 4h timeframe for MOODENGUSDT
[2m2026-01-29T07:28:51.224459Z[0m [32m INFO[0m [2mingestor_pairs::candles[0m[2m:[0m Loading 1d timeframe for MOODENGUSDT
[2m2026-01-29T07:28:51.613435Z[0m [32m INFO[0m [2mingestor_pairs::candles[0m[2m:[0m Inserted 0 1d candles for MOODENGUSDT
[2m2026-01-29T07:28:51.613440Z[0m [32m INFO[0m [2mingestor_pairs::candles[0m[2m:[0m Inserted 0 4h candles for MOODENGUSDT
[2m2026-01-29T07:28:51.624888Z[0m [32m INFO[0m [2mingestor_pairs::candles[0m[2m:[0m Loading 1h timeframe for GOATUSDT
[2m2026-01-29T07:28:51.625290Z[0m [32m INFO[0m [2mingestor_pairs::candles[0m[2m:[0m Loading 1m timeframe for GRASSUSDT
[2m2026-01-29T07:28:52.056937Z[0m [32m INFO[0m [2mingestor_pairs::candles[0m[2m:[0m Inserted 161 1m candles for GRASSUSDT
[2m2026-01-29T07:28:52.064363Z[0m [32m INFO[0m [2mingestor_pairs::candles[0m[2m:[0m Loading 4h timeframe for GOATUSDT
[2m2026-01-29T07:28:52.081915Z[0m [32m INFO[0m [2mingestor_pairs::candles[0m[2m:[0m Inserted 700 1h candles for GOATUSDT
[2m2026-01-29T07:28:52.091973Z[0m [32m INFO[0m [2mingestor_pairs::candles[0m[2m:[0m Loading 5m timeframe for GRASSUSDT
[2m2026-01-29T07:28:52.447413Z[0m [32m INFO[0m [2mingestor_pairs::candles[0m[2m:[0m Inserted 32 5m candles for GRASSUSDT
[2m2026-01-29T07:28:52.456469Z[0m [32m INFO[0m [2mingestor_pairs::candles[0m[2m:[0m Loading 15m timeframe for GRASSUSDT
[2m2026-01-29T07:28:52.505281Z[0m [32m INFO[0m [2mingestor_pairs::candles[0m[2m:[0m Inserted 700 4h candles for GOATUSDT
[2m2026-01-29T07:28:52.513065Z[0m [32m INFO[0m [2mingestor_pairs::candles[0m[2m:[0m Loading 1h timeframe for GRASSUSDT
[2m2026-01-29T07:28:52.849053Z[0m [32m INFO[0m [2mingestor_pairs::candles[0m[2m:[0m Inserted 3 1h candles for GRASSUSDT
[2m2026-01-29T07:28:52.849549Z[0m [32m INFO[0m [2mingestor_pairs::candles[0m[2m:[0m Inserted 10 15m candles for GRASSUSDT
[2m2026-01-29T07:28:52.860121Z[0m [32m INFO[0m [2mingestor_pairs::candles[0m[2m:[0m Loading 4h timeframe for GRASSUSDT
[2m2026-01-29T07:28:52.861614Z[0m [32m INFO[0m [2mingestor_pairs::candles[0m[2m:[0m Loading 1d timeframe for GRASSUSDT
[2m2026-01-29T07:28:53.251840Z[0m [32m INFO[0m [2mingestor_pairs::candles[0m[2m:[0m Inserted 0 4h candles for GRASSUSDT
[2m2026-01-29T07:28:53.252098Z[0m [32m INFO[0m [2mingestor_pairs::candles[0m[2m:[0m Inserted 0 1d candles for GRASSUSDT
[2m2026-01-29T07:28:53.261528Z[0m [32m INFO[0m [2mingestor_pairs::candles[0m[2m:[0m Loading 1m timeframe for DRIFTUSDT
[2m2026-01-29T07:28:53.263204Z[0m [32m INFO[0m [2mingestor_pairs::candles[0m[2m:[0m Loading 5m timeframe for DRIFTUSDT
[2m2026-01-29T07:28:53.670243Z[0m [32m INFO[0m [2mingestor_pairs::candles[0m[2m:[0m Inserted 32 5m candles for DRIFTUSDT
[2m2026-01-29T07:28:53.678493Z[0m [32m INFO[0m [2mingestor_pairs::candles[0m[2m:[0m Loading 15m timeframe for DRIFTUSDT
[2m2026-01-29T07:28:53.691619Z[0m [32m INFO[0m [2mingestor_pairs::candles[0m[2m:[0m Inserted 161 1m candles for DRIFTUSDT
[2m2026-01-29T07:28:53.705267Z[0m [32m INFO[0m [2mingestor_pairs::candles[0m[2m:[0m Loading 1h timeframe for DRIFTUSDT
[2m2026-01-29T07:28:53.995452Z[0m [32m INFO[0m [2mingestor_pairs::candles[0m[2m:[0m Inserted 10 15m candles for DRIFTUSDT
[2m2026-01-29T07:28:54.002503Z[0m [32m INFO[0m [2mingestor_pairs::candles[0m[2m:[0m Loading 4h timeframe for DRIFTUSDT
[2m2026-01-29T07:28:54.019730Z[0m [32m INFO[0m [2mingestor_pairs::candles[0m[2m:[0m Inserted 3 1h candles for DRIFTUSDT
[2m2026-01-29T07:28:54.026569Z[0m [32m INFO[0m [2mingestor_pairs::candles[0m[2m:[0m Loading 1d timeframe for DRIFTUSDT
[2m2026-01-29T07:28:54.381476Z[0m [32m INFO[0m [2mingestor_pairs::candles[0m[2m:[0m Inserted 0 4h candles for DRIFTUSDT
[2m2026-01-29T07:28:54.381502Z[0m [32m INFO[0m [2mingestor_pairs::candles[0m[2m:[0m Inserted 0 1d candles for DRIFTUSDT
[2m2026-01-29T07:28:54.391798Z[0m [32m INFO[0m [2mingestor_pairs::candles[0m[2m:[0m Loading 1m timeframe for ACTUSDT
[2m2026-01-29T07:28:54.395208Z[0m [32m INFO[0m [2mingestor_pairs::candles[0m[2m:[0m Loading 5m timeframe for ACTUSDT
[2m2026-01-29T07:28:54.796333Z[0m [32m INFO[0m [2mingestor_pairs::candles[0m[2m:[0m Inserted 32 5m candles for ACTUSDT
[2m2026-01-29T07:28:54.804049Z[0m [32m INFO[0m [2mingestor_pairs::candles[0m[2m:[0m Loading 15m timeframe for ACTUSDT
[2m2026-01-29T07:28:54.818586Z[0m [32m INFO[0m [2mingestor_pairs::candles[0m[2m:[0m Inserted 161 1m candles for ACTUSDT
[2m2026-01-29T07:28:54.830642Z[0m [32m INFO[0m [2mingestor_pairs::candles[0m[2m:[0m Loading 1h timeframe for ACTUSDT
[2m2026-01-29T07:28:55.205599Z[0m [32m INFO[0m [2mingestor_pairs::candles[0m[2m:[0m Inserted 3 1h candles for ACTUSDT
[2m2026-01-29T07:28:55.206287Z[0m [32m INFO[0m [2mingestor_pairs::candles[0m[2m:[0m Inserted 10 15m candles for ACTUSDT
[2m2026-01-29T07:28:55.216056Z[0m [32m INFO[0m [2mingestor_pairs::candles[0m[2m:[0m Loading 4h timeframe for ACTUSDT
[2m2026-01-29T07:28:55.217762Z[0m [32m INFO[0m [2mingestor_pairs::candles[0m[2m:[0m Loading 1d timeframe for ACTUSDT
[2m2026-01-29T07:28:55.607312Z[0m [32m INFO[0m [2mingestor_pairs::candles[0m[2m:[0m Inserted 0 4h candles for ACTUSDT
[2m2026-01-29T07:28:55.607591Z[0m [32m INFO[0m [2mingestor_pairs::candles[0m[2m:[0m Inserted 0 1d candles for ACTUSDT
[2m2026-01-29T07:28:55.617781Z[0m [32m INFO[0m [2mingestor_pairs::candles[0m[2m:[0m Loading 1m timeframe for PNUTUSDT
[2m2026-01-29T07:28:55.619702Z[0m [32m INFO[0m [2mingestor_pairs::candles[0m[2m:[0m Loading 5m timeframe for PNUTUSDT
[2m2026-01-29T07:28:55.939037Z[0m [32m INFO[0m [2mingestor_pairs::candles[0m[2m:[0m Inserted 32 5m candles for PNUTUSDT
[2m2026-01-29T07:28:55.947337Z[0m [32m INFO[0m [2mingestor_pairs::candles[0m[2m:[0m Loading 15m timeframe for PNUTUSDT
[2m2026-01-29T07:28:55.965465Z[0m [32m INFO[0m [2mingestor_pairs::candles[0m[2m:[0m Inserted 161 1m candles for PNUTUSDT
[2m2026-01-29T07:28:55.976673Z[0m [32m INFO[0m [2mingestor_pairs::candles[0m[2m:[0m Loading 1h timeframe for PNUTUSDT
[2m2026-01-29T07:28:56.264593Z[0m [32m INFO[0m [2mingestor_pairs::candles[0m[2m:[0m Inserted 10 15m candles for PNUTUSDT
[2m2026-01-29T07:28:56.273046Z[0m [32m INFO[0m [2mingestor_pairs::candles[0m[2m:[0m Loading 4h timeframe for PNUTUSDT
[2m2026-01-29T07:28:56.292109Z[0m [32m INFO[0m [2mingestor_pairs::candles[0m[2m:[0m Inserted 3 1h candles for PNUTUSDT
[2m2026-01-29T07:28:56.302870Z[0m [32m INFO[0m [2mingestor_pairs::candles[0m[2m:[0m Loading 1d timeframe for PNUTUSDT
[2m2026-01-29T07:28:56.635045Z[0m [32m INFO[0m [2mingestor_pairs::candles[0m[2m:[0m Inserted 0 1d candles for PNUTUSDT
[2m2026-01-29T07:28:56.635042Z[0m [32m INFO[0m [2mingestor_pairs::candles[0m[2m:[0m Inserted 0 4h candles for PNUTUSDT
[2m2026-01-29T07:28:56.645555Z[0m [32m INFO[0m [2mingestor_pairs::candles[0m[2m:[0m Loading 1m timeframe for AKTUSDT
[2m2026-01-29T07:28:56.647639Z[0m [32m INFO[0m [2mingestor_pairs::candles[0m[2m:[0m Loading 5m timeframe for AKTUSDT
[2m2026-01-29T07:28:57.054465Z[0m [32m INFO[0m [2mingestor_pairs::candles[0m[2m:[0m Inserted 32 5m candles for AKTUSDT
[2m2026-01-29T07:28:57.062872Z[0m [32m INFO[0m [2mingestor_pairs::candles[0m[2m:[0m Loading 15m timeframe for AKTUSDT
[2m2026-01-29T07:28:57.084572Z[0m [32m INFO[0m [2mingestor_pairs::candles[0m[2m:[0m Inserted 161 1m candles for AKTUSDT
[2m2026-01-29T07:28:57.097393Z[0m [32m INFO[0m [2mingestor_pairs::candles[0m[2m:[0m Loading 1h timeframe for AKTUSDT
[2m2026-01-29T07:28:57.458721Z[0m [32m INFO[0m [2mingestor_pairs::candles[0m[2m:[0m Inserted 3 1h candles for AKTUSDT
[2m2026-01-29T07:28:57.459388Z[0m [32m INFO[0m [2mingestor_pairs::candles[0m[2m:[0m Inserted 10 15m candles for AKTUSDT
[2m2026-01-29T07:28:57.467992Z[0m [32m INFO[0m [2mingestor_pairs::candles[0m[2m:[0m Loading 4h timeframe for AKTUSDT
[2m2026-01-29T07:28:57.469677Z[0m [32m INFO[0m [2mingestor_pairs::candles[0m[2m:[0m Loading 1d timeframe for AKTUSDT
[2m2026-01-29T07:28:57.860889Z[0m [32m INFO[0m [2mingestor_pairs::candles[0m[2m:[0m Inserted 0 1d candles for AKTUSDT
[2m2026-01-29T07:28:57.861019Z[0m [32m INFO[0m [2mingestor_pairs::candles[0m[2m:[0m Inserted 0 4h candles for AKTUSDT
[2m2026-01-29T07:28:57.871825Z[0m [32m INFO[0m [2mingestor_pairs::candles[0m[2m:[0m Loading 1m timeframe for SCRTUSDT
[2m2026-01-29T07:28:57.872074Z[0m [32m INFO[0m [2mingestor_pairs::candles[0m[2m:[0m Loading 5m timeframe for SCRTUSDT
[2m2026-01-29T07:28:58.201492Z[0m [32m INFO[0m [2mingestor_pairs::candles[0m[2m:[0m Inserted 32 5m candles for SCRTUSDT
[2m2026-01-29T07:28:58.210227Z[0m [32m INFO[0m [2mingestor_pairs::candles[0m[2m:[0m Loading 15m timeframe for SCRTUSDT
[2m2026-01-29T07:28:58.221492Z[0m [32m INFO[0m [2mingestor_pairs::candles[0m[2m:[0m Inserted 161 1m candles for SCRTUSDT
[2m2026-01-29T07:28:58.234800Z[0m [32m INFO[0m [2mingestor_pairs::candles[0m[2m:[0m Loading 1h timeframe for SCRTUSDT
[2m2026-01-29T07:28:58.526279Z[0m [32m INFO[0m [2mingestor_pairs::candles[0m[2m:[0m Inserted 10 15m candles for SCRTUSDT
[2m2026-01-29T07:28:58.534801Z[0m [32m INFO[0m [2mingestor_pairs::candles[0m[2m:[0m Loading 4h timeframe for SCRTUSDT
[2m2026-01-29T07:28:58.551976Z[0m [32m INFO[0m [2mingestor_pairs::candles[0m[2m:[0m Inserted 3 1h candles for SCRTUSDT
[2m2026-01-29T07:28:58.563220Z[0m [32m INFO[0m [2mingestor_pairs::candles[0m[2m:[0m Loading 1d timeframe for SCRTUSDT
[2m2026-01-29T07:28:58.886521Z[0m [32m INFO[0m [2mingestor_pairs::candles[0m[2m:[0m Inserted 0 4h candles for SCRTUSDT
[2m2026-01-29T07:28:58.886526Z[0m [32m INFO[0m [2mingestor_pairs::candles[0m[2m:[0m Inserted 0 1d candles for SCRTUSDT
[2m2026-01-29T07:28:58.897760Z[0m [32m INFO[0m [2mingestor_pairs::candles[0m[2m:[0m Loading 5m timeframe for 1000CHEEMSUSDT
[2m2026-01-29T07:28:58.903050Z[0m [32m INFO[0m [2mingestor_pairs::candles[0m[2m:[0m Loading 1m timeframe for 1000CHEEMSUSDT
[2m2026-01-29T07:28:59.303741Z[0m [32m INFO[0m [2mingestor_pairs::candles[0m[2m:[0m Inserted 32 5m candles for 1000CHEEMSUSDT
[2m2026-01-29T07:28:59.311893Z[0m [32m INFO[0m [2mingestor_pairs::candles[0m[2m:[0m Loading 15m timeframe for 1000CHEEMSUSDT
[2m2026-01-29T07:28:59.326426Z[0m [32m INFO[0m [2mingestor_pairs::candles[0m[2m:[0m Inserted 161 1m candles for 1000CHEEMSUSDT
[2m2026-01-29T07:28:59.339305Z[0m [32m INFO[0m [2mingestor_pairs::candles[0m[2m:[0m Loading 1h timeframe for 1000CHEEMSUSDT
[2m2026-01-29T07:28:59.712943Z[0m [32m INFO[0m [2mingestor_pairs::candles[0m[2m:[0m Inserted 3 1h candles for 1000CHEEMSUSDT
[2m2026-01-29T07:28:59.713387Z[0m [32m INFO[0m [2mingestor_pairs::candles[0m[2m:[0m Inserted 10 15m candles for 1000CHEEMSUSDT
[2m2026-01-29T07:28:59.721525Z[0m [32m INFO[0m [2mingestor_pairs::candles[0m[2m:[0m Loading 4h timeframe for 1000CHEEMSUSDT
[2m2026-01-29T07:28:59.722704Z[0m [32m INFO[0m [2mingestor_pairs::candles[0m[2m:[0m Loading 1d timeframe for 1000CHEEMSUSDT
[2m2026-01-29T07:29:00.113782Z[0m [32m INFO[0m [2mingestor_pairs::candles[0m[2m:[0m Inserted 0 1d candles for 1000CHEEMSUSDT
[2m2026-01-29T07:29:00.113804Z[0m [32m INFO[0m [2mingestor_pairs::candles[0m[2m:[0m Inserted 0 4h candles for 1000CHEEMSUSDT
[2m2026-01-29T07:29:00.123352Z[0m [32m INFO[0m [2mingestor_pairs::candles[0m[2m:[0m Loading 1m timeframe for THEUSDT
[2m2026-01-29T07:29:00.125036Z[0m [32m INFO[0m [2mingestor_pairs::candles[0m[2m:[0m Loading 5m timeframe for THEUSDT
[2m2026-01-29T07:29:00.434295Z[0m [32m INFO[0m [2mingestor_pairs::candles[0m[2m:[0m Inserted 32 5m candles for THEUSDT
[2m2026-01-29T07:29:00.442742Z[0m [32m INFO[0m [2mingestor_pairs::candles[0m[2m:[0m Loading 15m timeframe for THEUSDT
[2m2026-01-29T07:29:00.460287Z[0m [32m INFO[0m [2mingestor_pairs::candles[0m[2m:[0m Inserted 161 1m candles for THEUSDT
[2m2026-01-29T07:29:00.471126Z[0m [32m INFO[0m [2mingestor_pairs::candles[0m[2m:[0m Loading 1h timeframe for THEUSDT
[2m2026-01-29T07:29:00.761552Z[0m [32m INFO[0m [2mingestor_pairs::candles[0m[2m:[0m Inserted 10 15m candles for THEUSDT
[2m2026-01-29T07:29:00.770106Z[0m [32m INFO[0m [2mingestor_pairs::candles[0m[2m:[0m Loading 4h timeframe for THEUSDT
[2m2026-01-29T07:29:00.789808Z[0m [32m INFO[0m [2mingestor_pairs::candles[0m[2m:[0m Inserted 3 1h candles for THEUSDT
[2m2026-01-29T07:29:00.803347Z[0m [32m INFO[0m [2mingestor_pairs::candles[0m[2m:[0m Loading 1d timeframe for THEUSDT
[2m2026-01-29T07:29:01.138177Z[0m [32m INFO[0m [2mingestor_pairs::candles[0m[2m:[0m Inserted 0 4h candles for THEUSDT
[2m2026-01-29T07:29:01.138177Z[0m [32m INFO[0m [2mingestor_pairs::candles[0m[2m:[0m Inserted 0 1d candles for THEUSDT
[2m2026-01-29T07:29:01.148370Z[0m [32m INFO[0m [2mingestor_pairs::candles[0m[2m:[0m Loading 1m timeframe for MORPHOUSDT
[2m2026-01-29T07:29:01.150084Z[0m [32m INFO[0m [2mingestor_pairs::candles[0m[2m:[0m Loading 5m timeframe for MORPHOUSDT
[2m2026-01-29T07:29:01.659583Z[0m [32m INFO[0m [2mingestor_pairs::candles[0m[2m:[0m Inserted 32 5m candles for MORPHOUSDT
[2m2026-01-29T07:29:01.667234Z[0m [32m INFO[0m [2mingestor_pairs::candles[0m[2m:[0m Loading 15m timeframe for MORPHOUSDT
[2m2026-01-29T07:29:01.691668Z[0m [32m INFO[0m [2mingestor_pairs::candles[0m[2m:[0m Inserted 161 1m candles for MORPHOUSDT
[2m2026-01-29T07:29:01.704795Z[0m [32m INFO[0m [2mingestor_pairs::candles[0m[2m:[0m Loading 1h timeframe for MORPHOUSDT
[2m2026-01-29T07:29:02.065434Z[0m [32m INFO[0m [2mingestor_pairs::candles[0m[2m:[0m Inserted 3 1h candles for MORPHOUSDT
[2m2026-01-29T07:29:02.065703Z[0m [32m INFO[0m [2mingestor_pairs::candles[0m[2m:[0m Inserted 10 15m candles for MORPHOUSDT
[2m2026-01-29T07:29:02.069338Z[0m [32m INFO[0m [2mingestor_pairs::candles[0m[2m:[0m Loading 4h timeframe for MORPHOUSDT
[2m2026-01-29T07:29:02.070105Z[0m [32m INFO[0m [2mingestor_pairs::candles[0m[2m:[0m Loading 1d timeframe for MORPHOUSDT
[2m2026-01-29T07:29:02.470701Z[0m [32m INFO[0m [2mingestor_pairs::candles[0m[2m:[0m Inserted 0 1d candles for MORPHOUSDT
[2m2026-01-29T07:29:02.470725Z[0m [32m INFO[0m [2mingestor_pairs::candles[0m[2m:[0m Inserted 0 4h candles for MORPHOUSDT
[2m2026-01-29T07:29:02.478719Z[0m [32m INFO[0m [2mingestor_pairs::candles[0m[2m:[0m Loading 1m timeframe for KAIAUSDT
[2m2026-01-29T07:29:02.479230Z[0m [32m INFO[0m [2mingestor_pairs::candles[0m[2m:[0m Loading 5m timeframe for KAIAUSDT
[2m2026-01-29T07:29:02.789043Z[0m [32m INFO[0m [2mingestor_pairs::candles[0m[2m:[0m Inserted 32 5m candles for KAIAUSDT
[2m2026-01-29T07:29:02.796053Z[0m [32m INFO[0m [2mingestor_pairs::candles[0m[2m:[0m Loading 15m timeframe for KAIAUSDT
[2m2026-01-29T07:29:02.802761Z[0m [32m INFO[0m [2mingestor_pairs::candles[0m[2m:[0m Inserted 161 1m candles for KAIAUSDT
[2m2026-01-29T07:29:02.807443Z[0m [32m INFO[0m [2mingestor_pairs::candles[0m[2m:[0m Loading 1h timeframe for KAIAUSDT
[2m2026-01-29T07:29:03.193756Z[0m [32m INFO[0m [2mingestor_pairs::candles[0m[2m:[0m Inserted 3 1h candles for KAIAUSDT
[2m2026-01-29T07:29:03.194292Z[0m [32m INFO[0m [2mingestor_pairs::candles[0m[2m:[0m Inserted 10 15m candles for KAIAUSDT
[2m2026-01-29T07:29:03.202997Z[0m [32m INFO[0m [2mingestor_pairs::candles[0m[2m:[0m Loading 4h timeframe for KAIAUSDT
[2m2026-01-29T07:29:03.204749Z[0m [32m INFO[0m [2mingestor_pairs::candles[0m[2m:[0m Loading 1d timeframe for KAIAUSDT
[2m2026-01-29T07:29:03.595107Z[0m [32m INFO[0m [2mingestor_pairs::candles[0m[2m:[0m Inserted 0 1d candles for KAIAUSDT
[2m2026-01-29T07:29:03.595115Z[0m [32m INFO[0m [2mingestor_pairs::candles[0m[2m:[0m Inserted 0 4h candles for KAIAUSDT
[2m2026-01-29T07:29:03.606583Z[0m [32m INFO[0m [2mingestor_pairs::candles[0m[2m:[0m Loading 1m timeframe for AEROUSDT
[2m2026-01-29T07:29:03.607090Z[0m [32m INFO[0m [2mingestor_pairs::candles[0m[2m:[0m Loading 5m timeframe for AEROUSDT
[2m2026-01-29T07:29:04.012708Z[0m [32m INFO[0m [2mingestor_pairs::candles[0m[2m:[0m Inserted 32 5m candles for AEROUSDT
[2m2026-01-29T07:29:04.022497Z[0m [32m INFO[0m [2mingestor_pairs::candles[0m[2m:[0m Loading 15m timeframe for AEROUSDT
[2m2026-01-29T07:29:04.036902Z[0m [32m INFO[0m [2mingestor_pairs::candles[0m[2m:[0m Inserted 162 1m candles for AEROUSDT
[2m2026-01-29T07:29:04.051774Z[0m [32m INFO[0m [2mingestor_pairs::candles[0m[2m:[0m Loading 1h timeframe for AEROUSDT
[2m2026-01-29T07:29:04.420489Z[0m [32m INFO[0m [2mingestor_pairs::candles[0m[2m:[0m Inserted 3 1h candles for AEROUSDT
[2m2026-01-29T07:29:04.420695Z[0m [32m INFO[0m [2mingestor_pairs::candles[0m[2m:[0m Inserted 10 15m candles for AEROUSDT
[2m2026-01-29T07:29:04.429291Z[0m [32m INFO[0m [2mingestor_pairs::candles[0m[2m:[0m Loading 4h timeframe for AEROUSDT
[2m2026-01-29T07:29:04.432054Z[0m [32m INFO[0m [2mingestor_pairs::candles[0m[2m:[0m Loading 1d timeframe for AEROUSDT
[2m2026-01-29T07:29:04.823230Z[0m [32m INFO[0m [2mingestor_pairs::candles[0m[2m:[0m Inserted 0 1d candles for AEROUSDT
[2m2026-01-29T07:29:04.823364Z[0m [32m INFO[0m [2mingestor_pairs::candles[0m[2m:[0m Inserted 0 4h candles for AEROUSDT
[2m2026-01-29T07:29:04.832605Z[0m [32m INFO[0m [2mingestor_pairs::candles[0m[2m:[0m Loading 1m timeframe for ORCAUSDT
[2m2026-01-29T07:29:04.834232Z[0m [32m INFO[0m [2mingestor_pairs::candles[0m[2m:[0m Loading 5m timeframe for ORCAUSDT
[2m2026-01-29T07:29:05.152888Z[0m [32m INFO[0m [2mingestor_pairs::candles[0m[2m:[0m Inserted 32 5m candles for ORCAUSDT
[2m2026-01-29T07:29:05.161232Z[0m [32m INFO[0m [2mingestor_pairs::candles[0m[2m:[0m Loading 15m timeframe for ORCAUSDT
[2m2026-01-29T07:29:05.183427Z[0m [32m INFO[0m [2mingestor_pairs::candles[0m[2m:[0m Inserted 162 1m candles for ORCAUSDT
[2m2026-01-29T07:29:05.195337Z[0m [32m INFO[0m [2mingestor_pairs::candles[0m[2m:[0m Loading 1h timeframe for ORCAUSDT
[2m2026-01-29T07:29:05.474546Z[0m [32m INFO[0m [2mingestor_pairs::candles[0m[2m:[0m Inserted 10 15m candles for ORCAUSDT
[2m2026-01-29T07:29:05.483363Z[0m [32m INFO[0m [2mingestor_pairs::candles[0m[2m:[0m Loading 4h timeframe for ORCAUSDT
[2m2026-01-29T07:29:05.506140Z[0m [32m INFO[0m [2mingestor_pairs::candles[0m[2m:[0m Inserted 3 1h candles for ORCAUSDT
[2m2026-01-29T07:29:05.516571Z[0m [32m INFO[0m [2mingestor_pairs::candles[0m[2m:[0m Loading 1d timeframe for ORCAUSDT
[2m2026-01-29T07:29:05.848172Z[0m [32m INFO[0m [2mingestor_pairs::candles[0m[2m:[0m Inserted 0 1d candles for ORCAUSDT
[2m2026-01-29T07:29:05.848313Z[0m [32m INFO[0m [2mingestor_pairs::candles[0m[2m:[0m Inserted 0 4h candles for ORCAUSDT
[2m2026-01-29T07:29:05.859235Z[0m [32m INFO[0m [2mingestor_pairs::candles[0m[2m:[0m Loading 5m timeframe for MOVEUSDT
[2m2026-01-29T07:29:05.860923Z[0m [32m INFO[0m [2mingestor_pairs::candles[0m[2m:[0m Loading 1m timeframe for MOVEUSDT
[2m2026-01-29T07:29:06.267445Z[0m [32m INFO[0m [2mingestor_pairs::candles[0m[2m:[0m Inserted 34 5m candles for MOVEUSDT
[2m2026-01-29T07:29:06.275063Z[0m [32m INFO[0m [2mingestor_pairs::candles[0m[2m:[0m Loading 15m timeframe for MOVEUSDT
[2m2026-01-29T07:29:06.296826Z[0m [32m INFO[0m [2mingestor_pairs::candles[0m[2m:[0m Inserted 170 1m candles for MOVEUSDT
[2m2026-01-29T07:29:06.300910Z[0m [32m INFO[0m [2mingestor_pairs::candles[0m[2m:[0m Loading 1h timeframe for MOVEUSDT
[2m2026-01-29T07:29:06.672728Z[0m [32m INFO[0m [2mingestor_pairs::candles[0m[2m:[0m Inserted 3 1h candles for MOVEUSDT
[2m2026-01-29T07:29:06.673742Z[0m [32m INFO[0m [2mingestor_pairs::candles[0m[2m:[0m Inserted 11 15m candles for MOVEUSDT
[2m2026-01-29T07:29:06.680894Z[0m [32m INFO[0m [2mingestor_pairs::candles[0m[2m:[0m Loading 4h timeframe for MOVEUSDT
[2m2026-01-29T07:29:06.681751Z[0m [32m INFO[0m [2mingestor_pairs::candles[0m[2m:[0m Loading 1d timeframe for MOVEUSDT
[2m2026-01-29T07:29:06.982406Z[0m [32m INFO[0m [2mingestor_pairs::candles[0m[2m:[0m Inserted 0 4h candles for MOVEUSDT
[2m2026-01-29T07:29:06.987900Z[0m [32m INFO[0m [2mingestor_pairs::candles[0m[2m:[0m Inserted 0 1d candles for MOVEUSDT
[2m2026-01-29T07:29:06.991878Z[0m [32m INFO[0m [2mingestor_pairs::candles[0m[2m:[0m Loading 1m timeframe for RAYSOLUSDT
[2m2026-01-29T07:29:06.997518Z[0m [32m INFO[0m [2mingestor_pairs::candles[0m[2m:[0m Loading 5m timeframe for RAYSOLUSDT
[2m2026-01-29T07:29:07.393785Z[0m [32m INFO[0m [2mingestor_pairs::candles[0m[2m:[0m Inserted 34 5m candles for RAYSOLUSDT
[2m2026-01-29T07:29:07.401982Z[0m [32m INFO[0m [2mingestor_pairs::candles[0m[2m:[0m Loading 15m timeframe for RAYSOLUSDT
[2m2026-01-29T07:29:07.417883Z[0m [32m INFO[0m [2mingestor_pairs::candles[0m[2m:[0m Inserted 170 1m candles for RAYSOLUSDT
[2m2026-01-29T07:29:07.432156Z[0m [32m INFO[0m [2mingestor_pairs::candles[0m[2m:[0m Loading 1h timeframe for RAYSOLUSDT
[2m2026-01-29T07:29:07.799147Z[0m [32m INFO[0m [2mingestor_pairs::candles[0m[2m:[0m Inserted 3 1h candles for RAYSOLUSDT
[2m2026-01-29T07:29:07.799914Z[0m [32m INFO[0m [2mingestor_pairs::candles[0m[2m:[0m Inserted 11 15m candles for RAYSOLUSDT
[2m2026-01-29T07:29:07.808172Z[0m [32m INFO[0m [2mingestor_pairs::candles[0m[2m:[0m Loading 4h timeframe for RAYSOLUSDT
[2m2026-01-29T07:29:07.810958Z[0m [32m INFO[0m [2mingestor_pairs::candles[0m[2m:[0m Loading 1d timeframe for RAYSOLUSDT
[2m2026-01-29T07:29:08.203548Z[0m [32m INFO[0m [2mingestor_pairs::candles[0m[2m:[0m Inserted 0 4h candles for RAYSOLUSDT
[2m2026-01-29T07:29:08.203590Z[0m [32m INFO[0m [2mingestor_pairs::candles[0m[2m:[0m Inserted 0 1d candles for RAYSOLUSDT
[2m2026-01-29T07:29:08.213824Z[0m [32m INFO[0m [2mingestor_pairs::candles[0m[2m:[0m Loading 5m timeframe for VIRTUALUSDT
[2m2026-01-29T07:29:08.215829Z[0m [32m INFO[0m [2mingestor_pairs::candles[0m[2m:[0m Loading 1m timeframe for VIRTUALUSDT
[2m2026-01-29T07:29:08.622702Z[0m [32m INFO[0m [2mingestor_pairs::candles[0m[2m:[0m Inserted 34 5m candles for VIRTUALUSDT
[2m2026-01-29T07:29:08.631441Z[0m [32m INFO[0m [2mingestor_pairs::candles[0m[2m:[0m Loading 15m timeframe for VIRTUALUSDT
[2m2026-01-29T07:29:08.649193Z[0m [32m INFO[0m [2mingestor_pairs::candles[0m[2m:[0m Inserted 170 1m candles for VIRTUALUSDT
[2m2026-01-29T07:29:08.659337Z[0m [32m INFO[0m [2mingestor_pairs::candles[0m[2m:[0m Loading 1h timeframe for VIRTUALUSDT
[2m2026-01-29T07:29:09.030456Z[0m [32m INFO[0m [2mingestor_pairs::candles[0m[2m:[0m Inserted 3 1h candles for VIRTUALUSDT
[2m2026-01-29T07:29:09.031092Z[0m [32m INFO[0m [2mingestor_pairs::candles[0m[2m:[0m Inserted 11 15m candles for VIRTUALUSDT
[2m2026-01-29T07:29:09.040662Z[0m [32m INFO[0m [2mingestor_pairs::candles[0m[2m:[0m Loading 4h timeframe for VIRTUALUSDT
[2m2026-01-29T07:29:09.042130Z[0m [32m INFO[0m [2mingestor_pairs::candles[0m[2m:[0m Loading 1d timeframe for VIRTUALUSDT
[2m2026-01-29T07:29:09.348858Z[0m [32m INFO[0m [2mingestor_pairs::candles[0m[2m:[0m Inserted 0 4h candles for VIRTUALUSDT
[2m2026-01-29T07:29:09.357060Z[0m [32m INFO[0m [2mingestor_pairs::candles[0m[2m:[0m Inserted 0 1d candles for VIRTUALUSDT
[2m2026-01-29T07:29:09.358842Z[0m [32m INFO[0m [2mingestor_pairs::candles[0m[2m:[0m Loading 1m timeframe for SPXUSDT
[2m2026-01-29T07:29:09.367064Z[0m [32m INFO[0m [2mingestor_pairs::candles[0m[2m:[0m Loading 5m timeframe for SPXUSDT
[2m2026-01-29T07:29:09.749052Z[0m [32m INFO[0m [2mingestor_pairs::candles[0m[2m:[0m Inserted 34 5m candles for SPXUSDT
[2m2026-01-29T07:29:09.757230Z[0m [32m INFO[0m [2mingestor_pairs::candles[0m[2m:[0m Loading 15m timeframe for SPXUSDT
[2m2026-01-29T07:29:09.776382Z[0m [32m INFO[0m [2mingestor_pairs::candles[0m[2m:[0m Inserted 170 1m candles for SPXUSDT
[2m2026-01-29T07:29:09.786810Z[0m [32m INFO[0m [2mingestor_pairs::candles[0m[2m:[0m Loading 1h timeframe for SPXUSDT
[2m2026-01-29T07:29:10.156078Z[0m [32m INFO[0m [2mingestor_pairs::candles[0m[2m:[0m Inserted 3 1h candles for SPXUSDT
[2m2026-01-29T07:29:10.156886Z[0m [32m INFO[0m [2mingestor_pairs::candles[0m[2m:[0m Inserted 11 15m candles for SPXUSDT
[2m2026-01-29T07:29:10.165108Z[0m [32m INFO[0m [2mingestor_pairs::candles[0m[2m:[0m Loading 4h timeframe for SPXUSDT
[2m2026-01-29T07:29:10.166765Z[0m [32m INFO[0m [2mingestor_pairs::candles[0m[2m:[0m Loading 1d timeframe for SPXUSDT
[2m2026-01-29T07:29:10.558765Z[0m [32m INFO[0m [2mingestor_pairs::candles[0m[2m:[0m Inserted 0 1d candles for SPXUSDT
[2m2026-01-29T07:29:10.558765Z[0m [32m INFO[0m [2mingestor_pairs::candles[0m[2m:[0m Inserted 0 4h candles for SPXUSDT
[2m2026-01-29T07:29:10.567616Z[0m [32m INFO[0m [2mingestor_pairs::candles[0m[2m:[0m Loading 5m timeframe for MEUSDT
[2m2026-01-29T07:29:10.570542Z[0m [32m INFO[0m [2mingestor_pairs::candles[0m[2m:[0m Loading 1m timeframe for MEUSDT
[2m2026-01-29T07:29:10.977578Z[0m [32m INFO[0m [2mingestor_pairs::candles[0m[2m:[0m Inserted 34 5m candles for MEUSDT
[2m2026-01-29T07:29:10.986643Z[0m [32m INFO[0m [2mingestor_pairs::candles[0m[2m:[0m Loading 15m timeframe for MEUSDT
[2m2026-01-29T07:29:11.003657Z[0m [32m INFO[0m [2mingestor_pairs::candles[0m[2m:[0m Inserted 170 1m candles for MEUSDT
[2m2026-01-29T07:29:11.017104Z[0m [32m INFO[0m [2mingestor_pairs::candles[0m[2m:[0m Loading 1h timeframe for MEUSDT
[2m2026-01-29T07:29:11.300486Z[0m [32m INFO[0m [2mingestor_pairs::candles[0m[2m:[0m Inserted 11 15m candles for MEUSDT
[2m2026-01-29T07:29:11.309248Z[0m [32m INFO[0m [2mingestor_pairs::candles[0m[2m:[0m Loading 4h timeframe for MEUSDT
[2m2026-01-29T07:29:11.332234Z[0m [32m INFO[0m [2mingestor_pairs::candles[0m[2m:[0m Inserted 3 1h candles for MEUSDT
[2m2026-01-29T07:29:11.347463Z[0m [32m INFO[0m [2mingestor_pairs::candles[0m[2m:[0m Loading 1d timeframe for MEUSDT
[2m2026-01-29T07:29:11.622827Z[0m [32m INFO[0m [2mingestor_pairs::candles[0m[2m:[0m Inserted 0 4h candles for MEUSDT
[2m2026-01-29T07:29:11.631668Z[0m [32m INFO[0m [2mingestor_pairs::candles[0m[2m:[0m Loading 1m timeframe for VANAUSDT
[2m2026-01-29T07:29:11.661952Z[0m [32m INFO[0m [2mingestor_pairs::candles[0m[2m:[0m Inserted 0 1d candles for MEUSDT
[2m2026-01-29T07:29:11.674427Z[0m [32m INFO[0m [2mingestor_pairs::candles[0m[2m:[0m Loading 5m timeframe for VANAUSDT
[2m2026-01-29T07:29:11.966928Z[0m [32m INFO[0m [2mingestor_pairs::candles[0m[2m:[0m Inserted 170 1m candles for VANAUSDT
[2m2026-01-29T07:29:11.974457Z[0m [32m INFO[0m [2mingestor_pairs::candles[0m[2m:[0m Loading 15m timeframe for VANAUSDT
[2m2026-01-29T07:29:12.000428Z[0m [32m INFO[0m [2mingestor_pairs::candles[0m[2m:[0m Inserted 34 5m candles for VANAUSDT
[2m2026-01-29T07:29:12.011256Z[0m [32m INFO[0m [2mingestor_pairs::candles[0m[2m:[0m Loading 1h timeframe for VANAUSDT
[2m2026-01-29T07:29:12.307946Z[0m [32m INFO[0m [2mingestor_pairs::candles[0m[2m:[0m Inserted 11 15m candles for VANAUSDT
[2m2026-01-29T07:29:12.316171Z[0m [32m INFO[0m [2mingestor_pairs::candles[0m[2m:[0m Loading 4h timeframe for VANAUSDT
[2m2026-01-29T07:29:12.324205Z[0m [32m INFO[0m [2mingestor_pairs::candles[0m[2m:[0m Inserted 3 1h candles for VANAUSDT
[2m2026-01-29T07:29:12.338484Z[0m [32m INFO[0m [2mingestor_pairs::candles[0m[2m:[0m Loading 1d timeframe for VANAUSDT
[2m2026-01-29T07:29:12.710608Z[0m [32m INFO[0m [2mingestor_pairs::candles[0m[2m:[0m Inserted 0 1d candles for VANAUSDT
[2m2026-01-29T07:29:12.710637Z[0m [32m INFO[0m [2mingestor_pairs::candles[0m[2m:[0m Inserted 0 4h candles for VANAUSDT
[2m2026-01-29T07:29:12.721020Z[0m [32m INFO[0m [2mingestor_pairs::candles[0m[2m:[0m Loading 1m timeframe for PENGUUSDT
[2m2026-01-29T07:29:12.723015Z[0m [32m INFO[0m [2mingestor_pairs::candles[0m[2m:[0m Loading 5m timeframe for PENGUUSDT
[2m2026-01-29T07:29:13.128082Z[0m [32m INFO[0m [2mingestor_pairs::candles[0m[2m:[0m Inserted 34 5m candles for PENGUUSDT
[2m2026-01-29T07:29:13.136576Z[0m [32m INFO[0m [2mingestor_pairs::candles[0m[2m:[0m Loading 15m timeframe for PENGUUSDT
[2m2026-01-29T07:29:13.150701Z[0m [32m INFO[0m [2mingestor_pairs::candles[0m[2m:[0m Inserted 170 1m candles for PENGUUSDT
[2m2026-01-29T07:29:13.162172Z[0m [32m INFO[0m [2mingestor_pairs::candles[0m[2m:[0m Loading 1h timeframe for PENGUUSDT
[2m2026-01-29T07:29:13.502382Z[0m [32m INFO[0m [2mingestor_pairs::candles[0m[2m:[0m Inserted 3 1h candles for PENGUUSDT
[2m2026-01-29T07:29:13.502863Z[0m [32m INFO[0m [2mingestor_pairs::candles[0m[2m:[0m Inserted 11 15m candles for PENGUUSDT
[2m2026-01-29T07:29:13.511220Z[0m [32m INFO[0m [2mingestor_pairs::candles[0m[2m:[0m Loading 4h timeframe for PENGUUSDT
[2m2026-01-29T07:29:13.513971Z[0m [32m INFO[0m [2mingestor_pairs::candles[0m[2m:[0m Loading 1d timeframe for PENGUUSDT
[2m2026-01-29T07:29:13.820110Z[0m [32m INFO[0m [2mingestor_pairs::candles[0m[2m:[0m Inserted 0 4h candles for PENGUUSDT
[2m2026-01-29T07:29:13.829475Z[0m [32m INFO[0m [2mingestor_pairs::candles[0m[2m:[0m Loading 1m timeframe for USUALUSDT
[2m2026-01-29T07:29:13.836206Z[0m [32m INFO[0m [2mingestor_pairs::candles[0m[2m:[0m Inserted 0 1d candles for PENGUUSDT
[2m2026-01-29T07:29:13.852956Z[0m [32m INFO[0m [2mingestor_pairs::candles[0m[2m:[0m Loading 5m timeframe for USUALUSDT
[2m2026-01-29T07:29:14.270230Z[0m [32m INFO[0m [2mingestor_pairs::candles[0m[2m:[0m Inserted 170 1m candles for USUALUSDT
[2m2026-01-29T07:29:14.273318Z[0m [32m INFO[0m [2mingestor_pairs::candles[0m[2m:[0m Loading 15m timeframe for USUALUSDT
[2m2026-01-29T07:29:14.663172Z[0m [32m INFO[0m [2mingestor_pairs::candles[0m[2m:[0m Inserted 11 15m candles for USUALUSDT
[2m2026-01-29T07:29:14.672666Z[0m [32m INFO[0m [2mingestor_pairs::candles[0m[2m:[0m Loading 1h timeframe for USUALUSDT
[2m2026-01-29T07:29:14.714446Z[0m [32m INFO[0m [2mingestor_pairs::candles[0m[2m:[0m Inserted 34 5m candles for USUALUSDT
[2m2026-01-29T07:29:14.717741Z[0m [32m INFO[0m [2mingestor_pairs::candles[0m[2m:[0m Loading 4h timeframe for USUALUSDT
[2m2026-01-29T07:29:15.063866Z[0m [32m INFO[0m [2mingestor_pairs::candles[0m[2m:[0m Inserted 0 4h candles for USUALUSDT
[2m2026-01-29T07:29:15.071944Z[0m [32m INFO[0m [2mingestor_pairs::candles[0m[2m:[0m Inserted 3 1h candles for USUALUSDT
[2m2026-01-29T07:29:15.073524Z[0m [32m INFO[0m [2mingestor_pairs::candles[0m[2m:[0m Loading 1d timeframe for USUALUSDT
[2m2026-01-29T07:29:15.085166Z[0m [32m INFO[0m [2mingestor_pairs::candles[0m[2m:[0m Loading 1m timeframe for AIXBTUSDT
[2m2026-01-29T07:29:15.473962Z[0m [32m INFO[0m [2mingestor_pairs::candles[0m[2m:[0m Inserted 0 1d candles for USUALUSDT
[2m2026-01-29T07:29:15.484295Z[0m [32m INFO[0m [2mingestor_pairs::candles[0m[2m:[0m Loading 5m timeframe for AIXBTUSDT
[2m2026-01-29T07:29:15.513509Z[0m [32m INFO[0m [2mingestor_pairs::candles[0m[2m:[0m Inserted 170 1m candles for AIXBTUSDT
[2m2026-01-29T07:29:15.525764Z[0m [32m INFO[0m [2mingestor_pairs::candles[0m[2m:[0m Loading 15m timeframe for AIXBTUSDT
[2m2026-01-29T07:29:15.888808Z[0m [32m INFO[0m [2mingestor_pairs::candles[0m[2m:[0m Inserted 11 15m candles for AIXBTUSDT
[2m2026-01-29T07:29:15.889981Z[0m [32m INFO[0m [2mingestor_pairs::candles[0m[2m:[0m Inserted 34 5m candles for AIXBTUSDT
[2m2026-01-29T07:29:15.894023Z[0m [32m INFO[0m [2mingestor_pairs::candles[0m[2m:[0m Loading 1h timeframe for AIXBTUSDT
[2m2026-01-29T07:29:15.894717Z[0m [32m INFO[0m [2mingestor_pairs::candles[0m[2m:[0m Loading 4h timeframe for AIXBTUSDT
[2m2026-01-29T07:29:16.294035Z[0m [32m INFO[0m [2mingestor_pairs::candles[0m[2m:[0m Inserted 0 4h candles for AIXBTUSDT
[2m2026-01-29T07:29:16.300411Z[0m [32m INFO[0m [2mingestor_pairs::candles[0m[2m:[0m Inserted 3 1h candles for AIXBTUSDT
[2m2026-01-29T07:29:16.302526Z[0m [32m INFO[0m [2mingestor_pairs::candles[0m[2m:[0m Loading 1d timeframe for AIXBTUSDT
[2m2026-01-29T07:29:16.307349Z[0m [32m INFO[0m [2mingestor_pairs::candles[0m[2m:[0m Loading 1m timeframe for FARTCOINUSDT
[2m2026-01-29T07:29:16.704005Z[0m [32m INFO[0m [2mingestor_pairs::candles[0m[2m:[0m Inserted 0 1d candles for AIXBTUSDT
[2m2026-01-29T07:29:16.712719Z[0m [32m INFO[0m [2mingestor_pairs::candles[0m[2m:[0m Loading 5m timeframe for FARTCOINUSDT
[2m2026-01-29T07:29:16.729348Z[0m [32m INFO[0m [2mingestor_pairs::candles[0m[2m:[0m Inserted 170 1m candles for FARTCOINUSDT
[2m2026-01-29T07:29:16.733455Z[0m [32m INFO[0m [2mingestor_pairs::candles[0m[2m:[0m Loading 15m timeframe for FARTCOINUSDT
[2m2026-01-29T07:29:17.121622Z[0m [32m INFO[0m [2mingestor_pairs::candles[0m[2m:[0m Inserted 34 5m candles for FARTCOINUSDT
[2m2026-01-29T07:29:17.129977Z[0m [32m INFO[0m [2mingestor_pairs::candles[0m[2m:[0m Loading 1h timeframe for FARTCOINUSDT
[2m2026-01-29T07:29:17.503471Z[0m [32m INFO[0m [2mingestor_pairs::candles[0m[2m:[0m Inserted 3 1h candles for FARTCOINUSDT
[2m2026-01-29T07:29:17.511943Z[0m [32m INFO[0m [2mingestor_pairs::candles[0m[2m:[0m Loading 4h timeframe for FARTCOINUSDT
[2m2026-01-29T07:29:17.829193Z[0m [32m INFO[0m [2mingestor_pairs::candles[0m[2m:[0m Inserted 0 4h candles for FARTCOINUSDT
[2m2026-01-29T07:29:17.837925Z[0m [32m INFO[0m [2mingestor_pairs::candles[0m[2m:[0m Loading 1d timeframe for FARTCOINUSDT
[2m2026-01-29T07:29:18.265922Z[0m [32m INFO[0m [2mingestor_pairs::candles[0m[2m:[0m Inserted 0 1d candles for FARTCOINUSDT
[2m2026-01-29T07:29:18.269268Z[0m [32m INFO[0m [2mingestor_pairs::candles[0m[2m:[0m Loading 1m timeframe for KMNOUSDT
[2m2026-01-29T07:29:18.651824Z[0m [32m INFO[0m [2mingestor_pairs::candles[0m[2m:[0m Inserted 11 15m candles for FARTCOINUSDT
[2m2026-01-29T07:29:18.655100Z[0m [32m INFO[0m [2mingestor_pairs::candles[0m[2m:[0m Loading 5m timeframe for KMNOUSDT
[2m2026-01-29T07:29:18.660033Z[0m [32m INFO[0m [2mingestor_pairs::candles[0m[2m:[0m Inserted 170 1m candles for KMNOUSDT
[2m2026-01-29T07:29:18.663138Z[0m [32m INFO[0m [2mingestor_pairs::candles[0m[2m:[0m Loading 15m timeframe for KMNOUSDT
[2m2026-01-29T07:29:18.961407Z[0m [32m INFO[0m [2mingestor_pairs::candles[0m[2m:[0m Inserted 34 5m candles for KMNOUSDT
[2m2026-01-29T07:29:18.967897Z[0m [32m INFO[0m [2mingestor_pairs::candles[0m[2m:[0m Inserted 11 15m candles for KMNOUSDT
[2m2026-01-29T07:29:18.969569Z[0m [32m INFO[0m [2mingestor_pairs::candles[0m[2m:[0m Loading 1h timeframe for KMNOUSDT
[2m2026-01-29T07:29:18.978189Z[0m [32m INFO[0m [2mingestor_pairs::candles[0m[2m:[0m Loading 4h timeframe for KMNOUSDT
[2m2026-01-29T07:29:19.366184Z[0m [32m INFO[0m [2mingestor_pairs::candles[0m[2m:[0m Inserted 0 4h candles for KMNOUSDT
[2m2026-01-29T07:29:19.371690Z[0m [32m INFO[0m [2mingestor_pairs::candles[0m[2m:[0m Inserted 3 1h candles for KMNOUSDT
[2m2026-01-29T07:29:19.376613Z[0m [32m INFO[0m [2mingestor_pairs::candles[0m[2m:[0m Loading 1d timeframe for KMNOUSDT
[2m2026-01-29T07:29:19.382797Z[0m [32m INFO[0m [2mingestor_pairs::candles[0m[2m:[0m Loading 1m timeframe for DEXEUSDT
[2m2026-01-29T07:29:19.775354Z[0m [32m INFO[0m [2mingestor_pairs::candles[0m[2m:[0m Inserted 0 1d candles for KMNOUSDT
[2m2026-01-29T07:29:19.784815Z[0m [32m INFO[0m [2mingestor_pairs::candles[0m[2m:[0m Loading 5m timeframe for DEXEUSDT
[2m2026-01-29T07:29:19.831937Z[0m [32m INFO[0m [2mingestor_pairs::candles[0m[2m:[0m Inserted 700 1m candles for DEXEUSDT
[2m2026-01-29T07:29:19.835249Z[0m [32m INFO[0m [2mingestor_pairs::candles[0m[2m:[0m Loading 15m timeframe for DEXEUSDT
[2m2026-01-29T07:29:20.115874Z[0m [32m INFO[0m [2mingestor_pairs::candles[0m[2m:[0m Inserted 700 5m candles for DEXEUSDT
[2m2026-01-29T07:29:20.119452Z[0m [32m INFO[0m [2mingestor_pairs::candles[0m[2m:[0m Loading 1h timeframe for DEXEUSDT
[2m2026-01-29T07:29:20.167805Z[0m [32m INFO[0m [2mingestor_pairs::candles[0m[2m:[0m Inserted 700 15m candles for DEXEUSDT
[2m2026-01-29T07:29:20.174875Z[0m [32m INFO[0m [2mingestor_pairs::candles[0m[2m:[0m Loading 4h timeframe for DEXEUSDT
[2m2026-01-29T07:29:20.441216Z[0m [32m INFO[0m [2mingestor_pairs::candles[0m[2m:[0m Inserted 700 1h candles for DEXEUSDT
[2m2026-01-29T07:29:20.445054Z[0m [32m INFO[0m [2mingestor_pairs::candles[0m[2m:[0m Loading 1d timeframe for DEXEUSDT
[2m2026-01-29T07:29:20.509745Z[0m [32m INFO[0m [2mingestor_pairs::candles[0m[2m:[0m Inserted 700 4h candles for DEXEUSDT
[2m2026-01-29T07:29:20.513583Z[0m [32m INFO[0m [2mingestor_pairs::candles[0m[2m:[0m Loading 1m timeframe for PHAUSDT
[2m2026-01-29T07:29:20.833901Z[0m [32m INFO[0m [2mingestor_pairs::candles[0m[2m:[0m Inserted 170 1m candles for PHAUSDT
[2m2026-01-29T07:29:20.838033Z[0m [32m INFO[0m [2mingestor_pairs::candles[0m[2m:[0m Inserted 402 1d candles for DEXEUSDT
[2m2026-01-29T07:29:20.843357Z[0m [32m INFO[0m [2mingestor_pairs::candles[0m[2m:[0m Loading 5m timeframe for PHAUSDT
[2m2026-01-29T07:29:20.846766Z[0m [32m INFO[0m [2mingestor_pairs::candles[0m[2m:[0m Loading 15m timeframe for PHAUSDT
[2m2026-01-29T07:29:21.215790Z[0m [32m INFO[0m [2mingestor_pairs::candles[0m[2m:[0m Inserted 11 15m candles for PHAUSDT
[2m2026-01-29T07:29:21.217461Z[0m [32m INFO[0m [2mingestor_pairs::candles[0m[2m:[0m Inserted 34 5m candles for PHAUSDT
[2m2026-01-29T07:29:21.223870Z[0m [32m INFO[0m [2mingestor_pairs::candles[0m[2m:[0m Loading 1h timeframe for PHAUSDT
[2m2026-01-29T07:29:21.225190Z[0m [32m INFO[0m [2mingestor_pairs::candles[0m[2m:[0m Loading 4h timeframe for PHAUSDT
[2m2026-01-29T07:29:21.618737Z[0m [32m INFO[0m [2mingestor_pairs::candles[0m[2m:[0m Inserted 0 4h candles for PHAUSDT
[2m2026-01-29T07:29:21.621907Z[0m [32m INFO[0m [2mingestor_pairs::candles[0m[2m:[0m Inserted 3 1h candles for PHAUSDT
[2m2026-01-29T07:29:21.622343Z[0m [32m INFO[0m [2mingestor_pairs::candles[0m[2m:[0m Loading 1d timeframe for PHAUSDT
[2m2026-01-29T07:29:21.625105Z[0m [32m INFO[0m [2mingestor_pairs::candles[0m[2m:[0m Loading 1m timeframe for GRIFFAINUSDT
[2m2026-01-29T07:29:21.918417Z[0m [32m INFO[0m [2mingestor_pairs::candles[0m[2m:[0m Inserted 0 1d candles for PHAUSDT
[2m2026-01-29T07:29:21.927576Z[0m [32m INFO[0m [2mingestor_pairs::candles[0m[2m:[0m Loading 5m timeframe for GRIFFAINUSDT
[2m2026-01-29T07:29:21.955553Z[0m [32m INFO[0m [2mingestor_pairs::candles[0m[2m:[0m Inserted 170 1m candles for GRIFFAINUSDT
[2m2026-01-29T07:29:21.961547Z[0m [32m INFO[0m [2mingestor_pairs::candles[0m[2m:[0m Loading 15m timeframe for GRIFFAINUSDT
[2m2026-01-29T07:29:22.336111Z[0m [32m INFO[0m [2mingestor_pairs::candles[0m[2m:[0m Inserted 11 15m candles for GRIFFAINUSDT
[2m2026-01-29T07:29:22.337993Z[0m [32m INFO[0m [2mingestor_pairs::candles[0m[2m:[0m Inserted 34 5m candles for GRIFFAINUSDT
[2m2026-01-29T07:29:22.344490Z[0m [32m INFO[0m [2mingestor_pairs::candles[0m[2m:[0m Loading 1h timeframe for GRIFFAINUSDT
[2m2026-01-29T07:29:22.346515Z[0m [32m INFO[0m [2mingestor_pairs::candles[0m[2m:[0m Loading 4h timeframe for GRIFFAINUSDT
[2m2026-01-29T07:29:22.745660Z[0m [32m INFO[0m [2mingestor_pairs::candles[0m[2m:[0m Inserted 0 4h candles for GRIFFAINUSDT
[2m2026-01-29T07:29:22.751775Z[0m [32m INFO[0m [2mingestor_pairs::candles[0m[2m:[0m Inserted 3 1h candles for GRIFFAINUSDT
[2m2026-01-29T07:29:22.754822Z[0m [32m INFO[0m [2mingestor_pairs::candles[0m[2m:[0m Loading 1d timeframe for GRIFFAINUSDT
[2m2026-01-29T07:29:22.760199Z[0m [32m INFO[0m [2mingestor_pairs::candles[0m[2m:[0m Loading 1m timeframe for BIOUSDT
[2m2026-01-29T07:29:23.157086Z[0m [32m INFO[0m [2mingestor_pairs::candles[0m[2m:[0m Inserted 0 1d candles for GRIFFAINUSDT
[2m2026-01-29T07:29:23.167097Z[0m [32m INFO[0m [2mingestor_pairs::candles[0m[2m:[0m Loading 5m timeframe for BIOUSDT
[2m2026-01-29T07:29:23.188129Z[0m [32m INFO[0m [2mingestor_pairs::candles[0m[2m:[0m Inserted 170 1m candles for BIOUSDT
[2m2026-01-29T07:29:23.193667Z[0m [32m INFO[0m [2mingestor_pairs::candles[0m[2m:[0m Loading 15m timeframe for BIOUSDT
[2m2026-01-29T07:29:23.571280Z[0m [32m INFO[0m [2mingestor_pairs::candles[0m[2m:[0m Inserted 11 15m candles for BIOUSDT
[2m2026-01-29T07:29:23.572778Z[0m [32m INFO[0m [2mingestor_pairs::candles[0m[2m:[0m Inserted 34 5m candles for BIOUSDT
[2m2026-01-29T07:29:23.580382Z[0m [32m INFO[0m [2mingestor_pairs::candles[0m[2m:[0m Loading 1h timeframe for BIOUSDT
[2m2026-01-29T07:29:23.582122Z[0m [32m INFO[0m [2mingestor_pairs::candles[0m[2m:[0m Loading 4h timeframe for BIOUSDT
[2m2026-01-29T07:29:23.972898Z[0m [32m INFO[0m [2mingestor_pairs::candles[0m[2m:[0m Inserted 0 4h candles for BIOUSDT
[2m2026-01-29T07:29:23.980864Z[0m [32m INFO[0m [2mingestor_pairs::candles[0m[2m:[0m Inserted 3 1h candles for BIOUSDT
[2m2026-01-29T07:29:23.983120Z[0m [32m INFO[0m [2mingestor_pairs::candles[0m[2m:[0m Loading 1d timeframe for BIOUSDT
[2m2026-01-29T07:29:23.991264Z[0m [32m INFO[0m [2mingestor_pairs::candles[0m[2m:[0m Loading 1m timeframe for ALCHUSDT
[2m2026-01-29T07:29:24.384327Z[0m [32m INFO[0m [2mingestor_pairs::candles[0m[2m:[0m Inserted 0 1d candles for BIOUSDT
[2m2026-01-29T07:29:24.392912Z[0m [32m INFO[0m [2mingestor_pairs::candles[0m[2m:[0m Loading 5m timeframe for ALCHUSDT
[2m2026-01-29T07:29:24.417408Z[0m [32m INFO[0m [2mingestor_pairs::candles[0m[2m:[0m Inserted 170 1m candles for ALCHUSDT
[2m2026-01-29T07:29:24.422532Z[0m [32m INFO[0m [2mingestor_pairs::candles[0m[2m:[0m Loading 15m timeframe for ALCHUSDT
[2m2026-01-29T07:29:24.696826Z[0m [32m INFO[0m [2mingestor_pairs::candles[0m[2m:[0m Inserted 34 5m candles for ALCHUSDT
[2m2026-01-29T07:29:24.699818Z[0m [32m INFO[0m [2mingestor_pairs::candles[0m[2m:[0m Loading 1h timeframe for ALCHUSDT
[2m2026-01-29T07:29:24.722321Z[0m [32m INFO[0m [2mingestor_pairs::candles[0m[2m:[0m Inserted 11 15m candles for ALCHUSDT
[2m2026-01-29T07:29:24.729721Z[0m [32m INFO[0m [2mingestor_pairs::candles[0m[2m:[0m Loading 4h timeframe for ALCHUSDT
[2m2026-01-29T07:29:25.002897Z[0m [32m INFO[0m [2mingestor_pairs::candles[0m[2m:[0m Inserted 3 1h candles for ALCHUSDT
[2m2026-01-29T07:29:25.005967Z[0m [32m INFO[0m [2mingestor_pairs::candles[0m[2m:[0m Loading 1d timeframe for ALCHUSDT
[2m2026-01-29T07:29:25.026687Z[0m [32m INFO[0m [2mingestor_pairs::candles[0m[2m:[0m Inserted 0 4h candles for ALCHUSDT
[2m2026-01-29T07:29:25.032172Z[0m [32m INFO[0m [2mingestor_pairs::candles[0m[2m:[0m Loading 1m timeframe for SWARMSUSDT
[2m2026-01-29T07:29:25.406091Z[0m [32m INFO[0m [2mingestor_pairs::candles[0m[2m:[0m Inserted 0 1d candles for ALCHUSDT
[2m2026-01-29T07:29:25.409725Z[0m [32m INFO[0m [2mingestor_pairs::candles[0m[2m:[0m Loading 5m timeframe for SWARMSUSDT
[2m2026-01-29T07:29:25.420618Z[0m [32m INFO[0m [2mingestor_pairs::candles[0m[2m:[0m Inserted 170 1m candles for SWARMSUSDT
[2m2026-01-29T07:29:25.423742Z[0m [32m INFO[0m [2mingestor_pairs::candles[0m[2m:[0m Loading 15m timeframe for SWARMSUSDT
[2m2026-01-29T07:29:25.723589Z[0m [32m INFO[0m [2mingestor_pairs::candles[0m[2m:[0m Inserted 11 15m candles for SWARMSUSDT
[2m2026-01-29T07:29:25.723890Z[0m [32m INFO[0m [2mingestor_pairs::candles[0m[2m:[0m Inserted 34 5m candles for SWARMSUSDT
[2m2026-01-29T07:29:25.730774Z[0m [32m INFO[0m [2mingestor_pairs::candles[0m[2m:[0m Loading 1h timeframe for SWARMSUSDT
[2m2026-01-29T07:29:25.731901Z[0m [32m INFO[0m [2mingestor_pairs::candles[0m[2m:[0m Loading 4h timeframe for SWARMSUSDT
[2m2026-01-29T07:29:26.123748Z[0m [32m INFO[0m [2mingestor_pairs::candles[0m[2m:[0m Inserted 0 4h candles for SWARMSUSDT
[2m2026-01-29T07:29:26.130244Z[0m [32m INFO[0m [2mingestor_pairs::candles[0m[2m:[0m Inserted 3 1h candles for SWARMSUSDT
[2m2026-01-29T07:29:26.132862Z[0m [32m INFO[0m [2mingestor_pairs::candles[0m[2m:[0m Loading 1d timeframe for SWARMSUSDT
[2m2026-01-29T07:29:26.139824Z[0m [32m INFO[0m [2mingestor_pairs::candles[0m[2m:[0m Loading 1m timeframe for DUSDT
[2m2026-01-29T07:29:26.533768Z[0m [32m INFO[0m [2mingestor_pairs::candles[0m[2m:[0m Inserted 0 1d candles for SWARMSUSDT
[2m2026-01-29T07:29:26.542639Z[0m [32m INFO[0m [2mingestor_pairs::candles[0m[2m:[0m Loading 5m timeframe for DUSDT
[2m2026-01-29T07:29:26.559276Z[0m [32m INFO[0m [2mingestor_pairs::candles[0m[2m:[0m Inserted 170 1m candles for DUSDT
[2m2026-01-29T07:29:26.566644Z[0m [32m INFO[0m [2mingestor_pairs::candles[0m[2m:[0m Loading 15m timeframe for DUSDT
[2m2026-01-29T07:29:26.949825Z[0m [32m INFO[0m [2mingestor_pairs::candles[0m[2m:[0m Inserted 11 15m candles for DUSDT
[2m2026-01-29T07:29:26.951536Z[0m [32m INFO[0m [2mingestor_pairs::candles[0m[2m:[0m Inserted 34 5m candles for DUSDT
[2m2026-01-29T07:29:26.959564Z[0m [32m INFO[0m [2mingestor_pairs::candles[0m[2m:[0m Loading 1h timeframe for DUSDT
[2m2026-01-29T07:29:26.960224Z[0m [32m INFO[0m [2mingestor_pairs::candles[0m[2m:[0m Loading 4h timeframe for DUSDT
[2m2026-01-29T07:29:27.352252Z[0m [32m INFO[0m [2mingestor_pairs::candles[0m[2m:[0m Inserted 0 4h candles for DUSDT
[2m2026-01-29T07:29:27.359353Z[0m [32m INFO[0m [2mingestor_pairs::candles[0m[2m:[0m Inserted 3 1h candles for DUSDT
[2m2026-01-29T07:29:27.364140Z[0m [32m INFO[0m [2mingestor_pairs::candles[0m[2m:[0m Loading 1d timeframe for DUSDT
[2m2026-01-29T07:29:27.370061Z[0m [32m INFO[0m [2mingestor_pairs::candles[0m[2m:[0m Loading 1m timeframe for PROMUSDT
[2m2026-01-29T07:29:27.865477Z[0m [32m INFO[0m [2mingestor_pairs::candles[0m[2m:[0m Inserted 0 1d candles for DUSDT
[2m2026-01-29T07:29:27.874829Z[0m [32m INFO[0m [2mingestor_pairs::candles[0m[2m:[0m Loading 5m timeframe for PROMUSDT
[2m2026-01-29T07:29:27.906231Z[0m [32m INFO[0m [2mingestor_pairs::candles[0m[2m:[0m Inserted 170 1m candles for PROMUSDT
[2m2026-01-29T07:29:27.919332Z[0m [32m INFO[0m [2mingestor_pairs::candles[0m[2m:[0m Loading 15m timeframe for PROMUSDT
[2m2026-01-29T07:29:28.281868Z[0m [32m INFO[0m [2mingestor_pairs::candles[0m[2m:[0m Inserted 11 15m candles for PROMUSDT
[2m2026-01-29T07:29:28.283222Z[0m [32m INFO[0m [2mingestor_pairs::candles[0m[2m:[0m Inserted 34 5m candles for PROMUSDT
[2m2026-01-29T07:29:28.291007Z[0m [32m INFO[0m [2mingestor_pairs::candles[0m[2m:[0m Loading 1h timeframe for PROMUSDT
[2m2026-01-29T07:29:28.292529Z[0m [32m INFO[0m [2mingestor_pairs::candles[0m[2m:[0m Loading 4h timeframe for PROMUSDT
[2m2026-01-29T07:29:28.683813Z[0m [32m INFO[0m [2mingestor_pairs::candles[0m[2m:[0m Inserted 0 4h candles for PROMUSDT
[2m2026-01-29T07:29:28.690152Z[0m [32m INFO[0m [2mingestor_pairs::candles[0m[2m:[0m Inserted 3 1h candles for PROMUSDT
[2m2026-01-29T07:29:28.692825Z[0m [32m INFO[0m [2mingestor_pairs::candles[0m[2m:[0m Loading 1d timeframe for PROMUSDT
[2m2026-01-29T07:29:28.700576Z[0m [32m INFO[0m [2mingestor_pairs::candles[0m[2m:[0m Loading 1m timeframe for SUSDT
[2m2026-01-29T07:29:29.038366Z[0m [32m INFO[0m [2mingestor_pairs::candles[0m[2m:[0m Inserted 170 1m candles for SUSDT
[2m2026-01-29T07:29:29.046074Z[0m [32m INFO[0m [2mingestor_pairs::candles[0m[2m:[0m Loading 5m timeframe for SUSDT
[2m2026-01-29T07:29:29.360512Z[0m [32m INFO[0m [2mingestor_pairs::candles[0m[2m:[0m Inserted 34 5m candles for SUSDT
[2m2026-01-29T07:29:29.368632Z[0m [32m INFO[0m [2mingestor_pairs::candles[0m[2m:[0m Loading 15m timeframe for SUSDT
[2m2026-01-29T07:29:29.708083Z[0m [32m INFO[0m [2mingestor_pairs::candles[0m[2m:[0m Inserted 0 1d candles for PROMUSDT
[2m2026-01-29T07:29:29.715576Z[0m [32m INFO[0m [2mingestor_pairs::candles[0m[2m:[0m Inserted 11 15m candles for SUSDT
[2m2026-01-29T07:29:29.717907Z[0m [32m INFO[0m [2mingestor_pairs::candles[0m[2m:[0m Loading 1h timeframe for SUSDT
[2m2026-01-29T07:29:29.725366Z[0m [32m INFO[0m [2mingestor_pairs::candles[0m[2m:[0m Loading 4h timeframe for SUSDT
[2m2026-01-29T07:29:30.030237Z[0m [32m INFO[0m [2mingestor_pairs::candles[0m[2m:[0m Inserted 3 1h candles for SUSDT
[2m2026-01-29T07:29:30.031470Z[0m [32m INFO[0m [2mingestor_pairs::candles[0m[2m:[0m Inserted 0 4h candles for SUSDT
[2m2026-01-29T07:29:30.039630Z[0m [32m INFO[0m [2mingestor_pairs::candles[0m[2m:[0m Loading 1d timeframe for SUSDT
[2m2026-01-29T07:29:30.041889Z[0m [32m INFO[0m [2mingestor_pairs::candles[0m[2m:[0m Loading 1m timeframe for ARCUSDT
[2m2026-01-29T07:29:30.425024Z[0m [32m INFO[0m [2mingestor_pairs::candles[0m[2m:[0m Inserted 0 1d candles for SUSDT
[2m2026-01-29T07:29:30.434910Z[0m [32m INFO[0m [2mingestor_pairs::candles[0m[2m:[0m Loading 5m timeframe for ARCUSDT
[2m2026-01-29T07:29:30.464182Z[0m [32m INFO[0m [2mingestor_pairs::candles[0m[2m:[0m Inserted 170 1m candles for ARCUSDT
[2m2026-01-29T07:29:30.477333Z[0m [32m INFO[0m [2mingestor_pairs::candles[0m[2m:[0m Loading 15m timeframe for ARCUSDT
[2m2026-01-29T07:29:30.841145Z[0m [32m INFO[0m [2mingestor_pairs::candles[0m[2m:[0m Inserted 11 15m candles for ARCUSDT
[2m2026-01-29T07:29:30.842594Z[0m [32m INFO[0m [2mingestor_pairs::candles[0m[2m:[0m Inserted 34 5m candles for ARCUSDT
[2m2026-01-29T07:29:30.851466Z[0m [32m INFO[0m [2mingestor_pairs::candles[0m[2m:[0m Loading 1h timeframe for ARCUSDT
[2m2026-01-29T07:29:30.853601Z[0m [32m INFO[0m [2mingestor_pairs::candles[0m[2m:[0m Loading 4h timeframe for ARCUSDT
[2m2026-01-29T07:29:31.243945Z[0m [32m INFO[0m [2mingestor_pairs::candles[0m[2m:[0m Inserted 0 4h candles for ARCUSDT
[2m2026-01-29T07:29:31.249696Z[0m [32m INFO[0m [2mingestor_pairs::candles[0m[2m:[0m Inserted 3 1h candles for ARCUSDT
[2m2026-01-29T07:29:31.252707Z[0m [32m INFO[0m [2mingestor_pairs::candles[0m[2m:[0m Loading 1d timeframe for ARCUSDT
[2m2026-01-29T07:29:31.259516Z[0m [32m INFO[0m [2mingestor_pairs::candles[0m[2m:[0m Loading 1m timeframe for TRUMPUSDT
[2m2026-01-29T07:29:31.653066Z[0m [32m INFO[0m [2mingestor_pairs::candles[0m[2m:[0m Inserted 0 1d candles for ARCUSDT
[2m2026-01-29T07:29:31.662950Z[0m [32m INFO[0m [2mingestor_pairs::candles[0m[2m:[0m Loading 5m timeframe for TRUMPUSDT
[2m2026-01-29T07:29:31.691308Z[0m [32m INFO[0m [2mingestor_pairs::candles[0m[2m:[0m Inserted 170 1m candles for TRUMPUSDT
[2m2026-01-29T07:29:31.700787Z[0m [32m INFO[0m [2mingestor_pairs::candles[0m[2m:[0m Loading 15m timeframe for TRUMPUSDT
[2m2026-01-29T07:29:32.069873Z[0m [32m INFO[0m [2mingestor_pairs::candles[0m[2m:[0m Inserted 11 15m candles for TRUMPUSDT
[2m2026-01-29T07:29:32.071466Z[0m [32m INFO[0m [2mingestor_pairs::candles[0m[2m:[0m Inserted 34 5m candles for TRUMPUSDT
[2m2026-01-29T07:29:32.079883Z[0m [32m INFO[0m [2mingestor_pairs::candles[0m[2m:[0m Loading 1h timeframe for TRUMPUSDT
[2m2026-01-29T07:29:32.081573Z[0m [32m INFO[0m [2mingestor_pairs::candles[0m[2m:[0m Loading 1d timeframe for TRUMPUSDT
[2m2026-01-29T07:29:32.474342Z[0m [32m INFO[0m [2mingestor_pairs::candles[0m[2m:[0m Inserted 0 1d candles for TRUMPUSDT
[2m2026-01-29T07:29:32.480536Z[0m [32m INFO[0m [2mingestor_pairs::candles[0m[2m:[0m Inserted 3 1h candles for TRUMPUSDT
[2m2026-01-29T07:29:32.483935Z[0m [32m INFO[0m [2mingestor_pairs::candles[0m[2m:[0m Loading 1m timeframe for MELANIAUSDT
[2m2026-01-29T07:29:32.490063Z[0m [32m INFO[0m [2mingestor_pairs::candles[0m[2m:[0m Loading 5m timeframe for MELANIAUSDT
[2m2026-01-29T07:29:32.891410Z[0m [32m INFO[0m [2mingestor_pairs::candles[0m[2m:[0m Inserted 34 5m candles for MELANIAUSDT
[2m2026-01-29T07:29:32.900225Z[0m [32m INFO[0m [2mingestor_pairs::candles[0m[2m:[0m Loading 15m timeframe for MELANIAUSDT
[2m2026-01-29T07:29:32.940755Z[0m [32m INFO[0m [2mingestor_pairs::candles[0m[2m:[0m Inserted 170 1m candles for MELANIAUSDT
[2m2026-01-29T07:29:32.952543Z[0m [32m INFO[0m [2mingestor_pairs::candles[0m[2m:[0m Loading 1h timeframe for MELANIAUSDT
[2m2026-01-29T07:29:33.218273Z[0m [32m INFO[0m [2mingestor_pairs::candles[0m[2m:[0m Inserted 11 15m candles for MELANIAUSDT
[2m2026-01-29T07:29:33.226397Z[0m [32m INFO[0m [2mingestor_pairs::candles[0m[2m:[0m Loading 4h timeframe for MELANIAUSDT
[2m2026-01-29T07:29:33.269438Z[0m [32m INFO[0m [2mingestor_pairs::candles[0m[2m:[0m Inserted 3 1h candles for MELANIAUSDT
[2m2026-01-29T07:29:33.279099Z[0m [32m INFO[0m [2mingestor_pairs::candles[0m[2m:[0m Loading 4h timeframe for TRUMPUSDT
[2m2026-01-29T07:29:33.598421Z[0m [32m INFO[0m [2mingestor_pairs::candles[0m[2m:[0m Inserted 0 4h candles for TRUMPUSDT
[2m2026-01-29T07:29:33.598765Z[0m [32m INFO[0m [2mingestor_pairs::candles[0m[2m:[0m Inserted 0 4h candles for MELANIAUSDT
[2m2026-01-29T07:29:33.608719Z[0m [32m INFO[0m [2mingestor_pairs::candles[0m[2m:[0m Loading 1m timeframe for ANIMEUSDT
[2m2026-01-29T07:29:33.610294Z[0m [32m INFO[0m [2mingestor_pairs::candles[0m[2m:[0m Loading 5m timeframe for ANIMEUSDT
[2m2026-01-29T07:29:34.017424Z[0m [32m INFO[0m [2mingestor_pairs::candles[0m[2m:[0m Inserted 34 5m candles for ANIMEUSDT
[2m2026-01-29T07:29:34.025941Z[0m [32m INFO[0m [2mingestor_pairs::candles[0m[2m:[0m Loading 15m timeframe for ANIMEUSDT
[2m2026-01-29T07:29:34.041653Z[0m [32m INFO[0m [2mingestor_pairs::candles[0m[2m:[0m Inserted 170 1m candles for ANIMEUSDT
[2m2026-01-29T07:29:34.053287Z[0m [32m INFO[0m [2mingestor_pairs::candles[0m[2m:[0m Loading 1h timeframe for ANIMEUSDT
[2m2026-01-29T07:29:34.424421Z[0m [32m INFO[0m [2mingestor_pairs::candles[0m[2m:[0m Inserted 11 15m candles for ANIMEUSDT
[2m2026-01-29T07:29:34.425572Z[0m [32m INFO[0m [2mingestor_pairs::candles[0m[2m:[0m Inserted 3 1h candles for ANIMEUSDT
[2m2026-01-29T07:29:34.433923Z[0m [32m INFO[0m [2mingestor_pairs::candles[0m[2m:[0m Loading 4h timeframe for ANIMEUSDT
[2m2026-01-29T07:29:34.434911Z[0m [32m INFO[0m [2mingestor_pairs::candles[0m[2m:[0m Loading 1d timeframe for ANIMEUSDT
[2m2026-01-29T07:29:34.827843Z[0m [32m INFO[0m [2mingestor_pairs::candles[0m[2m:[0m Inserted 0 1d candles for ANIMEUSDT
[2m2026-01-29T07:29:34.828124Z[0m [32m INFO[0m [2mingestor_pairs::candles[0m[2m:[0m Inserted 0 4h candles for ANIMEUSDT
[2m2026-01-29T07:29:34.836587Z[0m [32m INFO[0m [2mingestor_pairs::candles[0m[2m:[0m Loading 1m timeframe for PIPPINUSDT
[2m2026-01-29T07:29:34.839641Z[0m [32m INFO[0m [2mingestor_pairs::candles[0m[2m:[0m Loading 5m timeframe for PIPPINUSDT
[2m2026-01-29T07:29:35.156253Z[0m [32m INFO[0m [2mingestor_pairs::candles[0m[2m:[0m Inserted 34 5m candles for PIPPINUSDT
[2m2026-01-29T07:29:35.164468Z[0m [32m INFO[0m [2mingestor_pairs::candles[0m[2m:[0m Loading 15m timeframe for PIPPINUSDT
[2m2026-01-29T07:29:35.176286Z[0m [32m INFO[0m [2mingestor_pairs::candles[0m[2m:[0m Inserted 170 1m candles for PIPPINUSDT
[2m2026-01-29T07:29:35.189018Z[0m [32m INFO[0m [2mingestor_pairs::candles[0m[2m:[0m Loading 1h timeframe for PIPPINUSDT
[2m2026-01-29T07:29:35.477606Z[0m [32m INFO[0m [2mingestor_pairs::candles[0m[2m:[0m Inserted 11 15m candles for PIPPINUSDT
[2m2026-01-29T07:29:35.486495Z[0m [32m INFO[0m [2mingestor_pairs::candles[0m[2m:[0m Loading 4h timeframe for PIPPINUSDT
[2m2026-01-29T07:29:35.497307Z[0m [32m INFO[0m [2mingestor_pairs::candles[0m[2m:[0m Inserted 3 1h candles for PIPPINUSDT
[2m2026-01-29T07:29:35.512458Z[0m [32m INFO[0m [2mingestor_pairs::candles[0m[2m:[0m Loading 1d timeframe for PIPPINUSDT
[2m2026-01-29T07:29:35.852639Z[0m [32m INFO[0m [2mingestor_pairs::candles[0m[2m:[0m Inserted 0 4h candles for PIPPINUSDT
[2m2026-01-29T07:29:35.852667Z[0m [32m INFO[0m [2mingestor_pairs::candles[0m[2m:[0m Inserted 0 1d candles for PIPPINUSDT
[2m2026-01-29T07:29:35.862490Z[0m [32m INFO[0m [2mingestor_pairs::candles[0m[2m:[0m Loading 5m timeframe for VVVUSDT
[2m2026-01-29T07:29:35.863740Z[0m [32m INFO[0m [2mingestor_pairs::candles[0m[2m:[0m Loading 1m timeframe for VVVUSDT
[2m2026-01-29T07:29:36.293267Z[0m [32m INFO[0m [2mingestor_pairs::candles[0m[2m:[0m Inserted 170 1m candles for VVVUSDT
[2m2026-01-29T07:29:36.301379Z[0m [32m INFO[0m [2mingestor_pairs::candles[0m[2m:[0m Loading 15m timeframe for VVVUSDT
[2m2026-01-29T07:29:36.680052Z[0m [32m INFO[0m [2mingestor_pairs::candles[0m[2m:[0m Inserted 11 15m candles for VVVUSDT
[2m2026-01-29T07:29:36.687626Z[0m [32m INFO[0m [2mingestor_pairs::candles[0m[2m:[0m Loading 1h timeframe for VVVUSDT
[2m2026-01-29T07:29:36.740894Z[0m [32m INFO[0m [2mingestor_pairs::candles[0m[2m:[0m Inserted 34 5m candles for VVVUSDT
[2m2026-01-29T07:29:36.750837Z[0m [32m INFO[0m [2mingestor_pairs::candles[0m[2m:[0m Loading 4h timeframe for VVVUSDT
[2m2026-01-29T07:29:37.080495Z[0m [32m INFO[0m [2mingestor_pairs::candles[0m[2m:[0m Inserted 0 4h candles for VVVUSDT
[2m2026-01-29T07:29:37.086995Z[0m [32m INFO[0m [2mingestor_pairs::candles[0m[2m:[0m Inserted 3 1h candles for VVVUSDT
[2m2026-01-29T07:29:37.089712Z[0m [32m INFO[0m [2mingestor_pairs::candles[0m[2m:[0m Loading 1d timeframe for VVVUSDT
[2m2026-01-29T07:29:37.095666Z[0m [32m INFO[0m [2mingestor_pairs::candles[0m[2m:[0m Loading 1m timeframe for BERAUSDT
[2m2026-01-29T07:29:37.403819Z[0m [32m INFO[0m [2mingestor_pairs::candles[0m[2m:[0m Inserted 0 1d candles for VVVUSDT
[2m2026-01-29T07:29:37.413079Z[0m [32m INFO[0m [2mingestor_pairs::candles[0m[2m:[0m Loading 5m timeframe for BERAUSDT
[2m2026-01-29T07:29:37.466858Z[0m [32m INFO[0m [2mingestor_pairs::candles[0m[2m:[0m Inserted 169 1m candles for BERAUSDT
[2m2026-01-29T07:29:37.477356Z[0m [32m INFO[0m [2mingestor_pairs::candles[0m[2m:[0m Loading 15m timeframe for BERAUSDT
[2m2026-01-29T07:29:37.730952Z[0m [32m INFO[0m [2mingestor_pairs::candles[0m[2m:[0m Inserted 33 5m candles for BERAUSDT
[2m2026-01-29T07:29:37.739143Z[0m [32m INFO[0m [2mingestor_pairs::candles[0m[2m:[0m Loading 1h timeframe for BERAUSDT
[2m2026-01-29T07:29:37.790542Z[0m [32m INFO[0m [2mingestor_pairs::candles[0m[2m:[0m Inserted 11 15m candles for BERAUSDT
[2m2026-01-29T07:29:37.802875Z[0m [32m INFO[0m [2mingestor_pairs::candles[0m[2m:[0m Loading 4h timeframe for BERAUSDT
[2m2026-01-29T07:29:38.103586Z[0m [32m INFO[0m [2mingestor_pairs::candles[0m[2m:[0m Inserted 0 4h candles for BERAUSDT
[2m2026-01-29T07:29:38.110443Z[0m [32m INFO[0m [2mingestor_pairs::candles[0m[2m:[0m Inserted 3 1h candles for BERAUSDT
[2m2026-01-29T07:29:38.113441Z[0m [32m INFO[0m [2mingestor_pairs::candles[0m[2m:[0m Loading 1d timeframe for BERAUSDT
[2m2026-01-29T07:29:38.121058Z[0m [32m INFO[0m [2mingestor_pairs::candles[0m[2m:[0m Loading 1m timeframe for LAYERUSDT
[2m2026-01-29T07:29:38.515314Z[0m [32m INFO[0m [2mingestor_pairs::candles[0m[2m:[0m Inserted 0 1d candles for BERAUSDT
[2m2026-01-29T07:29:38.524173Z[0m [32m INFO[0m [2mingestor_pairs::candles[0m[2m:[0m Loading 5m timeframe for LAYERUSDT
[2m2026-01-29T07:29:38.542403Z[0m [32m INFO[0m [2mingestor_pairs::candles[0m[2m:[0m Inserted 169 1m candles for LAYERUSDT
[2m2026-01-29T07:29:38.547320Z[0m [32m INFO[0m [2mingestor_pairs::candles[0m[2m:[0m Loading 15m timeframe for LAYERUSDT
[2m2026-01-29T07:29:38.931930Z[0m [32m INFO[0m [2mingestor_pairs::candles[0m[2m:[0m Inserted 11 15m candles for LAYERUSDT
[2m2026-01-29T07:29:38.934079Z[0m [32m INFO[0m [2mingestor_pairs::candles[0m[2m:[0m Inserted 34 5m candles for LAYERUSDT
[2m2026-01-29T07:29:38.941828Z[0m [32m INFO[0m [2mingestor_pairs::candles[0m[2m:[0m Loading 1h timeframe for LAYERUSDT
[2m2026-01-29T07:29:38.945116Z[0m [32m INFO[0m [2mingestor_pairs::candles[0m[2m:[0m Loading 4h timeframe for LAYERUSDT
[2m2026-01-29T07:29:39.333216Z[0m [32m INFO[0m [2mingestor_pairs::candles[0m[2m:[0m Inserted 0 4h candles for LAYERUSDT
[2m2026-01-29T07:29:39.340611Z[0m [32m INFO[0m [2mingestor_pairs::candles[0m[2m:[0m Inserted 3 1h candles for LAYERUSDT
[2m2026-01-29T07:29:39.341862Z[0m [32m INFO[0m [2mingestor_pairs::candles[0m[2m:[0m Loading 1d timeframe for LAYERUSDT
[2m2026-01-29T07:29:39.350746Z[0m [32m INFO[0m [2mingestor_pairs::candles[0m[2m:[0m Loading 1m timeframe for IPUSDT
[2m2026-01-29T07:29:39.645521Z[0m [32m INFO[0m [2mingestor_pairs::candles[0m[2m:[0m Inserted 0 1d candles for LAYERUSDT
[2m2026-01-29T07:29:39.654497Z[0m [32m INFO[0m [2mingestor_pairs::candles[0m[2m:[0m Loading 5m timeframe for IPUSDT
[2m2026-01-29T07:29:39.686919Z[0m [32m INFO[0m [2mingestor_pairs::candles[0m[2m:[0m Inserted 169 1m candles for IPUSDT
[2m2026-01-29T07:29:39.698877Z[0m [32m INFO[0m [2mingestor_pairs::candles[0m[2m:[0m Loading 15m timeframe for IPUSDT
[2m2026-01-29T07:29:39.977053Z[0m [32m INFO[0m [2mingestor_pairs::candles[0m[2m:[0m Inserted 33 5m candles for IPUSDT
[2m2026-01-29T07:29:39.985308Z[0m [32m INFO[0m [2mingestor_pairs::candles[0m[2m:[0m Loading 1h timeframe for IPUSDT
[2m2026-01-29T07:29:40.009148Z[0m [32m INFO[0m [2mingestor_pairs::candles[0m[2m:[0m Inserted 11 15m candles for IPUSDT
[2m2026-01-29T07:29:40.057105Z[0m [32m INFO[0m [2mingestor_pairs::candles[0m[2m:[0m Loading 4h timeframe for IPUSDT
[2m2026-01-29T07:29:40.356720Z[0m [32m INFO[0m [2mingestor_pairs::candles[0m[2m:[0m Inserted 0 4h candles for IPUSDT
[2m2026-01-29T07:29:40.361225Z[0m [32m INFO[0m [2mingestor_pairs::candles[0m[2m:[0m Inserted 3 1h candles for IPUSDT
[2m2026-01-29T07:29:40.362549Z[0m [32m INFO[0m [2mingestor_pairs::candles[0m[2m:[0m Loading 1d timeframe for IPUSDT
[2m2026-01-29T07:29:40.365848Z[0m [32m INFO[0m [2mingestor_pairs::candles[0m[2m:[0m Loading 1m timeframe for GPSUSDT
[2m2026-01-29T07:29:40.766916Z[0m [32m INFO[0m [2mingestor_pairs::candles[0m[2m:[0m Inserted 0 1d candles for IPUSDT
[2m2026-01-29T07:29:40.775615Z[0m [32m INFO[0m [2mingestor_pairs::candles[0m[2m:[0m Loading 5m timeframe for GPSUSDT
[2m2026-01-29T07:29:40.792885Z[0m [32m INFO[0m [2mingestor_pairs::candles[0m[2m:[0m Inserted 169 1m candles for GPSUSDT
[2m2026-01-29T07:29:40.799450Z[0m [32m INFO[0m [2mingestor_pairs::candles[0m[2m:[0m Loading 15m timeframe for GPSUSDT
[2m2026-01-29T07:29:41.184030Z[0m [32m INFO[0m [2mingestor_pairs::candles[0m[2m:[0m Inserted 11 15m candles for GPSUSDT
[2m2026-01-29T07:29:41.185784Z[0m [32m INFO[0m [2mingestor_pairs::candles[0m[2m:[0m Inserted 33 5m candles for GPSUSDT
[2m2026-01-29T07:29:41.193032Z[0m [32m INFO[0m [2mingestor_pairs::candles[0m[2m:[0m Loading 1h timeframe for GPSUSDT
[2m2026-01-29T07:29:41.194777Z[0m [32m INFO[0m [2mingestor_pairs::candles[0m[2m:[0m Loading 4h timeframe for GPSUSDT
[2m2026-01-29T07:29:41.586324Z[0m [32m INFO[0m [2mingestor_pairs::candles[0m[2m:[0m Inserted 0 4h candles for GPSUSDT
[2m2026-01-29T07:29:41.592202Z[0m [32m INFO[0m [2mingestor_pairs::candles[0m[2m:[0m Inserted 3 1h candles for GPSUSDT
[2m2026-01-29T07:29:41.594928Z[0m [32m INFO[0m [2mingestor_pairs::candles[0m[2m:[0m Loading 1d timeframe for GPSUSDT
[2m2026-01-29T07:29:41.600660Z[0m [32m INFO[0m [2mingestor_pairs::candles[0m[2m:[0m Loading 1m timeframe for SHELLUSDT
[2m2026-01-29T07:29:41.912062Z[0m [32m INFO[0m [2mingestor_pairs::candles[0m[2m:[0m Inserted 0 1d candles for GPSUSDT
[2m2026-01-29T07:29:41.920394Z[0m [32m INFO[0m [2mingestor_pairs::candles[0m[2m:[0m Loading 5m timeframe for SHELLUSDT
[2m2026-01-29T07:29:41.951899Z[0m [32m INFO[0m [2mingestor_pairs::candles[0m[2m:[0m Inserted 169 1m candles for SHELLUSDT
[2m2026-01-29T07:29:41.962110Z[0m [32m INFO[0m [2mingestor_pairs::candles[0m[2m:[0m Loading 15m timeframe for SHELLUSDT
[2m2026-01-29T07:29:42.312254Z[0m [32m INFO[0m [2mingestor_pairs::candles[0m[2m:[0m Inserted 11 15m candles for SHELLUSDT
[2m2026-01-29T07:29:42.313623Z[0m [32m INFO[0m [2mingestor_pairs::candles[0m[2m:[0m Inserted 33 5m candles for SHELLUSDT
[2m2026-01-29T07:29:42.321981Z[0m [32m INFO[0m [2mingestor_pairs::candles[0m[2m:[0m Loading 1h timeframe for SHELLUSDT
[2m2026-01-29T07:29:42.322936Z[0m [32m INFO[0m [2mingestor_pairs::candles[0m[2m:[0m Loading 4h timeframe for SHELLUSDT
[2m2026-01-29T07:29:42.714168Z[0m [32m INFO[0m [2mingestor_pairs::candles[0m[2m:[0m Inserted 0 4h candles for SHELLUSDT
[2m2026-01-29T07:29:42.720940Z[0m [32m INFO[0m [2mingestor_pairs::candles[0m[2m:[0m Inserted 3 1h candles for SHELLUSDT
[2m2026-01-29T07:29:42.723397Z[0m [32m INFO[0m [2mingestor_pairs::candles[0m[2m:[0m Loading 1d timeframe for SHELLUSDT
[2m2026-01-29T07:29:42.730534Z[0m [32m INFO[0m [2mingestor_pairs::candles[0m[2m:[0m Loading 1m timeframe for KAITOUSDT
[2m2026-01-29T07:29:43.039289Z[0m [32m INFO[0m [2mingestor_pairs::candles[0m[2m:[0m Inserted 0 1d candles for SHELLUSDT
[2m2026-01-29T07:29:43.048533Z[0m [32m INFO[0m [2mingestor_pairs::candles[0m[2m:[0m Loading 5m timeframe for KAITOUSDT
[2m2026-01-29T07:29:43.077737Z[0m [32m INFO[0m [2mingestor_pairs::candles[0m[2m:[0m Inserted 169 1m candles for KAITOUSDT
[2m2026-01-29T07:29:43.095045Z[0m [32m INFO[0m [2mingestor_pairs::candles[0m[2m:[0m Loading 1h timeframe for KAITOUSDT
[2m2026-01-29T07:29:43.438473Z[0m [32m INFO[0m [2mingestor_pairs::candles[0m[2m:[0m Inserted 3 1h candles for KAITOUSDT
[2m2026-01-29T07:29:43.440427Z[0m [32m INFO[0m [2mingestor_pairs::candles[0m[2m:[0m Inserted 33 5m candles for KAITOUSDT
[2m2026-01-29T07:29:43.447356Z[0m [32m INFO[0m [2mingestor_pairs::candles[0m[2m:[0m Loading 4h timeframe for KAITOUSDT
[2m2026-01-29T07:29:43.450172Z[0m [32m INFO[0m [2mingestor_pairs::candles[0m[2m:[0m Loading 1d timeframe for KAITOUSDT
[2m2026-01-29T07:29:43.840136Z[0m [32m INFO[0m [2mingestor_pairs::candles[0m[2m:[0m Inserted 0 1d candles for KAITOUSDT
[2m2026-01-29T07:29:43.840320Z[0m [32m INFO[0m [2mingestor_pairs::candles[0m[2m:[0m Inserted 0 4h candles for KAITOUSDT
[2m2026-01-29T07:29:43.849854Z[0m [32m INFO[0m [2mingestor_pairs::candles[0m[2m:[0m Loading 1m timeframe for REDUSDT
[2m2026-01-29T07:29:43.850459Z[0m [32m INFO[0m [2mingestor_pairs::candles[0m[2m:[0m Loading 15m timeframe for KAITOUSDT
[2m2026-01-29T07:29:44.171442Z[0m [32m INFO[0m [2mingestor_pairs::candles[0m[2m:[0m Inserted 11 15m candles for KAITOUSDT
[2m2026-01-29T07:29:44.179886Z[0m [32m INFO[0m [2mingestor_pairs::candles[0m[2m:[0m Loading 5m timeframe for REDUSDT
[2m2026-01-29T07:29:44.186514Z[0m [32m INFO[0m [2mingestor_pairs::candles[0m[2m:[0m Inserted 169 1m candles for REDUSDT
[2m2026-01-29T07:29:44.196709Z[0m [32m INFO[0m [2mingestor_pairs::candles[0m[2m:[0m Loading 15m timeframe for REDUSDT
[2m2026-01-29T07:29:44.566214Z[0m [32m INFO[0m [2mingestor_pairs::candles[0m[2m:[0m Inserted 33 5m candles for REDUSDT
[2m2026-01-29T07:29:44.575963Z[0m [32m INFO[0m [2mingestor_pairs::candles[0m[2m:[0m Loading 1h timeframe for REDUSDT
[2m2026-01-29T07:29:44.901210Z[0m [32m INFO[0m [2mingestor_pairs::candles[0m[2m:[0m Inserted 3 1h candles for REDUSDT
[2m2026-01-29T07:29:44.910292Z[0m [32m INFO[0m [2mingestor_pairs::candles[0m[2m:[0m Loading 4h timeframe for REDUSDT
[2m2026-01-29T07:29:45.178649Z[0m [32m INFO[0m [2mingestor_pairs::candles[0m[2m:[0m Inserted 11 15m candles for REDUSDT
[2m2026-01-29T07:29:45.187101Z[0m [32m INFO[0m [2mingestor_pairs::candles[0m[2m:[0m Loading 1d timeframe for REDUSDT
[2m2026-01-29T07:29:45.220216Z[0m [32m INFO[0m [2mingestor_pairs::candles[0m[2m:[0m Inserted 0 4h candles for REDUSDT
[2m2026-01-29T07:29:45.231328Z[0m [32m INFO[0m [2mingestor_pairs::candles[0m[2m:[0m Loading 1m timeframe for MUBARAKUSDT
[2m2026-01-29T07:29:45.580511Z[0m [32m INFO[0m [2mingestor_pairs::candles[0m[2m:[0m Inserted 0 1d candles for REDUSDT
[2m2026-01-29T07:29:45.589588Z[0m [32m INFO[0m [2mingestor_pairs::candles[0m[2m:[0m Loading 5m timeframe for MUBARAKUSDT
[2m2026-01-29T07:29:45.625868Z[0m [32m INFO[0m [2mingestor_pairs::candles[0m[2m:[0m Inserted 169 1m candles for MUBARAKUSDT
[2m2026-01-29T07:29:45.636108Z[0m [32m INFO[0m [2mingestor_pairs::candles[0m[2m:[0m Loading 15m timeframe for MUBARAKUSDT
[2m2026-01-29T07:29:45.996266Z[0m [32m INFO[0m [2mingestor_pairs::candles[0m[2m:[0m Inserted 11 15m candles for MUBARAKUSDT
[2m2026-01-29T07:29:45.997919Z[0m [32m INFO[0m [2mingestor_pairs::candles[0m[2m:[0m Inserted 33 5m candles for MUBARAKUSDT
[2m2026-01-29T07:29:46.005556Z[0m [32m INFO[0m [2mingestor_pairs::candles[0m[2m:[0m Loading 1h timeframe for MUBARAKUSDT
[2m2026-01-29T07:29:46.007823Z[0m [32m INFO[0m [2mingestor_pairs::candles[0m[2m:[0m Loading 4h timeframe for MUBARAKUSDT
[2m2026-01-29T07:29:46.337845Z[0m [32m INFO[0m [2mingestor_pairs::candles[0m[2m:[0m Inserted 0 4h candles for MUBARAKUSDT
[2m2026-01-29T07:29:46.344657Z[0m [32m INFO[0m [2mingestor_pairs::candles[0m[2m:[0m Inserted 3 1h candles for MUBARAKUSDT
[2m2026-01-29T07:29:46.348115Z[0m [32m INFO[0m [2mingestor_pairs::candles[0m[2m:[0m Loading 1d timeframe for MUBARAKUSDT
[2m2026-01-29T07:29:46.354184Z[0m [32m INFO[0m [2mingestor_pairs::candles[0m[2m:[0m Loading 1m timeframe for FORMUSDT
[2m2026-01-29T07:29:46.656371Z[0m [32m INFO[0m [2mingestor_pairs::candles[0m[2m:[0m Inserted 0 1d candles for MUBARAKUSDT
[2m2026-01-29T07:29:46.665102Z[0m [32m INFO[0m [2mingestor_pairs::candles[0m[2m:[0m Loading 5m timeframe for FORMUSDT
[2m2026-01-29T07:29:46.728886Z[0m [32m INFO[0m [2mingestor_pairs::candles[0m[2m:[0m Inserted 169 1m candles for FORMUSDT
[2m2026-01-29T07:29:46.737524Z[0m [32m INFO[0m [2mingestor_pairs::candles[0m[2m:[0m Loading 15m timeframe for FORMUSDT
[2m2026-01-29T07:29:47.023422Z[0m [32m INFO[0m [2mingestor_pairs::candles[0m[2m:[0m Inserted 33 5m candles for FORMUSDT
[2m2026-01-29T07:29:47.032605Z[0m [32m INFO[0m [2mingestor_pairs::candles[0m[2m:[0m Loading 1h timeframe for FORMUSDT
[2m2026-01-29T07:29:47.040573Z[0m [32m INFO[0m [2mingestor_pairs::candles[0m[2m:[0m Inserted 11 15m candles for FORMUSDT
[2m2026-01-29T07:29:47.056097Z[0m [32m INFO[0m [2mingestor_pairs::candles[0m[2m:[0m Loading 4h timeframe for FORMUSDT
[2m2026-01-29T07:29:47.424279Z[0m [32m INFO[0m [2mingestor_pairs::candles[0m[2m:[0m Inserted 0 4h candles for FORMUSDT
[2m2026-01-29T07:29:47.427209Z[0m [32m INFO[0m [2mingestor_pairs::candles[0m[2m:[0m Inserted 3 1h candles for FORMUSDT
[2m2026-01-29T07:29:47.427446Z[0m [32m INFO[0m [2mingestor_pairs::candles[0m[2m:[0m Loading 1d timeframe for FORMUSDT
[2m2026-01-29T07:29:47.430348Z[0m [32m INFO[0m [2mingestor_pairs::candles[0m[2m:[0m Loading 1m timeframe for BROCCOLI714USDT
[2m2026-01-29T07:29:47.732130Z[0m [32m INFO[0m [2mingestor_pairs::candles[0m[2m:[0m Inserted 0 1d candles for FORMUSDT
[2m2026-01-29T07:29:47.740897Z[0m [32m INFO[0m [2mingestor_pairs::candles[0m[2m:[0m Loading 5m timeframe for BROCCOLI714USDT
[2m2026-01-29T07:29:47.766999Z[0m [32m INFO[0m [2mingestor_pairs::candles[0m[2m:[0m Inserted 169 1m candles for BROCCOLI714USDT
[2m2026-01-29T07:29:47.781589Z[0m [32m INFO[0m [2mingestor_pairs::candles[0m[2m:[0m Loading 15m timeframe for BROCCOLI714USDT
[2m2026-01-29T07:29:48.147339Z[0m [32m INFO[0m [2mingestor_pairs::candles[0m[2m:[0m Inserted 11 15m candles for BROCCOLI714USDT
[2m2026-01-29T07:29:48.148812Z[0m [32m INFO[0m [2mingestor_pairs::candles[0m[2m:[0m Inserted 33 5m candles for BROCCOLI714USDT
[2m2026-01-29T07:29:48.157771Z[0m [32m INFO[0m [2mingestor_pairs::candles[0m[2m:[0m Loading 1h timeframe for BROCCOLI714USDT
[2m2026-01-29T07:29:48.158395Z[0m [32m INFO[0m [2mingestor_pairs::candles[0m[2m:[0m Loading 4h timeframe for BROCCOLI714USDT
[2m2026-01-29T07:29:48.493728Z[0m [32m INFO[0m [2mingestor_pairs::candles[0m[2m:[0m Inserted 0 4h candles for BROCCOLI714USDT
[2m2026-01-29T07:29:48.501756Z[0m [32m INFO[0m [2mingestor_pairs::candles[0m[2m:[0m Inserted 3 1h candles for BROCCOLI714USDT
[2m2026-01-29T07:29:48.502971Z[0m [32m INFO[0m [2mingestor_pairs::candles[0m[2m:[0m Loading 1d timeframe for BROCCOLI714USDT
[2m2026-01-29T07:29:48.513059Z[0m [32m INFO[0m [2mingestor_pairs::candles[0m[2m:[0m Loading 1m timeframe for BANANAS31USDT
[2m2026-01-29T07:29:48.820262Z[0m [32m INFO[0m [2mingestor_pairs::candles[0m[2m:[0m Inserted 0 1d candles for BROCCOLI714USDT
[2m2026-01-29T07:29:48.829623Z[0m [32m INFO[0m [2mingestor_pairs::candles[0m[2m:[0m Loading 5m timeframe for BANANAS31USDT
[2m2026-01-29T07:29:48.856499Z[0m [32m INFO[0m [2mingestor_pairs::candles[0m[2m:[0m Inserted 169 1m candles for BANANAS31USDT
[2m2026-01-29T07:29:48.867062Z[0m [32m INFO[0m [2mingestor_pairs::candles[0m[2m:[0m Loading 15m timeframe for BANANAS31USDT
[2m2026-01-29T07:29:49.174508Z[0m [32m INFO[0m [2mingestor_pairs::candles[0m[2m:[0m Inserted 33 5m candles for BANANAS31USDT
[2m2026-01-29T07:29:49.180975Z[0m [32m INFO[0m [2mingestor_pairs::candles[0m[2m:[0m Inserted 11 15m candles for BANANAS31USDT
[2m2026-01-29T07:29:49.184054Z[0m [32m INFO[0m [2mingestor_pairs::candles[0m[2m:[0m Loading 1h timeframe for BANANAS31USDT
[2m2026-01-29T07:29:49.191500Z[0m [32m INFO[0m [2mingestor_pairs::candles[0m[2m:[0m Loading 4h timeframe for BANANAS31USDT
[2m2026-01-29T07:29:49.573440Z[0m [32m INFO[0m [2mingestor_pairs::candles[0m[2m:[0m Inserted 0 4h candles for BANANAS31USDT
[2m2026-01-29T07:29:49.580365Z[0m [32m INFO[0m [2mingestor_pairs::candles[0m[2m:[0m Inserted 3 1h candles for BANANAS31USDT
[2m2026-01-29T07:29:49.583967Z[0m [32m INFO[0m [2mingestor_pairs::candles[0m[2m:[0m Loading 1d timeframe for BANANAS31USDT
[2m2026-01-29T07:29:49.591542Z[0m [32m INFO[0m [2mingestor_pairs::candles[0m[2m:[0m Loading 1m timeframe for BRUSDT
[2m2026-01-29T07:29:49.984840Z[0m [32m INFO[0m [2mingestor_pairs::candles[0m[2m:[0m Inserted 0 1d candles for BANANAS31USDT
[2m2026-01-29T07:29:49.993616Z[0m [32m INFO[0m [2mingestor_pairs::candles[0m[2m:[0m Loading 5m timeframe for BRUSDT
[2m2026-01-29T07:29:50.021636Z[0m [32m INFO[0m [2mingestor_pairs::candles[0m[2m:[0m Inserted 169 1m candles for BRUSDT
[2m2026-01-29T07:29:50.036255Z[0m [32m INFO[0m [2mingestor_pairs::candles[0m[2m:[0m Loading 15m timeframe for BRUSDT
[2m2026-01-29T07:29:50.400863Z[0m [32m INFO[0m [2mingestor_pairs::candles[0m[2m:[0m Inserted 11 15m candles for BRUSDT
[2m2026-01-29T07:29:50.402255Z[0m [32m INFO[0m [2mingestor_pairs::candles[0m[2m:[0m Inserted 33 5m candles for BRUSDT
[2m2026-01-29T07:29:50.410167Z[0m [32m INFO[0m [2mingestor_pairs::candles[0m[2m:[0m Loading 1h timeframe for BRUSDT
[2m2026-01-29T07:29:50.412040Z[0m [32m INFO[0m [2mingestor_pairs::candles[0m[2m:[0m Loading 4h timeframe for BRUSDT
[2m2026-01-29T07:29:50.720647Z[0m [32m INFO[0m [2mingestor_pairs::candles[0m[2m:[0m Inserted 3 1h candles for BRUSDT
[2m2026-01-29T07:29:50.725234Z[0m [32m INFO[0m [2mingestor_pairs::candles[0m[2m:[0m Inserted 0 4h candles for BRUSDT
[2m2026-01-29T07:29:50.730101Z[0m [32m INFO[0m [2mingestor_pairs::candles[0m[2m:[0m Loading 1d timeframe for BRUSDT
[2m2026-01-29T07:29:50.734889Z[0m [32m INFO[0m [2mingestor_pairs::candles[0m[2m:[0m Loading 1m timeframe for PLUMEUSDT
[2m2026-01-29T07:29:51.110667Z[0m [32m INFO[0m [2mingestor_pairs::candles[0m[2m:[0m Inserted 0 1d candles for BRUSDT
[2m2026-01-29T07:29:51.122229Z[0m [32m INFO[0m [2mingestor_pairs::candles[0m[2m:[0m Loading 5m timeframe for PLUMEUSDT
[2m2026-01-29T07:29:51.147831Z[0m [32m INFO[0m [2mingestor_pairs::candles[0m[2m:[0m Inserted 169 1m candles for PLUMEUSDT
[2m2026-01-29T07:29:51.160381Z[0m [32m INFO[0m [2mingestor_pairs::candles[0m[2m:[0m Loading 15m timeframe for PLUMEUSDT
[2m2026-01-29T07:29:51.527312Z[0m [32m INFO[0m [2mingestor_pairs::candles[0m[2m:[0m Inserted 11 15m candles for PLUMEUSDT
[2m2026-01-29T07:29:51.528347Z[0m [32m INFO[0m [2mingestor_pairs::candles[0m[2m:[0m Inserted 33 5m candles for PLUMEUSDT
[2m2026-01-29T07:29:51.531642Z[0m [32m INFO[0m [2mingestor_pairs::candles[0m[2m:[0m Loading 1h timeframe for PLUMEUSDT
[2m2026-01-29T07:29:51.532194Z[0m [32m INFO[0m [2mingestor_pairs::candles[0m[2m:[0m Loading 4h timeframe for PLUMEUSDT
[2m2026-01-29T07:29:51.928371Z[0m [32m INFO[0m [2mingestor_pairs::candles[0m[2m:[0m Inserted 0 4h candles for PLUMEUSDT
[2m2026-01-29T07:29:51.934507Z[0m [32m INFO[0m [2mingestor_pairs::candles[0m[2m:[0m Inserted 3 1h candles for PLUMEUSDT
[2m2026-01-29T07:29:51.939305Z[0m [32m INFO[0m [2mingestor_pairs::candles[0m[2m:[0m Loading 1d timeframe for PLUMEUSDT
[2m2026-01-29T07:29:51.943143Z[0m [32m INFO[0m [2mingestor_pairs::candles[0m[2m:[0m Loading 1m timeframe for PARTIUSDT
[2m2026-01-29T07:29:52.338919Z[0m [32m INFO[0m [2mingestor_pairs::candles[0m[2m:[0m Inserted 0 1d candles for PLUMEUSDT
[2m2026-01-29T07:29:52.348590Z[0m [32m INFO[0m [2mingestor_pairs::candles[0m[2m:[0m Loading 5m timeframe for PARTIUSDT
[2m2026-01-29T07:29:52.373599Z[0m [32m INFO[0m [2mingestor_pairs::candles[0m[2m:[0m Inserted 169 1m candles for PARTIUSDT
[2m2026-01-29T07:29:52.388274Z[0m [32m INFO[0m [2mingestor_pairs::candles[0m[2m:[0m Loading 15m timeframe for PARTIUSDT
[2m2026-01-29T07:29:52.758448Z[0m [32m INFO[0m [2mingestor_pairs::candles[0m[2m:[0m Inserted 33 5m candles for PARTIUSDT
[2m2026-01-29T07:29:52.768062Z[0m [32m INFO[0m [2mingestor_pairs::candles[0m[2m:[0m Loading 1h timeframe for PARTIUSDT
[2m2026-01-29T07:29:53.081631Z[0m [32m INFO[0m [2mingestor_pairs::candles[0m[2m:[0m Inserted 3 1h candles for PARTIUSDT
[2m2026-01-29T07:29:53.089794Z[0m [32m INFO[0m [2mingestor_pairs::candles[0m[2m:[0m Loading 4h timeframe for PARTIUSDT
[2m2026-01-29T07:29:53.371118Z[0m [32m INFO[0m [2mingestor_pairs::candles[0m[2m:[0m Inserted 11 15m candles for PARTIUSDT
[2m2026-01-29T07:29:53.379958Z[0m [32m INFO[0m [2mingestor_pairs::candles[0m[2m:[0m Loading 1d timeframe for PARTIUSDT
[2m2026-01-29T07:29:53.398783Z[0m [32m INFO[0m [2mingestor_pairs::candles[0m[2m:[0m Inserted 0 4h candles for PARTIUSDT
[2m2026-01-29T07:29:53.410628Z[0m [32m INFO[0m [2mingestor_pairs::candles[0m[2m:[0m Loading 1m timeframe for JELLYJELLYUSDT
[2m2026-01-29T07:29:53.772160Z[0m [32m INFO[0m [2mingestor_pairs::candles[0m[2m:[0m Inserted 0 1d candles for PARTIUSDT
[2m2026-01-29T07:29:53.781424Z[0m [32m INFO[0m [2mingestor_pairs::candles[0m[2m:[0m Loading 5m timeframe for JELLYJELLYUSDT
[2m2026-01-29T07:29:53.819966Z[0m [32m INFO[0m [2mingestor_pairs::candles[0m[2m:[0m Inserted 169 1m candles for JELLYJELLYUSDT
[2m2026-01-29T07:29:53.830564Z[0m [32m INFO[0m [2mingestor_pairs::candles[0m[2m:[0m Loading 15m timeframe for JELLYJELLYUSDT
[2m2026-01-29T07:29:54.189154Z[0m [32m INFO[0m [2mingestor_pairs::candles[0m[2m:[0m Inserted 11 15m candles for JELLYJELLYUSDT
[2m2026-01-29T07:29:54.190656Z[0m [32m INFO[0m [2mingestor_pairs::candles[0m[2m:[0m Inserted 33 5m candles for JELLYJELLYUSDT
[2m2026-01-29T07:29:54.199184Z[0m [32m INFO[0m [2mingestor_pairs::candles[0m[2m:[0m Loading 1h timeframe for JELLYJELLYUSDT
[2m2026-01-29T07:29:54.201254Z[0m [32m INFO[0m [2mingestor_pairs::candles[0m[2m:[0m Loading 4h timeframe for JELLYJELLYUSDT
[2m2026-01-29T07:29:54.591283Z[0m [32m INFO[0m [2mingestor_pairs::candles[0m[2m:[0m Inserted 0 4h candles for JELLYJELLYUSDT
[2m2026-01-29T07:29:54.599366Z[0m [32m INFO[0m [2mingestor_pairs::candles[0m[2m:[0m Inserted 3 1h candles for JELLYJELLYUSDT
[2m2026-01-29T07:29:54.600767Z[0m [32m INFO[0m [2mingestor_pairs::candles[0m[2m:[0m Loading 1d timeframe for JELLYJELLYUSDT
[2m2026-01-29T07:29:54.611049Z[0m [32m INFO[0m [2mingestor_pairs::candles[0m[2m:[0m Loading 1m timeframe for WALUSDT
[2m2026-01-29T07:29:54.921347Z[0m [32m INFO[0m [2mingestor_pairs::candles[0m[2m:[0m Inserted 0 1d candles for JELLYJELLYUSDT
[2m2026-01-29T07:29:54.931385Z[0m [32m INFO[0m [2mingestor_pairs::candles[0m[2m:[0m Loading 1d timeframe for MELANIAUSDT
[2m2026-01-29T07:29:54.954380Z[0m [32m INFO[0m [2mingestor_pairs::candles[0m[2m:[0m Inserted 169 1m candles for WALUSDT
[2m2026-01-29T07:29:54.965950Z[0m [32m INFO[0m [2mingestor_pairs::candles[0m[2m:[0m Loading 5m timeframe for WALUSDT
[2m2026-01-29T07:29:55.307591Z[0m [32m INFO[0m [2mingestor_pairs::candles[0m[2m:[0m Inserted 0 1d candles for MELANIAUSDT
[2m2026-01-29T07:29:55.317442Z[0m [32m INFO[0m [2mingestor_pairs::candles[0m[2m:[0m Inserted 33 5m candles for WALUSDT
[2m2026-01-29T07:29:55.318709Z[0m [32m INFO[0m [2mingestor_pairs::candles[0m[2m:[0m Loading 15m timeframe for WALUSDT
[2m2026-01-29T07:29:55.336845Z[0m [32m INFO[0m [2mingestor_pairs::candles[0m[2m:[0m Loading 1h timeframe for WALUSDT
[2m2026-01-29T07:29:55.641121Z[0m [32m INFO[0m [2mingestor_pairs::candles[0m[2m:[0m Inserted 11 15m candles for WALUSDT
[2m2026-01-29T07:29:55.649856Z[0m [32m INFO[0m [2mingestor_pairs::candles[0m[2m:[0m Loading 4h timeframe for WALUSDT
[2m2026-01-29T07:29:55.652607Z[0m [32m INFO[0m [2mingestor_pairs::candles[0m[2m:[0m Inserted 3 1h candles for WALUSDT
[2m2026-01-29T07:29:55.662570Z[0m [32m INFO[0m [2mingestor_pairs::candles[0m[2m:[0m Loading 1d timeframe for WALUSDT
[2m2026-01-29T07:29:56.024765Z[0m [32m INFO[0m [2mingestor_pairs::candles[0m[2m:[0m Inserted 0 4h candles for WALUSDT
[2m2026-01-29T07:29:56.024896Z[0m [32m INFO[0m [2mingestor_pairs::candles[0m[2m:[0m Inserted 0 1d candles for WALUSDT
[2m2026-01-29T07:29:56.035257Z[0m [32m INFO[0m [2mingestor_pairs::candles[0m[2m:[0m Loading 1m timeframe for FUNUSDT
[2m2026-01-29T07:29:56.036776Z[0m [32m INFO[0m [2mingestor_pairs::candles[0m[2m:[0m Loading 5m timeframe for FUNUSDT
[2m2026-01-29T07:29:56.442503Z[0m [32m INFO[0m [2mingestor_pairs::candles[0m[2m:[0m Inserted 33 5m candles for FUNUSDT
[2m2026-01-29T07:29:56.450493Z[0m [32m INFO[0m [2mingestor_pairs::candles[0m[2m:[0m Loading 1h timeframe for FUNUSDT
[2m2026-01-29T07:29:56.465141Z[0m [32m INFO[0m [2mingestor_pairs::candles[0m[2m:[0m Inserted 169 1m candles for FUNUSDT
[2m2026-01-29T07:29:56.476508Z[0m [32m INFO[0m [2mingestor_pairs::candles[0m[2m:[0m Loading 4h timeframe for FUNUSDT
[2m2026-01-29T07:29:56.843741Z[0m [32m INFO[0m [2mingestor_pairs::candles[0m[2m:[0m Inserted 0 4h candles for FUNUSDT
[2m2026-01-29T07:29:56.850306Z[0m [32m INFO[0m [2mingestor_pairs::candles[0m[2m:[0m Inserted 3 1h candles for FUNUSDT
[2m2026-01-29T07:29:56.853085Z[0m [32m INFO[0m [2mingestor_pairs::candles[0m[2m:[0m Loading 1d timeframe for FUNUSDT
[2m2026-01-29T07:29:56.861468Z[0m [32m INFO[0m [2mingestor_pairs::candles[0m[2m:[0m Loading 1m timeframe for GUNUSDT
[2m2026-01-29T07:29:57.170673Z[0m [32m INFO[0m [2mingestor_pairs::candles[0m[2m:[0m Inserted 0 1d candles for FUNUSDT
[2m2026-01-29T07:29:57.180430Z[0m [32m INFO[0m [2mingestor_pairs::candles[0m[2m:[0m Loading 5m timeframe for GUNUSDT
[2m2026-01-29T07:29:57.218735Z[0m [32m INFO[0m [2mingestor_pairs::candles[0m[2m:[0m Inserted 169 1m candles for GUNUSDT
[2m2026-01-29T07:29:57.231715Z[0m [32m INFO[0m [2mingestor_pairs::candles[0m[2m:[0m Loading 15m timeframe for GUNUSDT
[2m2026-01-29T07:29:57.498846Z[0m [32m INFO[0m [2mingestor_pairs::candles[0m[2m:[0m Inserted 33 5m candles for GUNUSDT
[2m2026-01-29T07:29:57.507519Z[0m [32m INFO[0m [2mingestor_pairs::candles[0m[2m:[0m Loading 1h timeframe for GUNUSDT
[2m2026-01-29T07:29:57.552025Z[0m [32m INFO[0m [2mingestor_pairs::candles[0m[2m:[0m Inserted 11 15m candles for GUNUSDT
[2m2026-01-29T07:29:57.564237Z[0m [32m INFO[0m [2mingestor_pairs::candles[0m[2m:[0m Loading 4h timeframe for GUNUSDT
[2m2026-01-29T07:29:57.868694Z[0m [32m INFO[0m [2mingestor_pairs::candles[0m[2m:[0m Inserted 0 4h candles for GUNUSDT
[2m2026-01-29T07:29:57.875117Z[0m [32m INFO[0m [2mingestor_pairs::candles[0m[2m:[0m Inserted 3 1h candles for GUNUSDT
[2m2026-01-29T07:29:57.880355Z[0m [32m INFO[0m [2mingestor_pairs::candles[0m[2m:[0m Loading 15m timeframe for FUNUSDT
[2m2026-01-29T07:29:57.884650Z[0m [32m INFO[0m [2mingestor_pairs::candles[0m[2m:[0m Loading 1d timeframe for GUNUSDT
[2m2026-01-29T07:29:58.277712Z[0m [32m INFO[0m [2mingestor_pairs::candles[0m[2m:[0m Inserted 0 1d candles for GUNUSDT
[2m2026-01-29T07:29:58.284549Z[0m [32m INFO[0m [2mingestor_pairs::candles[0m[2m:[0m Inserted 11 15m candles for FUNUSDT
[2m2026-01-29T07:29:58.286357Z[0m [32m INFO[0m [2mingestor_pairs::candles[0m[2m:[0m Loading 1m timeframe for ATHUSDT
[2m2026-01-29T07:29:58.300056Z[0m [32m INFO[0m [2mingestor_pairs::candles[0m[2m:[0m Loading 5m timeframe for ATHUSDT
[2m2026-01-29T07:29:58.696962Z[0m [32m INFO[0m [2mingestor_pairs::candles[0m[2m:[0m Inserted 33 5m candles for ATHUSDT
[2m2026-01-29T07:29:58.705289Z[0m [32m INFO[0m [2mingestor_pairs::candles[0m[2m:[0m Loading 15m timeframe for ATHUSDT
[2m2026-01-29T07:29:58.718464Z[0m [32m INFO[0m [2mingestor_pairs::candles[0m[2m:[0m Inserted 169 1m candles for ATHUSDT
[2m2026-01-29T07:29:58.732765Z[0m [32m INFO[0m [2mingestor_pairs::candles[0m[2m:[0m Loading 1h timeframe for ATHUSDT
[2m2026-01-29T07:29:59.102466Z[0m [32m INFO[0m [2mingestor_pairs::candles[0m[2m:[0m Inserted 3 1h candles for ATHUSDT
[2m2026-01-29T07:29:59.103133Z[0m [32m INFO[0m [2mingestor_pairs::candles[0m[2m:[0m Inserted 11 15m candles for ATHUSDT
[2m2026-01-29T07:29:59.111468Z[0m [32m INFO[0m [2mingestor_pairs::candles[0m[2m:[0m Loading 4h timeframe for ATHUSDT
[2m2026-01-29T07:29:59.114452Z[0m [32m INFO[0m [2mingestor_pairs::candles[0m[2m:[0m Loading 1d timeframe for ATHUSDT
[2m2026-01-29T07:29:59.418342Z[0m [32m INFO[0m [2mingestor_pairs::candles[0m[2m:[0m Inserted 0 4h candles for ATHUSDT
[2m2026-01-29T07:29:59.427789Z[0m [32m INFO[0m [2mingestor_pairs::candles[0m[2m:[0m Loading 1m timeframe for BABYUSDT
[2m2026-01-29T07:29:59.438495Z[0m [32m INFO[0m [2mingestor_pairs::candles[0m[2m:[0m Inserted 0 1d candles for ATHUSDT
[2m2026-01-29T07:29:59.454453Z[0m [32m INFO[0m [2mingestor_pairs::candles[0m[2m:[0m Loading 5m timeframe for BABYUSDT
[2m2026-01-29T07:29:59.818360Z[0m [32m INFO[0m [2mingestor_pairs::candles[0m[2m:[0m Inserted 33 5m candles for BABYUSDT
[2m2026-01-29T07:29:59.821574Z[0m [32m INFO[0m [2mingestor_pairs::candles[0m[2m:[0m Loading 15m timeframe for BABYUSDT
[2m2026-01-29T07:29:59.825249Z[0m [32m INFO[0m [2mingestor_pairs::candles[0m[2m:[0m Inserted 169 1m candles for BABYUSDT
[2m2026-01-29T07:29:59.830117Z[0m [32m INFO[0m [2mingestor_pairs::candles[0m[2m:[0m Loading 1h timeframe for BABYUSDT
[2m2026-01-29T07:30:00.128738Z[0m [32m INFO[0m [2mingestor_pairs::candles[0m[2m:[0m Inserted 11 15m candles for BABYUSDT
[2m2026-01-29T07:30:00.135293Z[0m [32m INFO[0m [2mingestor_pairs::candles[0m[2m:[0m Inserted 3 1h candles for BABYUSDT
[2m2026-01-29T07:30:00.140430Z[0m [32m INFO[0m [2mingestor_pairs::candles[0m[2m:[0m Loading 4h timeframe for BABYUSDT
[2m2026-01-29T07:30:00.147065Z[0m [32m INFO[0m [2mingestor_pairs::candles[0m[2m:[0m Loading 1d timeframe for BABYUSDT
[2m2026-01-29T07:30:00.529783Z[0m [32m INFO[0m [2mingestor_pairs::candles[0m[2m:[0m Inserted 0 1d candles for BABYUSDT
[2m2026-01-29T07:30:00.529878Z[0m [32m INFO[0m [2mingestor_pairs::candles[0m[2m:[0m Inserted 0 4h candles for BABYUSDT
[2m2026-01-29T07:30:00.540082Z[0m [32m INFO[0m [2mingestor_pairs::candles[0m[2m:[0m Loading 1m timeframe for PROMPTUSDT
[2m2026-01-29T07:30:00.541145Z[0m [32m INFO[0m [2mingestor_pairs::candles[0m[2m:[0m Loading 5m timeframe for PROMPTUSDT
[2m2026-01-29T07:30:00.950460Z[0m [32m INFO[0m [2mingestor_pairs::candles[0m[2m:[0m Inserted 33 5m candles for PROMPTUSDT
[2m2026-01-29T07:30:00.957733Z[0m [32m INFO[0m [2mingestor_pairs::candles[0m[2m:[0m Loading 15m timeframe for PROMPTUSDT
[2m2026-01-29T07:30:00.966231Z[0m [32m INFO[0m [2mingestor_pairs::candles[0m[2m:[0m Inserted 169 1m candles for PROMPTUSDT
[2m2026-01-29T07:30:00.970519Z[0m [32m INFO[0m [2mingestor_pairs::candles[0m[2m:[0m Loading 1h timeframe for PROMPTUSDT
[2m2026-01-29T07:30:01.358293Z[0m [32m INFO[0m [2mingestor_pairs::candles[0m[2m:[0m Inserted 3 1h candles for PROMPTUSDT
[2m2026-01-29T07:30:01.359059Z[0m [32m INFO[0m [2mingestor_pairs::candles[0m[2m:[0m Inserted 11 15m candles for PROMPTUSDT
[2m2026-01-29T07:30:01.367791Z[0m [32m INFO[0m [2mingestor_pairs::candles[0m[2m:[0m Loading 4h timeframe for PROMPTUSDT
[2m2026-01-29T07:30:01.369196Z[0m [32m INFO[0m [2mingestor_pairs::candles[0m[2m:[0m Loading 1d timeframe for PROMPTUSDT
[2m2026-01-29T07:30:01.667416Z[0m [32m INFO[0m [2mingestor_pairs::candles[0m[2m:[0m Inserted 0 4h candles for PROMPTUSDT
[2m2026-01-29T07:30:01.670101Z[0m [32m INFO[0m [2mingestor_pairs::candles[0m[2m:[0m Inserted 0 1d candles for PROMPTUSDT
[2m2026-01-29T07:30:01.675884Z[0m [32m INFO[0m [2mingestor_pairs::candles[0m[2m:[0m Loading 1m timeframe for STOUSDT
[2m2026-01-29T07:30:01.679689Z[0m [32m INFO[0m [2mingestor_pairs::candles[0m[2m:[0m Loading 5m timeframe for STOUSDT
[2m2026-01-29T07:30:01.996450Z[0m [32m INFO[0m [2mingestor_pairs::candles[0m[2m:[0m Inserted 33 5m candles for STOUSDT
[2m2026-01-29T07:30:02.004298Z[0m [32m INFO[0m [2mingestor_pairs::candles[0m[2m:[0m Loading 15m timeframe for STOUSDT
[2m2026-01-29T07:30:02.019294Z[0m [32m INFO[0m [2mingestor_pairs::candles[0m[2m:[0m Inserted 169 1m candles for STOUSDT
[2m2026-01-29T07:30:02.031281Z[0m [32m INFO[0m [2mingestor_pairs::candles[0m[2m:[0m Loading 1h timeframe for STOUSDT
[2m2026-01-29T07:30:02.317877Z[0m [32m INFO[0m [2mingestor_pairs::candles[0m[2m:[0m Inserted 11 15m candles for STOUSDT
[2m2026-01-29T07:30:02.326734Z[0m [32m INFO[0m [2mingestor_pairs::candles[0m[2m:[0m Loading 4h timeframe for STOUSDT
[2m2026-01-29T07:30:02.346133Z[0m [32m INFO[0m [2mingestor_pairs::candles[0m[2m:[0m Inserted 3 1h candles for STOUSDT
[2m2026-01-29T07:30:02.360107Z[0m [32m INFO[0m [2mingestor_pairs::candles[0m[2m:[0m Loading 1d timeframe for STOUSDT
[2m2026-01-29T07:30:02.682099Z[0m [32m INFO[0m [2mingestor_pairs::candles[0m[2m:[0m Inserted 0 4h candles for STOUSDT
[2m2026-01-29T07:30:02.682156Z[0m [32m INFO[0m [2mingestor_pairs::candles[0m[2m:[0m Inserted 0 1d candles for STOUSDT
[2m2026-01-29T07:30:02.692475Z[0m [32m INFO[0m [2mingestor_pairs::candles[0m[2m:[0m Loading 5m timeframe for FHEUSDT
[2m2026-01-29T07:30:02.694383Z[0m [32m INFO[0m [2mingestor_pairs::candles[0m[2m:[0m Loading 1m timeframe for FHEUSDT
[2m2026-01-29T07:30:03.098525Z[0m [32m INFO[0m [2mingestor_pairs::candles[0m[2m:[0m Inserted 34 5m candles for FHEUSDT
[2m2026-01-29T07:30:03.106642Z[0m [32m INFO[0m [2mingestor_pairs::candles[0m[2m:[0m Loading 15m timeframe for FHEUSDT
[2m2026-01-29T07:30:03.122428Z[0m [32m INFO[0m [2mingestor_pairs::candles[0m[2m:[0m Inserted 169 1m candles for FHEUSDT
[2m2026-01-29T07:30:03.133079Z[0m [32m INFO[0m [2mingestor_pairs::candles[0m[2m:[0m Loading 1h timeframe for FHEUSDT
[2m2026-01-29T07:30:03.506652Z[0m [32m INFO[0m [2mingestor_pairs::candles[0m[2m:[0m Inserted 3 1h candles for FHEUSDT
[2m2026-01-29T07:30:03.507405Z[0m [32m INFO[0m [2mingestor_pairs::candles[0m[2m:[0m Inserted 11 15m candles for FHEUSDT
[2m2026-01-29T07:30:03.516031Z[0m [32m INFO[0m [2mingestor_pairs::candles[0m[2m:[0m Loading 1d timeframe for FHEUSDT
[2m2026-01-29T07:30:03.517834Z[0m [32m INFO[0m [2mingestor_pairs::candles[0m[2m:[0m Loading 4h timeframe for FHEUSDT
[2m2026-01-29T07:30:03.836463Z[0m [32m INFO[0m [2mingestor_pairs::candles[0m[2m:[0m Inserted 0 1d candles for FHEUSDT
[2m2026-01-29T07:30:03.836489Z[0m [32m INFO[0m [2mingestor_pairs::candles[0m[2m:[0m Inserted 0 4h candles for FHEUSDT
[2m2026-01-29T07:30:03.845007Z[0m [32m INFO[0m [2mingestor_pairs::candles[0m[2m:[0m Loading 5m timeframe for KERNELUSDT
[2m2026-01-29T07:30:03.847954Z[0m [32m INFO[0m [2mingestor_pairs::candles[0m[2m:[0m Loading 1m timeframe for KERNELUSDT
[2m2026-01-29T07:30:04.162712Z[0m [32m INFO[0m [2mingestor_pairs::candles[0m[2m:[0m Inserted 33 5m candles for KERNELUSDT
[2m2026-01-29T07:30:04.171215Z[0m [32m INFO[0m [2mingestor_pairs::candles[0m[2m:[0m Loading 15m timeframe for KERNELUSDT
[2m2026-01-29T07:30:04.188338Z[0m [32m INFO[0m [2mingestor_pairs::candles[0m[2m:[0m Inserted 169 1m candles for KERNELUSDT
[2m2026-01-29T07:30:04.199593Z[0m [32m INFO[0m [2mingestor_pairs::candles[0m[2m:[0m Loading 1h timeframe for KERNELUSDT
[2m2026-01-29T07:30:04.530802Z[0m [32m INFO[0m [2mingestor_pairs::candles[0m[2m:[0m Inserted 3 1h candles for KERNELUSDT
[2m2026-01-29T07:30:04.531485Z[0m [32m INFO[0m [2mingestor_pairs::candles[0m[2m:[0m Inserted 11 15m candles for KERNELUSDT
[2m2026-01-29T07:30:04.540884Z[0m [32m INFO[0m [2mingestor_pairs::candles[0m[2m:[0m Loading 4h timeframe for KERNELUSDT
[2m2026-01-29T07:30:04.542382Z[0m [32m INFO[0m [2mingestor_pairs::candles[0m[2m:[0m Loading 1d timeframe for KERNELUSDT
[2m2026-01-29T07:30:04.851640Z[0m [32m INFO[0m [2mingestor_pairs::candles[0m[2m:[0m Inserted 0 4h candles for KERNELUSDT
[2m2026-01-29T07:30:04.859737Z[0m [32m INFO[0m [2mingestor_pairs::candles[0m[2m:[0m Loading 1m timeframe for WCTUSDT
[2m2026-01-29T07:30:04.867807Z[0m [32m INFO[0m [2mingestor_pairs::candles[0m[2m:[0m Inserted 0 1d candles for KERNELUSDT
[2m2026-01-29T07:30:04.882633Z[0m [32m INFO[0m [2mingestor_pairs::candles[0m[2m:[0m Loading 5m timeframe for WCTUSDT
[2m2026-01-29T07:30:05.250213Z[0m [32m INFO[0m [2mingestor_pairs::candles[0m[2m:[0m Inserted 34 5m candles for WCTUSDT
[2m2026-01-29T07:30:05.258510Z[0m [32m INFO[0m [2mingestor_pairs::candles[0m[2m:[0m Loading 15m timeframe for WCTUSDT
[2m2026-01-29T07:30:05.276295Z[0m [32m INFO[0m [2mingestor_pairs::candles[0m[2m:[0m Inserted 169 1m candles for WCTUSDT
[2m2026-01-29T07:30:05.287679Z[0m [32m INFO[0m [2mingestor_pairs::candles[0m[2m:[0m Loading 1h timeframe for WCTUSDT
[2m2026-01-29T07:30:05.655912Z[0m [32m INFO[0m [2mingestor_pairs::candles[0m[2m:[0m Inserted 3 1h candles for WCTUSDT
[2m2026-01-29T07:30:05.656357Z[0m [32m INFO[0m [2mingestor_pairs::candles[0m[2m:[0m Inserted 12 15m candles for WCTUSDT
[2m2026-01-29T07:30:05.662279Z[0m [32m INFO[0m [2mingestor_pairs::candles[0m[2m:[0m Loading 4h timeframe for WCTUSDT
[2m2026-01-29T07:30:05.663228Z[0m [32m INFO[0m [2mingestor_pairs::candles[0m[2m:[0m Loading 1d timeframe for WCTUSDT
[2m2026-01-29T07:30:05.956937Z[0m [32m INFO[0m [2mingestor_pairs::candles[0m[2m:[0m Inserted 0 4h candles for WCTUSDT
[2m2026-01-29T07:30:05.962686Z[0m [32m INFO[0m [2mingestor_pairs::candles[0m[2m:[0m Inserted 0 1d candles for WCTUSDT
[2m2026-01-29T07:30:05.966289Z[0m [32m INFO[0m [2mingestor_pairs::candles[0m[2m:[0m Loading 1m timeframe for INITUSDT
[2m2026-01-29T07:30:05.972038Z[0m [32m INFO[0m [2mingestor_pairs::candles[0m[2m:[0m Loading 5m timeframe for INITUSDT
[2m2026-01-29T07:30:06.290755Z[0m [32m INFO[0m [2mingestor_pairs::candles[0m[2m:[0m Inserted 34 5m candles for INITUSDT
[2m2026-01-29T07:30:06.299272Z[0m [32m INFO[0m [2mingestor_pairs::candles[0m[2m:[0m Loading 15m timeframe for INITUSDT
[2m2026-01-29T07:30:06.322394Z[0m [32m INFO[0m [2mingestor_pairs::candles[0m[2m:[0m Inserted 170 1m candles for INITUSDT
[2m2026-01-29T07:30:06.333838Z[0m [32m INFO[0m [2mingestor_pairs::candles[0m[2m:[0m Loading 1h timeframe for INITUSDT
[2m2026-01-29T07:30:06.620867Z[0m [32m INFO[0m [2mingestor_pairs::candles[0m[2m:[0m Inserted 12 15m candles for INITUSDT
[2m2026-01-29T07:30:06.629475Z[0m [32m INFO[0m [2mingestor_pairs::candles[0m[2m:[0m Loading 4h timeframe for INITUSDT
[2m2026-01-29T07:30:06.651234Z[0m [32m INFO[0m [2mingestor_pairs::candles[0m[2m:[0m Inserted 3 1h candles for INITUSDT
[2m2026-01-29T07:30:06.662842Z[0m [32m INFO[0m [2mingestor_pairs::candles[0m[2m:[0m Loading 1d timeframe for INITUSDT
[2m2026-01-29T07:30:06.984669Z[0m [32m INFO[0m [2mingestor_pairs::candles[0m[2m:[0m Inserted 0 1d candles for INITUSDT
[2m2026-01-29T07:30:06.984700Z[0m [32m INFO[0m [2mingestor_pairs::candles[0m[2m:[0m Inserted 0 4h candles for INITUSDT
[2m2026-01-29T07:30:06.994957Z[0m [32m INFO[0m [2mingestor_pairs::candles[0m[2m:[0m Loading 1m timeframe for EPTUSDT
[2m2026-01-29T07:30:06.996902Z[0m [32m INFO[0m [2mingestor_pairs::candles[0m[2m:[0m Loading 5m timeframe for EPTUSDT
[2m2026-01-29T07:30:07.401345Z[0m [32m INFO[0m [2mingestor_pairs::candles[0m[2m:[0m Inserted 33 5m candles for EPTUSDT
[2m2026-01-29T07:30:07.410490Z[0m [32m INFO[0m [2mingestor_pairs::candles[0m[2m:[0m Loading 15m timeframe for EPTUSDT
[2m2026-01-29T07:30:07.428232Z[0m [32m INFO[0m [2mingestor_pairs::candles[0m[2m:[0m Inserted 169 1m candles for EPTUSDT
[2m2026-01-29T07:30:07.440019Z[0m [32m INFO[0m [2mingestor_pairs::candles[0m[2m:[0m Loading 1h timeframe for EPTUSDT
[2m2026-01-29T07:30:07.807543Z[0m [32m INFO[0m [2mingestor_pairs::candles[0m[2m:[0m Inserted 3 1h candles for EPTUSDT
[2m2026-01-29T07:30:07.808111Z[0m [32m INFO[0m [2mingestor_pairs::candles[0m[2m:[0m Inserted 11 15m candles for EPTUSDT
[2m2026-01-29T07:30:07.816405Z[0m [32m INFO[0m [2mingestor_pairs::candles[0m[2m:[0m Loading 4h timeframe for EPTUSDT
[2m2026-01-29T07:30:07.817973Z[0m [32m INFO[0m [2mingestor_pairs::candles[0m[2m:[0m Loading 1d timeframe for EPTUSDT
[2m2026-01-29T07:30:08.130590Z[0m [32m INFO[0m [2mingestor_pairs::candles[0m[2m:[0m Inserted 0 4h candles for EPTUSDT
[2m2026-01-29T07:30:08.137764Z[0m [32m INFO[0m [2mingestor_pairs::candles[0m[2m:[0m Loading 1m timeframe for DEEPUSDT
[2m2026-01-29T07:30:08.140130Z[0m [32m INFO[0m [2mingestor_pairs::candles[0m[2m:[0m Inserted 0 1d candles for EPTUSDT
[2m2026-01-29T07:30:08.154890Z[0m [32m INFO[0m [2mingestor_pairs::candles[0m[2m:[0m Loading 5m timeframe for DEEPUSDT
[2m2026-01-29T07:30:08.526186Z[0m [32m INFO[0m [2mingestor_pairs::candles[0m[2m:[0m Inserted 34 5m candles for DEEPUSDT
[2m2026-01-29T07:30:08.536198Z[0m [32m INFO[0m [2mingestor_pairs::candles[0m[2m:[0m Loading 15m timeframe for DEEPUSDT
[2m2026-01-29T07:30:08.550294Z[0m [32m INFO[0m [2mingestor_pairs::candles[0m[2m:[0m Inserted 170 1m candles for DEEPUSDT
[2m2026-01-29T07:30:08.562729Z[0m [32m INFO[0m [2mingestor_pairs::candles[0m[2m:[0m Loading 1h timeframe for DEEPUSDT
[2m2026-01-29T07:30:08.936120Z[0m [32m INFO[0m [2mingestor_pairs::candles[0m[2m:[0m Inserted 3 1h candles for DEEPUSDT
[2m2026-01-29T07:30:08.936826Z[0m [32m INFO[0m [2mingestor_pairs::candles[0m[2m:[0m Inserted 12 15m candles for DEEPUSDT
[2m2026-01-29T07:30:08.946025Z[0m [32m INFO[0m [2mingestor_pairs::candles[0m[2m:[0m Loading 4h timeframe for DEEPUSDT
[2m2026-01-29T07:30:08.948161Z[0m [32m INFO[0m [2mingestor_pairs::candles[0m[2m:[0m Loading 1d timeframe for DEEPUSDT
[2m2026-01-29T07:30:09.337327Z[0m [32m INFO[0m [2mingestor_pairs::candles[0m[2m:[0m Inserted 0 4h candles for DEEPUSDT
[2m2026-01-29T07:30:09.337355Z[0m [32m INFO[0m [2mingestor_pairs::candles[0m[2m:[0m Inserted 0 1d candles for DEEPUSDT
[2m2026-01-29T07:30:09.346017Z[0m [32m INFO[0m [2mingestor_pairs::candles[0m[2m:[0m Loading 1m timeframe for HYPERUSDT
[2m2026-01-29T07:30:09.348632Z[0m [32m INFO[0m [2mingestor_pairs::candles[0m[2m:[0m Loading 5m timeframe for HYPERUSDT
[2m2026-01-29T07:30:09.758778Z[0m [32m INFO[0m [2mingestor_pairs::candles[0m[2m:[0m Inserted 34 5m candles for HYPERUSDT
[2m2026-01-29T07:30:09.766740Z[0m [32m INFO[0m [2mingestor_pairs::candles[0m[2m:[0m Loading 15m timeframe for HYPERUSDT
[2m2026-01-29T07:30:09.780699Z[0m [32m INFO[0m [2mingestor_pairs::candles[0m[2m:[0m Inserted 170 1m candles for HYPERUSDT
[2m2026-01-29T07:30:09.794656Z[0m [32m INFO[0m [2mingestor_pairs::candles[0m[2m:[0m Loading 1h timeframe for HYPERUSDT
[2m2026-01-29T07:30:10.160609Z[0m [32m INFO[0m [2mingestor_pairs::candles[0m[2m:[0m Inserted 3 1h candles for HYPERUSDT
[2m2026-01-29T07:30:10.160846Z[0m [32m INFO[0m [2mingestor_pairs::candles[0m[2m:[0m Inserted 12 15m candles for HYPERUSDT
[2m2026-01-29T07:30:10.164561Z[0m [32m INFO[0m [2mingestor_pairs::candles[0m[2m:[0m Loading 4h timeframe for HYPERUSDT
[2m2026-01-29T07:30:10.165065Z[0m [32m INFO[0m [2mingestor_pairs::candles[0m[2m:[0m Loading 1d timeframe for HYPERUSDT
[2m2026-01-29T07:30:10.570089Z[0m [32m INFO[0m [2mingestor_pairs::candles[0m[2m:[0m Inserted 0 4h candles for HYPERUSDT
[2m2026-01-29T07:30:10.570089Z[0m [32m INFO[0m [2mingestor_pairs::candles[0m[2m:[0m Inserted 0 1d candles for HYPERUSDT
[2m2026-01-29T07:30:10.575848Z[0m [32m INFO[0m [2mingestor_pairs::candles[0m[2m:[0m Loading 1m timeframe for JSTUSDT
[2m2026-01-29T07:30:10.578626Z[0m [32m INFO[0m [2mingestor_pairs::candles[0m[2m:[0m Loading 5m timeframe for JSTUSDT
[2m2026-01-29T07:30:10.979771Z[0m [32m INFO[0m [2mingestor_pairs::candles[0m[2m:[0m Inserted 34 5m candles for JSTUSDT
[2m2026-01-29T07:30:10.982796Z[0m [32m INFO[0m [2mingestor_pairs::candles[0m[2m:[0m Loading 15m timeframe for JSTUSDT
[2m2026-01-29T07:30:10.987095Z[0m [32m INFO[0m [2mingestor_pairs::candles[0m[2m:[0m Inserted 170 1m candles for JSTUSDT
[2m2026-01-29T07:30:10.993393Z[0m [32m INFO[0m [2mingestor_pairs::candles[0m[2m:[0m Loading 1h timeframe for JSTUSDT
[2m2026-01-29T07:30:11.392575Z[0m [32m INFO[0m [2mingestor_pairs::candles[0m[2m:[0m Inserted 3 1h candles for JSTUSDT
[2m2026-01-29T07:30:11.393645Z[0m [32m INFO[0m [2mingestor_pairs::candles[0m[2m:[0m Inserted 12 15m candles for JSTUSDT
[2m2026-01-29T07:30:11.401778Z[0m [32m INFO[0m [2mingestor_pairs::candles[0m[2m:[0m Loading 4h timeframe for JSTUSDT
[2m2026-01-29T07:30:11.403079Z[0m [32m INFO[0m [2mingestor_pairs::candles[0m[2m:[0m Loading 1d timeframe for JSTUSDT
[2m2026-01-29T07:30:11.796504Z[0m [32m INFO[0m [2mingestor_pairs::candles[0m[2m:[0m Inserted 0 1d candles for JSTUSDT
[2m2026-01-29T07:30:11.796504Z[0m [32m INFO[0m [2mingestor_pairs::candles[0m[2m:[0m Inserted 0 4h candles for JSTUSDT
[2m2026-01-29T07:30:11.805044Z[0m [32m INFO[0m [2mingestor_pairs::candles[0m[2m:[0m Loading 5m timeframe for DOLOUSDT
[2m2026-01-29T07:30:11.808224Z[0m [32m INFO[0m [2mingestor_pairs::candles[0m[2m:[0m Loading 1m timeframe for DOLOUSDT
[2m2026-01-29T07:30:12.213041Z[0m [32m INFO[0m [2mingestor_pairs::candles[0m[2m:[0m Inserted 34 5m candles for DOLOUSDT
[2m2026-01-29T07:30:12.218824Z[0m [32m INFO[0m [2mingestor_pairs::candles[0m[2m:[0m Loading 15m timeframe for DOLOUSDT
[2m2026-01-29T07:30:12.228037Z[0m [32m INFO[0m [2mingestor_pairs::candles[0m[2m:[0m Inserted 170 1m candles for DOLOUSDT
[2m2026-01-29T07:30:12.234550Z[0m [32m INFO[0m [2mingestor_pairs::candles[0m[2m:[0m Loading 1h timeframe for DOLOUSDT
[2m2026-01-29T07:30:12.524409Z[0m [32m INFO[0m [2mingestor_pairs::candles[0m[2m:[0m Inserted 12 15m candles for DOLOUSDT
[2m2026-01-29T07:30:12.534287Z[0m [32m INFO[0m [2mingestor_pairs::candles[0m[2m:[0m Loading 4h timeframe for DOLOUSDT
[2m2026-01-29T07:30:12.535926Z[0m [32m INFO[0m [2mingestor_pairs::candles[0m[2m:[0m Inserted 3 1h candles for DOLOUSDT
[2m2026-01-29T07:30:12.546571Z[0m [32m INFO[0m [2mingestor_pairs::candles[0m[2m:[0m Loading 1d timeframe for DOLOUSDT
[2m2026-01-29T07:30:12.921881Z[0m [32m INFO[0m [2mingestor_pairs::candles[0m[2m:[0m Inserted 0 4h candles for DOLOUSDT
[2m2026-01-29T07:30:12.921881Z[0m [32m INFO[0m [2mingestor_pairs::candles[0m[2m:[0m Inserted 0 1d candles for DOLOUSDT
[2m2026-01-29T07:30:12.932180Z[0m [32m INFO[0m [2mingestor_pairs::candles[0m[2m:[0m Loading 5m timeframe for SXTUSDT
[2m2026-01-29T07:30:12.932727Z[0m [32m INFO[0m [2mingestor_pairs::candles[0m[2m:[0m Loading 1m timeframe for SXTUSDT
[2m2026-01-29T07:30:13.341090Z[0m [32m INFO[0m [2mingestor_pairs::candles[0m[2m:[0m Inserted 34 5m candles for SXTUSDT
[2m2026-01-29T07:30:13.349815Z[0m [32m INFO[0m [2mingestor_pairs::candles[0m[2m:[0m Loading 15m timeframe for SXTUSDT
[2m2026-01-29T07:30:13.372029Z[0m [32m INFO[0m [2mingestor_pairs::candles[0m[2m:[0m Inserted 170 1m candles for SXTUSDT
[2m2026-01-29T07:30:13.385720Z[0m [32m INFO[0m [2mingestor_pairs::candles[0m[2m:[0m Loading 1h timeframe for SXTUSDT
[2m2026-01-29T07:30:13.749296Z[0m [32m INFO[0m [2mingestor_pairs::candles[0m[2m:[0m Inserted 3 1h candles for SXTUSDT
[2m2026-01-29T07:30:13.749716Z[0m [32m INFO[0m [2mingestor_pairs::candles[0m[2m:[0m Inserted 12 15m candles for SXTUSDT
[2m2026-01-29T07:30:13.758432Z[0m [32m INFO[0m [2mingestor_pairs::candles[0m[2m:[0m Loading 4h timeframe for SXTUSDT
[2m2026-01-29T07:30:13.759877Z[0m [32m INFO[0m [2mingestor_pairs::candles[0m[2m:[0m Loading 1d timeframe for SXTUSDT
[2m2026-01-29T07:30:14.150028Z[0m [32m INFO[0m [2mingestor_pairs::candles[0m[2m:[0m Inserted 0 4h candles for SXTUSDT
[2m2026-01-29T07:30:14.150099Z[0m [32m INFO[0m [2mingestor_pairs::candles[0m[2m:[0m Inserted 0 1d candles for SXTUSDT
[2m2026-01-29T07:30:14.160027Z[0m [32m INFO[0m [2mingestor_pairs::candles[0m[2m:[0m Loading 1m timeframe for B2USDT
[2m2026-01-29T07:30:14.160638Z[0m [32m INFO[0m [2mingestor_pairs::candles[0m[2m:[0m Loading 5m timeframe for B2USDT
[2m2026-01-29T07:30:14.530772Z[0m [32m INFO[0m [2mingestor_pairs::candles[0m[2m:[0m Inserted 700 5m candles for B2USDT
[2m2026-01-29T07:30:14.535735Z[0m [32m INFO[0m [2mingestor_pairs::candles[0m[2m:[0m Loading 15m timeframe for B2USDT
[2m2026-01-29T07:30:14.544126Z[0m [32m INFO[0m [2mingestor_pairs::candles[0m[2m:[0m Inserted 700 1m candles for B2USDT
[2m2026-01-29T07:30:14.551272Z[0m [32m INFO[0m [2mingestor_pairs::candles[0m[2m:[0m Loading 1h timeframe for B2USDT
[2m2026-01-29T07:30:14.876136Z[0m [32m INFO[0m [2mingestor_pairs::candles[0m[2m:[0m Inserted 700 15m candles for B2USDT
[2m2026-01-29T07:30:14.879350Z[0m [32m INFO[0m [2mingestor_pairs::candles[0m[2m:[0m Loading 4h timeframe for B2USDT
[2m2026-01-29T07:30:14.881923Z[0m [32m INFO[0m [2mingestor_pairs::candles[0m[2m:[0m Inserted 700 1h candles for B2USDT
[2m2026-01-29T07:30:14.885763Z[0m [32m INFO[0m [2mingestor_pairs::candles[0m[2m:[0m Loading 1d timeframe for B2USDT
[2m2026-01-29T07:30:15.308402Z[0m [32m INFO[0m [2mingestor_pairs::candles[0m[2m:[0m Inserted 269 1d candles for B2USDT
[2m2026-01-29T07:30:15.316432Z[0m [32m INFO[0m [2mingestor_pairs::candles[0m[2m:[0m Loading 1m timeframe for SYRUPUSDT
[2m2026-01-29T07:30:15.341465Z[0m [32m INFO[0m [2mingestor_pairs::candles[0m[2m:[0m Inserted 700 4h candles for B2USDT
[2m2026-01-29T07:30:15.352261Z[0m [32m INFO[0m [2mingestor_pairs::candles[0m[2m:[0m Loading 5m timeframe for SYRUPUSDT
[2m2026-01-29T07:30:15.695218Z[0m [32m INFO[0m [2mingestor_pairs::candles[0m[2m:[0m Inserted 34 5m candles for SYRUPUSDT
[2m2026-01-29T07:30:15.703628Z[0m [32m INFO[0m [2mingestor_pairs::candles[0m[2m:[0m Loading 15m timeframe for SYRUPUSDT
[2m2026-01-29T07:30:15.713584Z[0m [32m INFO[0m [2mingestor_pairs::candles[0m[2m:[0m Inserted 170 1m candles for SYRUPUSDT
[2m2026-01-29T07:30:15.720560Z[0m [32m INFO[0m [2mingestor_pairs::candles[0m[2m:[0m Loading 1h timeframe for SYRUPUSDT
[2m2026-01-29T07:30:16.013201Z[0m [32m INFO[0m [2mingestor_pairs::candles[0m[2m:[0m Inserted 12 15m candles for SYRUPUSDT
[2m2026-01-29T07:30:16.022122Z[0m [32m INFO[0m [2mingestor_pairs::candles[0m[2m:[0m Loading 4h timeframe for SYRUPUSDT
[2m2026-01-29T07:30:16.024309Z[0m [32m INFO[0m [2mingestor_pairs::candles[0m[2m:[0m Inserted 3 1h candles for SYRUPUSDT
[2m2026-01-29T07:30:16.035071Z[0m [32m INFO[0m [2mingestor_pairs::candles[0m[2m:[0m Loading 1d timeframe for SYRUPUSDT
[2m2026-01-29T07:30:16.404203Z[0m [32m INFO[0m [2mingestor_pairs::candles[0m[2m:[0m Inserted 0 4h candles for SYRUPUSDT
[2m2026-01-29T07:30:16.404220Z[0m [32m INFO[0m [2mingestor_pairs::candles[0m[2m:[0m Inserted 0 1d candles for SYRUPUSDT
[2m2026-01-29T07:30:16.412956Z[0m [32m INFO[0m [2mingestor_pairs::candles[0m[2m:[0m Loading 1m timeframe for OGUSDT
[2m2026-01-29T07:30:16.414285Z[0m [32m INFO[0m [2mingestor_pairs::candles[0m[2m:[0m Loading 5m timeframe for OGUSDT
[2m2026-01-29T07:30:16.728523Z[0m [32m INFO[0m [2mingestor_pairs::candles[0m[2m:[0m Inserted 34 5m candles for OGUSDT
[2m2026-01-29T07:30:16.736354Z[0m [32m INFO[0m [2mingestor_pairs::candles[0m[2m:[0m Loading 15m timeframe for OGUSDT
[2m2026-01-29T07:30:16.744123Z[0m [32m INFO[0m [2mingestor_pairs::candles[0m[2m:[0m Inserted 170 1m candles for OGUSDT
[2m2026-01-29T07:30:16.748804Z[0m [32m INFO[0m [2mingestor_pairs::candles[0m[2m:[0m Loading 1h timeframe for OGUSDT
[2m2026-01-29T07:30:17.128516Z[0m [32m INFO[0m [2mingestor_pairs::candles[0m[2m:[0m Inserted 3 1h candles for OGUSDT
[2m2026-01-29T07:30:17.129633Z[0m [32m INFO[0m [2mingestor_pairs::candles[0m[2m:[0m Inserted 12 15m candles for OGUSDT
[2m2026-01-29T07:30:17.137504Z[0m [32m INFO[0m [2mingestor_pairs::candles[0m[2m:[0m Loading 4h timeframe for OGUSDT
[2m2026-01-29T07:30:17.139105Z[0m [32m INFO[0m [2mingestor_pairs::candles[0m[2m:[0m Loading 1d timeframe for OGUSDT
[2m2026-01-29T07:30:17.530419Z[0m [32m INFO[0m [2mingestor_pairs::candles[0m[2m:[0m Inserted 0 4h candles for OGUSDT
[2m2026-01-29T07:30:17.530479Z[0m [32m INFO[0m [2mingestor_pairs::candles[0m[2m:[0m Inserted 0 1d candles for OGUSDT
[2m2026-01-29T07:30:17.540089Z[0m [32m INFO[0m [2mingestor_pairs::candles[0m[2m:[0m Loading 1m timeframe for NXPCUSDT
[2m2026-01-29T07:30:17.541441Z[0m [32m INFO[0m [2mingestor_pairs::candles[0m[2m:[0m Loading 5m timeframe for NXPCUSDT
[2m2026-01-29T07:30:17.991709Z[0m [32m INFO[0m [2mingestor_pairs::candles[0m[2m:[0m Inserted 700 5m candles for NXPCUSDT
[2m2026-01-29T07:30:17.998316Z[0m [32m INFO[0m [2mingestor_pairs::candles[0m[2m:[0m Loading 15m timeframe for NXPCUSDT
[2m2026-01-29T07:30:18.009831Z[0m [32m INFO[0m [2mingestor_pairs::candles[0m[2m:[0m Inserted 700 1m candles for NXPCUSDT
[2m2026-01-29T07:30:18.015555Z[0m [32m INFO[0m [2mingestor_pairs::candles[0m[2m:[0m Loading 1h timeframe for NXPCUSDT
[2m2026-01-29T07:30:18.395182Z[0m [32m INFO[0m [2mingestor_pairs::candles[0m[2m:[0m Inserted 700 1h candles for NXPCUSDT
[2m2026-01-29T07:30:18.395978Z[0m [32m INFO[0m [2mingestor_pairs::candles[0m[2m:[0m Inserted 700 15m candles for NXPCUSDT
[2m2026-01-29T07:30:18.399459Z[0m [32m INFO[0m [2mingestor_pairs::candles[0m[2m:[0m Loading 4h timeframe for NXPCUSDT
[2m2026-01-29T07:30:18.400020Z[0m [32m INFO[0m [2mingestor_pairs::candles[0m[2m:[0m Loading 1d timeframe for NXPCUSDT
[2m2026-01-29T07:30:18.782692Z[0m [32m INFO[0m [2mingestor_pairs::candles[0m[2m:[0m Inserted 260 1d candles for NXPCUSDT
[2m2026-01-29T07:30:18.786020Z[0m [32m INFO[0m [2mingestor_pairs::candles[0m[2m:[0m Loading 1m timeframe for AGTUSDT
[2m2026-01-29T07:30:18.793462Z[0m [32m INFO[0m [2mingestor_pairs::candles[0m[2m:[0m Inserted 700 4h candles for NXPCUSDT
[2m2026-01-29T07:30:18.798302Z[0m [32m INFO[0m [2mingestor_pairs::candles[0m[2m:[0m Loading 5m timeframe for AGTUSDT
[2m2026-01-29T07:30:19.100921Z[0m [32m INFO[0m [2mingestor_pairs::candles[0m[2m:[0m Inserted 34 5m candles for AGTUSDT
[2m2026-01-29T07:30:19.105037Z[0m [32m INFO[0m [2mingestor_pairs::candles[0m[2m:[0m Loading 15m timeframe for AGTUSDT
[2m2026-01-29T07:30:19.105553Z[0m [32m INFO[0m [2mingestor_pairs::candles[0m[2m:[0m Inserted 170 1m candles for AGTUSDT
[2m2026-01-29T07:30:19.108637Z[0m [32m INFO[0m [2mingestor_pairs::candles[0m[2m:[0m Loading 1h timeframe for AGTUSDT
[2m2026-01-29T07:30:19.480728Z[0m [32m INFO[0m [2mingestor_pairs::candles[0m[2m:[0m Inserted 3 1h candles for AGTUSDT
[2m2026-01-29T07:30:19.481209Z[0m [32m INFO[0m [2mingestor_pairs::candles[0m[2m:[0m Inserted 12 15m candles for AGTUSDT
[2m2026-01-29T07:30:19.489500Z[0m [32m INFO[0m [2mingestor_pairs::candles[0m[2m:[0m Loading 4h timeframe for AGTUSDT
[2m2026-01-29T07:30:19.491228Z[0m [32m INFO[0m [2mingestor_pairs::candles[0m[2m:[0m Loading 1d timeframe for AGTUSDT
[2m2026-01-29T07:30:19.884594Z[0m [32m INFO[0m [2mingestor_pairs::candles[0m[2m:[0m Inserted 0 1d candles for AGTUSDT
[2m2026-01-29T07:30:19.884649Z[0m [32m INFO[0m [2mingestor_pairs::candles[0m[2m:[0m Inserted 0 4h candles for AGTUSDT
[2m2026-01-29T07:30:19.895090Z[0m [32m INFO[0m [2mingestor_pairs::candles[0m[2m:[0m Loading 5m timeframe for SOONUSDT
[2m2026-01-29T07:30:19.896571Z[0m [32m INFO[0m [2mingestor_pairs::candles[0m[2m:[0m Loading 1m timeframe for SOONUSDT
[2m2026-01-29T07:30:20.306867Z[0m [32m INFO[0m [2mingestor_pairs::candles[0m[2m:[0m Inserted 34 5m candles for SOONUSDT
[2m2026-01-29T07:30:20.316024Z[0m [32m INFO[0m [2mingestor_pairs::candles[0m[2m:[0m Loading 15m timeframe for SOONUSDT
[2m2026-01-29T07:30:20.332353Z[0m [32m INFO[0m [2mingestor_pairs::candles[0m[2m:[0m Inserted 170 1m candles for SOONUSDT
[2m2026-01-29T07:30:20.343977Z[0m [32m INFO[0m [2mingestor_pairs::candles[0m[2m:[0m Loading 1h timeframe for SOONUSDT
[2m2026-01-29T07:30:20.709312Z[0m [32m INFO[0m [2mingestor_pairs::candles[0m[2m:[0m Inserted 3 1h candles for SOONUSDT
[2m2026-01-29T07:30:20.710259Z[0m [32m INFO[0m [2mingestor_pairs::candles[0m[2m:[0m Inserted 12 15m candles for SOONUSDT
[2m2026-01-29T07:30:20.718365Z[0m [32m INFO[0m [2mingestor_pairs::candles[0m[2m:[0m Loading 4h timeframe for SOONUSDT
[2m2026-01-29T07:30:20.719193Z[0m [32m INFO[0m [2mingestor_pairs::candles[0m[2m:[0m Loading 1d timeframe for HUMAUSDT
[2m2026-01-29T07:30:21.021272Z[0m [32m INFO[0m [2mingestor_pairs::candles[0m[2m:[0m Inserted 0 4h candles for SOONUSDT
[2m2026-01-29T07:30:21.023316Z[0m [32m INFO[0m [2mingestor_pairs::candles[0m[2m:[0m Inserted 0 1d candles for HUMAUSDT
[2m2026-01-29T07:30:21.031947Z[0m [32m INFO[0m [2mingestor_pairs::candles[0m[2m:[0m Loading 1d timeframe for SOONUSDT
[2m2026-01-29T07:30:21.033459Z[0m [32m INFO[0m [2mingestor_pairs::candles[0m[2m:[0m Loading 1m timeframe for HUMAUSDT
[2m2026-01-29T07:30:21.350354Z[0m [32m INFO[0m [2mingestor_pairs::candles[0m[2m:[0m Inserted 0 1d candles for SOONUSDT
[2m2026-01-29T07:30:21.359059Z[0m [32m INFO[0m [2mingestor_pairs::candles[0m[2m:[0m Loading 5m timeframe for HUMAUSDT
[2m2026-01-29T07:30:21.380706Z[0m [32m INFO[0m [2mingestor_pairs::candles[0m[2m:[0m Inserted 170 1m candles for HUMAUSDT
[2m2026-01-29T07:30:21.397580Z[0m [32m INFO[0m [2mingestor_pairs::candles[0m[2m:[0m Loading 15m timeframe for HUMAUSDT
[2m2026-01-29T07:30:21.735268Z[0m [32m INFO[0m [2mingestor_pairs::candles[0m[2m:[0m Inserted 12 15m candles for HUMAUSDT
[2m2026-01-29T07:30:21.737031Z[0m [32m INFO[0m [2mingestor_pairs::candles[0m[2m:[0m Inserted 34 5m candles for HUMAUSDT
[2m2026-01-29T07:30:21.744874Z[0m [32m INFO[0m [2mingestor_pairs::candles[0m[2m:[0m Loading 1h timeframe for HUMAUSDT
[2m2026-01-29T07:30:21.748202Z[0m [32m INFO[0m [2mingestor_pairs::candles[0m[2m:[0m Loading 4h timeframe for HUMAUSDT
[2m2026-01-29T07:30:22.139108Z[0m [32m INFO[0m [2mingestor_pairs::candles[0m[2m:[0m Inserted 0 4h candles for HUMAUSDT
[2m2026-01-29T07:30:22.145898Z[0m [32m INFO[0m [2mingestor_pairs::candles[0m[2m:[0m Inserted 3 1h candles for HUMAUSDT
[2m2026-01-29T07:30:22.149599Z[0m [32m INFO[0m [2mingestor_pairs::candles[0m[2m:[0m Loading 1m timeframe for AUSDT
[2m2026-01-29T07:30:22.157569Z[0m [32m INFO[0m [2mingestor_pairs::candles[0m[2m:[0m Loading 5m timeframe for AUSDT
[2m2026-01-29T07:30:22.556885Z[0m [32m INFO[0m [2mingestor_pairs::candles[0m[2m:[0m Inserted 34 5m candles for AUSDT
[2m2026-01-29T07:30:22.563421Z[0m [32m INFO[0m [2mingestor_pairs::candles[0m[2m:[0m Loading 15m timeframe for AUSDT
[2m2026-01-29T07:30:22.573589Z[0m [32m INFO[0m [2mingestor_pairs::candles[0m[2m:[0m Inserted 170 1m candles for AUSDT
[2m2026-01-29T07:30:22.578535Z[0m [32m INFO[0m [2mingestor_pairs::candles[0m[2m:[0m Loading 1h timeframe for AUSDT
[2m2026-01-29T07:30:22.962973Z[0m [32m INFO[0m [2mingestor_pairs::candles[0m[2m:[0m Inserted 3 1h candles for AUSDT
[2m2026-01-29T07:30:22.963495Z[0m [32m INFO[0m [2mingestor_pairs::candles[0m[2m:[0m Inserted 12 15m candles for AUSDT
[2m2026-01-29T07:30:22.971924Z[0m [32m INFO[0m [2mingestor_pairs::candles[0m[2m:[0m Loading 4h timeframe for AUSDT
[2m2026-01-29T07:30:22.973391Z[0m [32m INFO[0m [2mingestor_pairs::candles[0m[2m:[0m Loading 1d timeframe for AUSDT
[2m2026-01-29T07:30:23.277493Z[0m [32m INFO[0m [2mingestor_pairs::candles[0m[2m:[0m Inserted 0 1d candles for AUSDT
[2m2026-01-29T07:30:23.277598Z[0m [32m INFO[0m [2mingestor_pairs::candles[0m[2m:[0m Inserted 0 4h candles for AUSDT
[2m2026-01-29T07:30:23.288258Z[0m [32m INFO[0m [2mingestor_pairs::candles[0m[2m:[0m Loading 5m timeframe for SOPHUSDT
[2m2026-01-29T07:30:23.288714Z[0m [32m INFO[0m [2mingestor_pairs::candles[0m[2m:[0m Loading 1m timeframe for SOPHUSDT
[2m2026-01-29T07:30:23.668582Z[0m [32m INFO[0m [2mingestor_pairs::candles[0m[2m:[0m Inserted 700 5m candles for SOPHUSDT
[2m2026-01-29T07:30:23.673152Z[0m [32m INFO[0m [2mingestor_pairs::candles[0m[2m:[0m Loading 15m timeframe for SOPHUSDT
[2m2026-01-29T07:30:23.680542Z[0m [32m INFO[0m [2mingestor_pairs::candles[0m[2m:[0m Inserted 700 1m candles for SOPHUSDT
[2m2026-01-29T07:30:23.685211Z[0m [32m INFO[0m [2mingestor_pairs::candles[0m[2m:[0m Loading 1h timeframe for SOPHUSDT
[2m2026-01-29T07:30:24.022411Z[0m [32m INFO[0m [2mingestor_pairs::candles[0m[2m:[0m Inserted 700 15m candles for SOPHUSDT
[2m2026-01-29T07:30:24.023909Z[0m [32m INFO[0m [2mingestor_pairs::candles[0m[2m:[0m Inserted 700 1h candles for SOPHUSDT
[2m2026-01-29T07:30:24.025717Z[0m [32m INFO[0m [2mingestor_pairs::candles[0m[2m:[0m Loading 4h timeframe for SOPHUSDT
[2m2026-01-29T07:30:24.026971Z[0m [32m INFO[0m [2mingestor_pairs::candles[0m[2m:[0m Loading 1d timeframe for SOPHUSDT
[2m2026-01-29T07:30:24.418796Z[0m [32m INFO[0m [2mingestor_pairs::candles[0m[2m:[0m Inserted 247 1d candles for SOPHUSDT
[2m2026-01-29T07:30:24.428304Z[0m [32m INFO[0m [2mingestor_pairs::candles[0m[2m:[0m Loading 1m timeframe for MERLUSDT
[2m2026-01-29T07:30:24.449734Z[0m [32m INFO[0m [2mingestor_pairs::candles[0m[2m:[0m Inserted 700 4h candles for SOPHUSDT
[2m2026-01-29T07:30:24.458066Z[0m [32m INFO[0m [2mingestor_pairs::candles[0m[2m:[0m Loading 5m timeframe for MERLUSDT
[2m2026-01-29T07:30:24.813093Z[0m [32m INFO[0m [2mingestor_pairs::candles[0m[2m:[0m Inserted 34 5m candles for MERLUSDT
[2m2026-01-29T07:30:24.820365Z[0m [32m INFO[0m [2mingestor_pairs::candles[0m[2m:[0m Loading 15m timeframe for MERLUSDT
[2m2026-01-29T07:30:24.829910Z[0m [32m INFO[0m [2mingestor_pairs::candles[0m[2m:[0m Inserted 170 1m candles for MERLUSDT
[2m2026-01-29T07:30:24.834045Z[0m [32m INFO[0m [2mingestor_pairs::candles[0m[2m:[0m Loading 1h timeframe for MERLUSDT
[2m2026-01-29T07:30:25.218333Z[0m [32m INFO[0m [2mingestor_pairs::candles[0m[2m:[0m Inserted 3 1h candles for MERLUSDT
[2m2026-01-29T07:30:25.219257Z[0m [32m INFO[0m [2mingestor_pairs::candles[0m[2m:[0m Inserted 12 15m candles for MERLUSDT
[2m2026-01-29T07:30:25.228000Z[0m [32m INFO[0m [2mingestor_pairs::candles[0m[2m:[0m Loading 4h timeframe for MERLUSDT
[2m2026-01-29T07:30:25.229798Z[0m [32m INFO[0m [2mingestor_pairs::candles[0m[2m:[0m Loading 1d timeframe for MERLUSDT
[2m2026-01-29T07:30:25.525657Z[0m [32m INFO[0m [2mingestor_pairs::candles[0m[2m:[0m Inserted 0 4h candles for MERLUSDT
[2m2026-01-29T07:30:25.531550Z[0m [32m INFO[0m [2mingestor_pairs::candles[0m[2m:[0m Inserted 0 1d candles for MERLUSDT
[2m2026-01-29T07:30:25.534831Z[0m [32m INFO[0m [2mingestor_pairs::candles[0m[2m:[0m Loading 1m timeframe for HYPEUSDT
[2m2026-01-29T07:30:25.542060Z[0m [32m INFO[0m [2mingestor_pairs::candles[0m[2m:[0m Loading 5m timeframe for HYPEUSDT
[2m2026-01-29T07:30:25.860638Z[0m [32m INFO[0m [2mingestor_pairs::candles[0m[2m:[0m Inserted 34 5m candles for HYPEUSDT
[2m2026-01-29T07:30:25.868852Z[0m [32m INFO[0m [2mingestor_pairs::candles[0m[2m:[0m Loading 15m timeframe for HYPEUSDT
[2m2026-01-29T07:30:25.872215Z[0m [32m INFO[0m [2mingestor_pairs::candles[0m[2m:[0m Inserted 170 1m candles for HYPEUSDT
[2m2026-01-29T07:30:25.887628Z[0m [32m INFO[0m [2mingestor_pairs::candles[0m[2m:[0m Loading 1h timeframe for HYPEUSDT
[2m2026-01-29T07:30:26.236135Z[0m [32m INFO[0m [2mingestor_pairs::candles[0m[2m:[0m Inserted 3 1h candles for HYPEUSDT
[2m2026-01-29T07:30:26.236504Z[0m [32m INFO[0m [2mingestor_pairs::candles[0m[2m:[0m Inserted 12 15m candles for HYPEUSDT
[2m2026-01-29T07:30:26.239671Z[0m [32m INFO[0m [2mingestor_pairs::candles[0m[2m:[0m Loading 4h timeframe for HYPEUSDT
[2m2026-01-29T07:30:26.240110Z[0m [32m INFO[0m [2mingestor_pairs::candles[0m[2m:[0m Loading 1d timeframe for HYPEUSDT
[2m2026-01-29T07:30:26.540467Z[0m [32m INFO[0m [2mingestor_pairs::candles[0m[2m:[0m Inserted 0 4h candles for HYPEUSDT
[2m2026-01-29T07:30:26.540751Z[0m [32m INFO[0m [2mingestor_pairs::candles[0m[2m:[0m Inserted 0 1d candles for HYPEUSDT
[2m2026-01-29T07:30:26.551163Z[0m [32m INFO[0m [2mingestor_pairs::candles[0m[2m:[0m Loading 1m timeframe for BDXNUSDT
[2m2026-01-29T07:30:26.551705Z[0m [32m INFO[0m [2mingestor_pairs::candles[0m[2m:[0m Loading 5m timeframe for BDXNUSDT
[2m2026-01-29T07:30:26.958423Z[0m [32m INFO[0m [2mingestor_pairs::candles[0m[2m:[0m Inserted 34 5m candles for BDXNUSDT
[2m2026-01-29T07:30:26.966621Z[0m [32m INFO[0m [2mingestor_pairs::candles[0m[2m:[0m Loading 15m timeframe for BDXNUSDT
[2m2026-01-29T07:30:26.984584Z[0m [32m INFO[0m [2mingestor_pairs::candles[0m[2m:[0m Inserted 170 1m candles for BDXNUSDT
[2m2026-01-29T07:30:26.997292Z[0m [32m INFO[0m [2mingestor_pairs::candles[0m[2m:[0m Loading 1h timeframe for BDXNUSDT
[2m2026-01-29T07:30:27.366113Z[0m [32m INFO[0m [2mingestor_pairs::candles[0m[2m:[0m Inserted 3 1h candles for BDXNUSDT
[2m2026-01-29T07:30:27.366599Z[0m [32m INFO[0m [2mingestor_pairs::candles[0m[2m:[0m Inserted 12 15m candles for BDXNUSDT
[2m2026-01-29T07:30:27.374930Z[0m [32m INFO[0m [2mingestor_pairs::candles[0m[2m:[0m Loading 4h timeframe for BDXNUSDT
[2m2026-01-29T07:30:27.376597Z[0m [32m INFO[0m [2mingestor_pairs::candles[0m[2m:[0m Loading 1d timeframe for BDXNUSDT
[2m2026-01-29T07:30:27.691688Z[0m [32m INFO[0m [2mingestor_pairs::candles[0m[2m:[0m Inserted 0 4h candles for BDXNUSDT
[2m2026-01-29T07:30:27.699442Z[0m [32m INFO[0m [2mingestor_pairs::candles[0m[2m:[0m Inserted 0 1d candles for BDXNUSDT
[2m2026-01-29T07:30:27.702342Z[0m [32m INFO[0m [2mingestor_pairs::candles[0m[2m:[0m Loading 1m timeframe for HOMEUSDT
[2m2026-01-29T07:30:27.712073Z[0m [32m INFO[0m [2mingestor_pairs::candles[0m[2m:[0m Loading 5m timeframe for HOMEUSDT
[2m2026-01-29T07:30:28.085204Z[0m [32m INFO[0m [2mingestor_pairs::candles[0m[2m:[0m Inserted 34 5m candles for HOMEUSDT
[2m2026-01-29T07:30:28.093946Z[0m [32m INFO[0m [2mingestor_pairs::candles[0m[2m:[0m Loading 15m timeframe for HOMEUSDT
[2m2026-01-29T07:30:28.109414Z[0m [32m INFO[0m [2mingestor_pairs::candles[0m[2m:[0m Inserted 170 1m candles for HOMEUSDT
[2m2026-01-29T07:30:28.126486Z[0m [32m INFO[0m [2mingestor_pairs::candles[0m[2m:[0m Loading 1h timeframe for HOMEUSDT
[2m2026-01-29T07:30:28.409958Z[0m [32m INFO[0m [2mingestor_pairs::candles[0m[2m:[0m Inserted 12 15m candles for HOMEUSDT
[2m2026-01-29T07:30:28.418581Z[0m [32m INFO[0m [2mingestor_pairs::candles[0m[2m:[0m Loading 4h timeframe for HOMEUSDT
[2m2026-01-29T07:30:28.448183Z[0m [32m INFO[0m [2mingestor_pairs::candles[0m[2m:[0m Inserted 3 1h candles for HOMEUSDT
[2m2026-01-29T07:30:28.460155Z[0m [32m INFO[0m [2mingestor_pairs::candles[0m[2m:[0m Loading 1d timeframe for HOMEUSDT
[2m2026-01-29T07:30:28.793419Z[0m [32m INFO[0m [2mingestor_pairs::candles[0m[2m:[0m Inserted 0 4h candles for HOMEUSDT
[2m2026-01-29T07:30:28.793558Z[0m [32m INFO[0m [2mingestor_pairs::candles[0m[2m:[0m Inserted 0 1d candles for HOMEUSDT
[2m2026-01-29T07:30:28.803108Z[0m [32m INFO[0m [2mingestor_pairs::candles[0m[2m:[0m Loading 5m timeframe for RESOLVUSDT
[2m2026-01-29T07:30:28.806185Z[0m [32m INFO[0m [2mingestor_pairs::candles[0m[2m:[0m Loading 1m timeframe for RESOLVUSDT
[2m2026-01-29T07:30:29.211005Z[0m [32m INFO[0m [2mingestor_pairs::candles[0m[2m:[0m Inserted 34 5m candles for RESOLVUSDT
[2m2026-01-29T07:30:29.219714Z[0m [32m INFO[0m [2mingestor_pairs::candles[0m[2m:[0m Loading 15m timeframe for RESOLVUSDT
[2m2026-01-29T07:30:29.235363Z[0m [32m INFO[0m [2mingestor_pairs::candles[0m[2m:[0m Inserted 170 1m candles for RESOLVUSDT
[2m2026-01-29T07:30:29.248437Z[0m [32m INFO[0m [2mingestor_pairs::candles[0m[2m:[0m Loading 1h timeframe for RESOLVUSDT
[2m2026-01-29T07:30:29.619805Z[0m [32m INFO[0m [2mingestor_pairs::candles[0m[2m:[0m Inserted 3 1h candles for RESOLVUSDT
[2m2026-01-29T07:30:29.620342Z[0m [32m INFO[0m [2mingestor_pairs::candles[0m[2m:[0m Inserted 12 15m candles for RESOLVUSDT
[2m2026-01-29T07:30:29.628844Z[0m [32m INFO[0m [2mingestor_pairs::candles[0m[2m:[0m Loading 4h timeframe for RESOLVUSDT
[2m2026-01-29T07:30:29.630527Z[0m [32m INFO[0m [2mingestor_pairs::candles[0m[2m:[0m Loading 1d timeframe for RESOLVUSDT
[2m2026-01-29T07:30:29.938911Z[0m [32m INFO[0m [2mingestor_pairs::candles[0m[2m:[0m Inserted 0 4h candles for RESOLVUSDT
[2m2026-01-29T07:30:29.947380Z[0m [32m INFO[0m [2mingestor_pairs::candles[0m[2m:[0m Inserted 0 1d candles for RESOLVUSDT
[2m2026-01-29T07:30:29.948666Z[0m [32m INFO[0m [2mingestor_pairs::candles[0m[2m:[0m Loading 1m timeframe for TAIKOUSDT
[2m2026-01-29T07:30:29.959831Z[0m [32m INFO[0m [2mingestor_pairs::candles[0m[2m:[0m Loading 5m timeframe for TAIKOUSDT
[2m2026-01-29T07:30:30.278768Z[0m [32m INFO[0m [2mingestor_pairs::candles[0m[2m:[0m Inserted 34 5m candles for TAIKOUSDT
[2m2026-01-29T07:30:30.287246Z[0m [32m INFO[0m [2mingestor_pairs::candles[0m[2m:[0m Loading 15m timeframe for TAIKOUSDT
[2m2026-01-29T07:30:30.310520Z[0m [32m INFO[0m [2mingestor_pairs::candles[0m[2m:[0m Inserted 170 1m candles for TAIKOUSDT
[2m2026-01-29T07:30:30.321153Z[0m [32m INFO[0m [2mingestor_pairs::candles[0m[2m:[0m Loading 1h timeframe for TAIKOUSDT
[2m2026-01-29T07:30:30.640685Z[0m [32m INFO[0m [2mingestor_pairs::candles[0m[2m:[0m Inserted 12 15m candles for TAIKOUSDT
[2m2026-01-29T07:30:30.644693Z[0m [32m INFO[0m [2mingestor_pairs::candles[0m[2m:[0m Loading 4h timeframe for TAIKOUSDT
[2m2026-01-29T07:30:30.938971Z[0m [32m INFO[0m [2mingestor_pairs::candles[0m[2m:[0m Inserted 0 4h candles for TAIKOUSDT
[2m2026-01-29T07:30:30.949018Z[0m [32m INFO[0m [2mingestor_pairs::candles[0m[2m:[0m Loading 1d timeframe for TAIKOUSDT
[2m2026-01-29T07:30:31.254354Z[0m [32m INFO[0m [2mingestor_pairs::candles[0m[2m:[0m Inserted 0 1d candles for TAIKOUSDT
[2m2026-01-29T07:30:31.256159Z[0m [32m INFO[0m [2mingestor_pairs::candles[0m[2m:[0m Inserted 3 1h candles for TAIKOUSDT
[2m2026-01-29T07:30:31.263343Z[0m [32m INFO[0m [2mingestor_pairs::candles[0m[2m:[0m Loading 1m timeframe for SPKUSDT
[2m2026-01-29T07:30:31.266189Z[0m [32m INFO[0m [2mingestor_pairs::candles[0m[2m:[0m Loading 5m timeframe for SPKUSDT
[2m2026-01-29T07:30:31.687260Z[0m [32m INFO[0m [2mingestor_pairs::candles[0m[2m:[0m Inserted 170 1m candles for SPKUSDT
[2m2026-01-29T07:30:31.692565Z[0m [32m INFO[0m [2mingestor_pairs::candles[0m[2m:[0m Loading 15m timeframe for SPKUSDT
[2m2026-01-29T07:30:31.999599Z[0m [32m INFO[0m [2mingestor_pairs::candles[0m[2m:[0m Inserted 12 15m candles for SPKUSDT
[2m2026-01-29T07:30:32.009087Z[0m [32m INFO[0m [2mingestor_pairs::candles[0m[2m:[0m Loading 1h timeframe for SPKUSDT
[2m2026-01-29T07:30:32.133160Z[0m [32m INFO[0m [2mingestor_pairs::candles[0m[2m:[0m Inserted 34 5m candles for SPKUSDT
[2m2026-01-29T07:30:32.141062Z[0m [32m INFO[0m [2mingestor_pairs::candles[0m[2m:[0m Loading 4h timeframe for SPKUSDT
[2m2026-01-29T07:30:32.317398Z[0m [32m INFO[0m [2mingestor_pairs::candles[0m[2m:[0m Inserted 3 1h candles for SPKUSDT
[2m2026-01-29T07:30:32.325647Z[0m [32m INFO[0m [2mingestor_pairs::candles[0m[2m:[0m Loading 1d timeframe for SPKUSDT
[2m2026-01-29T07:30:32.442842Z[0m [32m INFO[0m [2mingestor_pairs::candles[0m[2m:[0m Inserted 0 4h candles for SPKUSDT
[2m2026-01-29T07:30:32.446581Z[0m [32m INFO[0m [2mingestor_pairs::candles[0m[2m:[0m Loading 1m timeframe for MYXUSDT
[2m2026-01-29T07:30:32.640390Z[0m [32m INFO[0m [2mingestor_pairs::candles[0m[2m:[0m Inserted 0 1d candles for SPKUSDT
[2m2026-01-29T07:30:32.649433Z[0m [32m INFO[0m [2mingestor_pairs::candles[0m[2m:[0m Loading 5m timeframe for MYXUSDT
[2m2026-01-29T07:30:32.755753Z[0m [32m INFO[0m [2mingestor_pairs::candles[0m[2m:[0m Inserted 170 1m candles for MYXUSDT
[2m2026-01-29T07:30:32.768741Z[0m [32m INFO[0m [2mingestor_pairs::candles[0m[2m:[0m Loading 15m timeframe for MYXUSDT
[2m2026-01-29T07:30:33.001978Z[0m [32m INFO[0m [2mingestor_pairs::candles[0m[2m:[0m Inserted 34 5m candles for MYXUSDT
[2m2026-01-29T07:30:33.010979Z[0m [32m INFO[0m [2mingestor_pairs::candles[0m[2m:[0m Loading 1h timeframe for MYXUSDT
[2m2026-01-29T07:30:33.080600Z[0m [32m INFO[0m [2mingestor_pairs::candles[0m[2m:[0m Inserted 12 15m candles for MYXUSDT
[2m2026-01-29T07:30:33.086148Z[0m [32m INFO[0m [2mingestor_pairs::candles[0m[2m:[0m Loading 4h timeframe for MYXUSDT
[2m2026-01-29T07:30:33.401553Z[0m [32m INFO[0m [2mingestor_pairs::candles[0m[2m:[0m Inserted 0 4h candles for MYXUSDT
[2m2026-01-29T07:30:33.408638Z[0m [32m INFO[0m [2mingestor_pairs::candles[0m[2m:[0m Inserted 3 1h candles for MYXUSDT
[2m2026-01-29T07:30:33.410906Z[0m [32m INFO[0m [2mingestor_pairs::candles[0m[2m:[0m Loading 1d timeframe for MYXUSDT
[2m2026-01-29T07:30:33.418307Z[0m [32m INFO[0m [2mingestor_pairs::candles[0m[2m:[0m Loading 1m timeframe for NEWTUSDT
[2m2026-01-29T07:30:33.812364Z[0m [32m INFO[0m [2mingestor_pairs::candles[0m[2m:[0m Inserted 0 1d candles for MYXUSDT
[2m2026-01-29T07:30:33.821313Z[0m [32m INFO[0m [2mingestor_pairs::candles[0m[2m:[0m Loading 5m timeframe for NEWTUSDT
[2m2026-01-29T07:30:33.851064Z[0m [32m INFO[0m [2mingestor_pairs::candles[0m[2m:[0m Inserted 170 1m candles for NEWTUSDT
[2m2026-01-29T07:30:33.862514Z[0m [32m INFO[0m [2mingestor_pairs::candles[0m[2m:[0m Loading 15m timeframe for NEWTUSDT
[2m2026-01-29T07:30:34.165719Z[0m [32m INFO[0m [2mingestor_pairs::candles[0m[2m:[0m Inserted 34 5m candles for NEWTUSDT
[2m2026-01-29T07:30:34.174639Z[0m [32m INFO[0m [2mingestor_pairs::candles[0m[2m:[0m Loading 1h timeframe for NEWTUSDT
[2m2026-01-29T07:30:34.177321Z[0m [32m INFO[0m [2mingestor_pairs::candles[0m[2m:[0m Inserted 12 15m candles for NEWTUSDT
[2m2026-01-29T07:30:34.188086Z[0m [32m INFO[0m [2mingestor_pairs::candles[0m[2m:[0m Loading 4h timeframe for NEWTUSDT
[2m2026-01-29T07:30:34.493219Z[0m [32m INFO[0m [2mingestor_pairs::candles[0m[2m:[0m Inserted 0 4h candles for NEWTUSDT
[2m2026-01-29T07:30:34.496018Z[0m [32m INFO[0m [2mingestor_pairs::candles[0m[2m:[0m Inserted 3 1h candles for NEWTUSDT
[2m2026-01-29T07:30:34.503050Z[0m [32m INFO[0m [2mingestor_pairs::candles[0m[2m:[0m Loading 1d timeframe for NEWTUSDT
[2m2026-01-29T07:30:34.506193Z[0m [32m INFO[0m [2mingestor_pairs::candles[0m[2m:[0m Loading 1m timeframe for HUSDT
[2m2026-01-29T07:30:34.835407Z[0m [32m INFO[0m [2mingestor_pairs::candles[0m[2m:[0m Inserted 0 1d candles for NEWTUSDT
[2m2026-01-29T07:30:34.843264Z[0m [32m INFO[0m [2mingestor_pairs::candles[0m[2m:[0m Loading 5m timeframe for HUSDT
[2m2026-01-29T07:30:34.870332Z[0m [32m INFO[0m [2mingestor_pairs::candles[0m[2m:[0m Inserted 169 1m candles for HUSDT
[2m2026-01-29T07:30:34.893075Z[0m [32m INFO[0m [2mingestor_pairs::candles[0m[2m:[0m Loading 15m timeframe for HUSDT
[2m2026-01-29T07:30:35.251906Z[0m [32m INFO[0m [2mingestor_pairs::candles[0m[2m:[0m Inserted 12 15m candles for HUSDT
[2m2026-01-29T07:30:35.253777Z[0m [32m INFO[0m [2mingestor_pairs::candles[0m[2m:[0m Inserted 34 5m candles for HUSDT
[2m2026-01-29T07:30:35.261602Z[0m [32m INFO[0m [2mingestor_pairs::candles[0m[2m:[0m Loading 1h timeframe for HUSDT
[2m2026-01-29T07:30:35.262526Z[0m [32m INFO[0m [2mingestor_pairs::candles[0m[2m:[0m Loading 4h timeframe for HUSDT
[2m2026-01-29T07:30:35.655665Z[0m [32m INFO[0m [2mingestor_pairs::candles[0m[2m:[0m Inserted 0 4h candles for HUSDT
[2m2026-01-29T07:30:35.660384Z[0m [32m INFO[0m [2mingestor_pairs::candles[0m[2m:[0m Inserted 3 1h candles for HUSDT
[2m2026-01-29T07:30:35.662393Z[0m [32m INFO[0m [2mingestor_pairs::candles[0m[2m:[0m Loading 1d timeframe for HUSDT
[2m2026-01-29T07:30:35.665431Z[0m [32m INFO[0m [2mingestor_pairs::candles[0m[2m:[0m Loading 1m timeframe for SAHARAUSDT
[2m2026-01-29T07:30:36.063112Z[0m [32m INFO[0m [2mingestor_pairs::candles[0m[2m:[0m Inserted 0 1d candles for HUSDT
[2m2026-01-29T07:30:36.072922Z[0m [32m INFO[0m [2mingestor_pairs::candles[0m[2m:[0m Loading 5m timeframe for SAHARAUSDT
[2m2026-01-29T07:30:36.100697Z[0m [32m INFO[0m [2mingestor_pairs::candles[0m[2m:[0m Inserted 170 1m candles for SAHARAUSDT
[2m2026-01-29T07:30:36.111175Z[0m [32m INFO[0m [2mingestor_pairs::candles[0m[2m:[0m Loading 15m timeframe for SAHARAUSDT
[2m2026-01-29T07:30:36.394156Z[0m [32m INFO[0m [2mingestor_pairs::candles[0m[2m:[0m Inserted 34 5m candles for SAHARAUSDT
[2m2026-01-29T07:30:36.399906Z[0m [32m INFO[0m [2mingestor_pairs::candles[0m[2m:[0m Loading 1h timeframe for SAHARAUSDT
[2m2026-01-29T07:30:36.419231Z[0m [32m INFO[0m [2mingestor_pairs::candles[0m[2m:[0m Inserted 12 15m candles for SAHARAUSDT
[2m2026-01-29T07:30:36.426155Z[0m [32m INFO[0m [2mingestor_pairs::candles[0m[2m:[0m Loading 4h timeframe for SAHARAUSDT
[2m2026-01-29T07:30:36.705082Z[0m [32m INFO[0m [2mingestor_pairs::candles[0m[2m:[0m Inserted 3 1h candles for SAHARAUSDT
[2m2026-01-29T07:30:36.712925Z[0m [32m INFO[0m [2mingestor_pairs::candles[0m[2m:[0m Loading 1d timeframe for SAHARAUSDT
[2m2026-01-29T07:30:36.724876Z[0m [32m INFO[0m [2mingestor_pairs::candles[0m[2m:[0m Inserted 0 4h candles for SAHARAUSDT
[2m2026-01-29T07:30:36.730474Z[0m [32m INFO[0m [2mingestor_pairs::candles[0m[2m:[0m Loading 1m timeframe for ICNTUSDT
[2m2026-01-29T07:30:37.018483Z[0m [32m INFO[0m [2mingestor_pairs::candles[0m[2m:[0m Inserted 0 1d candles for SAHARAUSDT
[2m2026-01-29T07:30:37.028634Z[0m [32m INFO[0m [2mingestor_pairs::candles[0m[2m:[0m Loading 5m timeframe for ICNTUSDT
[2m2026-01-29T07:30:37.053929Z[0m [32m INFO[0m [2mingestor_pairs::candles[0m[2m:[0m Inserted 169 1m candles for ICNTUSDT
[2m2026-01-29T07:30:37.059348Z[0m [32m INFO[0m [2mingestor_pairs::candles[0m[2m:[0m Loading 15m timeframe for ICNTUSDT
[2m2026-01-29T07:30:37.402239Z[0m [32m INFO[0m [2mingestor_pairs::candles[0m[2m:[0m Inserted 12 15m candles for ICNTUSDT
[2m2026-01-29T07:30:37.403452Z[0m [32m INFO[0m [2mingestor_pairs::candles[0m[2m:[0m Inserted 34 5m candles for ICNTUSDT
[2m2026-01-29T07:30:37.412377Z[0m [32m INFO[0m [2mingestor_pairs::candles[0m[2m:[0m Loading 1h timeframe for ICNTUSDT
[2m2026-01-29T07:30:37.414175Z[0m [32m INFO[0m [2mingestor_pairs::candles[0m[2m:[0m Loading 4h timeframe for ICNTUSDT
[2m2026-01-29T07:30:37.804720Z[0m [32m INFO[0m [2mingestor_pairs::candles[0m[2m:[0m Inserted 0 4h candles for ICNTUSDT
[2m2026-01-29T07:30:37.811267Z[0m [32m INFO[0m [2mingestor_pairs::candles[0m[2m:[0m Inserted 3 1h candles for ICNTUSDT
[2m2026-01-29T07:30:37.814760Z[0m [32m INFO[0m [2mingestor_pairs::candles[0m[2m:[0m Loading 1d timeframe for ICNTUSDT
[2m2026-01-29T07:30:37.822187Z[0m [32m INFO[0m [2mingestor_pairs::candles[0m[2m:[0m Loading 1m timeframe for BULLAUSDT
[2m2026-01-29T07:30:38.214842Z[0m [32m INFO[0m [2mingestor_pairs::candles[0m[2m:[0m Inserted 0 1d candles for ICNTUSDT
[2m2026-01-29T07:30:38.225127Z[0m [32m INFO[0m [2mingestor_pairs::candles[0m[2m:[0m Loading 5m timeframe for BULLAUSDT
[2m2026-01-29T07:30:38.258387Z[0m [32m INFO[0m [2mingestor_pairs::candles[0m[2m:[0m Inserted 170 1m candles for BULLAUSDT
[2m2026-01-29T07:30:38.271519Z[0m [32m INFO[0m [2mingestor_pairs::candles[0m[2m:[0m Loading 15m timeframe for BULLAUSDT
[2m2026-01-29T07:30:38.589525Z[0m [32m INFO[0m [2mingestor_pairs::candles[0m[2m:[0m Inserted 12 15m candles for BULLAUSDT
[2m2026-01-29T07:30:38.591356Z[0m [32m INFO[0m [2mingestor_pairs::candles[0m[2m:[0m Inserted 34 5m candles for BULLAUSDT
[2m2026-01-29T07:30:38.599629Z[0m [32m INFO[0m [2mingestor_pairs::candles[0m[2m:[0m Loading 1h timeframe for BULLAUSDT
[2m2026-01-29T07:30:38.601530Z[0m [32m INFO[0m [2mingestor_pairs::candles[0m[2m:[0m Loading 4h timeframe for BULLAUSDT
[2m2026-01-29T07:30:38.914756Z[0m [32m INFO[0m [2mingestor_pairs::candles[0m[2m:[0m Inserted 3 1h candles for BULLAUSDT
[2m2026-01-29T07:30:38.915120Z[0m [32m INFO[0m [2mingestor_pairs::candles[0m[2m:[0m Inserted 0 4h candles for BULLAUSDT
[2m2026-01-29T07:30:38.923966Z[0m [32m INFO[0m [2mingestor_pairs::candles[0m[2m:[0m Loading 1d timeframe for BULLAUSDT
[2m2026-01-29T07:30:38.925894Z[0m [32m INFO[0m [2mingestor_pairs::candles[0m[2m:[0m Loading 1m timeframe for IDOLUSDT
[2m2026-01-29T07:30:39.340797Z[0m [32m INFO[0m [2mingestor_pairs::candles[0m[2m:[0m Inserted 0 1d candles for BULLAUSDT
[2m2026-01-29T07:30:39.350374Z[0m [32m INFO[0m [2mingestor_pairs::candles[0m[2m:[0m Loading 5m timeframe for IDOLUSDT
[2m2026-01-29T07:30:39.378548Z[0m [32m INFO[0m [2mingestor_pairs::candles[0m[2m:[0m Inserted 169 1m candles for IDOLUSDT
[2m2026-01-29T07:30:39.391677Z[0m [32m INFO[0m [2mingestor_pairs::candles[0m[2m:[0m Loading 15m timeframe for IDOLUSDT
[2m2026-01-29T07:30:39.758214Z[0m [32m INFO[0m [2mingestor_pairs::candles[0m[2m:[0m Inserted 12 15m candles for IDOLUSDT
[2m2026-01-29T07:30:39.760257Z[0m [32m INFO[0m [2mingestor_pairs::candles[0m[2m:[0m Inserted 34 5m candles for IDOLUSDT
[2m2026-01-29T07:30:39.767719Z[0m [32m INFO[0m [2mingestor_pairs::candles[0m[2m:[0m Loading 1h timeframe for IDOLUSDT
[2m2026-01-29T07:30:39.770499Z[0m [32m INFO[0m [2mingestor_pairs::candles[0m[2m:[0m Loading 4h timeframe for IDOLUSDT
[2m2026-01-29T07:30:40.160556Z[0m [32m INFO[0m [2mingestor_pairs::candles[0m[2m:[0m Inserted 0 4h candles for IDOLUSDT
[2m2026-01-29T07:30:40.168066Z[0m [32m INFO[0m [2mingestor_pairs::candles[0m[2m:[0m Inserted 3 1h candles for IDOLUSDT
[2m2026-01-29T07:30:40.170863Z[0m [32m INFO[0m [2mingestor_pairs::candles[0m[2m:[0m Loading 1d timeframe for IDOLUSDT
[2m2026-01-29T07:30:40.181175Z[0m [32m INFO[0m [2mingestor_pairs::candles[0m[2m:[0m Loading 1m timeframe for MUSDT
[2m2026-01-29T07:30:40.571454Z[0m [32m INFO[0m [2mingestor_pairs::candles[0m[2m:[0m Inserted 0 1d candles for IDOLUSDT
[2m2026-01-29T07:30:40.581181Z[0m [32m INFO[0m [2mingestor_pairs::candles[0m[2m:[0m Loading 5m timeframe for MUSDT
[2m2026-01-29T07:30:40.669987Z[0m [32m INFO[0m [2mingestor_pairs::candles[0m[2m:[0m Inserted 700 1m candles for MUSDT
[2m2026-01-29T07:30:40.674168Z[0m [32m INFO[0m [2mingestor_pairs::candles[0m[2m:[0m Loading 15m timeframe for MUSDT
[2m2026-01-29T07:30:41.036692Z[0m [32m INFO[0m [2mingestor_pairs::candles[0m[2m:[0m Inserted 700 15m candles for MUSDT
[2m2026-01-29T07:30:41.036897Z[0m [32m INFO[0m [2mingestor_pairs::candles[0m[2m:[0m Inserted 700 5m candles for MUSDT
[2m2026-01-29T07:30:41.044798Z[0m [32m INFO[0m [2mingestor_pairs::candles[0m[2m:[0m Loading 1h timeframe for MUSDT
[2m2026-01-29T07:30:41.046616Z[0m [32m INFO[0m [2mingestor_pairs::candles[0m[2m:[0m Loading 4h timeframe for MUSDT
[2m2026-01-29T07:30:41.427579Z[0m [32m INFO[0m [2mingestor_pairs::candles[0m[2m:[0m Inserted 700 1h candles for MUSDT
[2m2026-01-29T07:30:41.427657Z[0m [32m INFO[0m [2mingestor_pairs::candles[0m[2m:[0m Inserted 700 4h candles for MUSDT
[2m2026-01-29T07:30:41.430977Z[0m [32m INFO[0m [2mingestor_pairs::candles[0m[2m:[0m Loading 1m timeframe for PUMPUSDT
[2m2026-01-29T07:30:41.431323Z[0m [32m INFO[0m [2mingestor_pairs::candles[0m[2m:[0m Loading 1d timeframe for MUSDT
[2m2026-01-29T07:30:41.821004Z[0m [32m INFO[0m [2mingestor_pairs::candles[0m[2m:[0m Inserted 207 1d candles for MUSDT
[2m2026-01-29T07:30:41.824683Z[0m [32m INFO[0m [2mingestor_pairs::candles[0m[2m:[0m Inserted 169 1m candles for PUMPUSDT
[2m2026-01-29T07:30:41.824913Z[0m [32m INFO[0m [2mingestor_pairs::candles[0m[2m:[0m Loading 5m timeframe for PUMPUSDT
[2m2026-01-29T07:30:41.828121Z[0m [32m INFO[0m [2mingestor_pairs::candles[0m[2m:[0m Loading 15m timeframe for PUMPUSDT
[2m2026-01-29T07:30:42.215331Z[0m [32m INFO[0m [2mingestor_pairs::candles[0m[2m:[0m Inserted 12 15m candles for PUMPUSDT
[2m2026-01-29T07:30:42.217297Z[0m [32m INFO[0m [2mingestor_pairs::candles[0m[2m:[0m Inserted 34 5m candles for PUMPUSDT
[2m2026-01-29T07:30:42.224863Z[0m [32m INFO[0m [2mingestor_pairs::candles[0m[2m:[0m Loading 1h timeframe for PUMPUSDT
[2m2026-01-29T07:30:42.228035Z[0m [32m INFO[0m [2mingestor_pairs::candles[0m[2m:[0m Loading 4h timeframe for PUMPUSDT
[2m2026-01-29T07:30:42.617123Z[0m [32m INFO[0m [2mingestor_pairs::candles[0m[2m:[0m Inserted 0 4h candles for PUMPUSDT
[2m2026-01-29T07:30:42.625388Z[0m [32m INFO[0m [2mingestor_pairs::candles[0m[2m:[0m Inserted 3 1h candles for PUMPUSDT
[2m2026-01-29T07:30:42.627194Z[0m [32m INFO[0m [2mingestor_pairs::candles[0m[2m:[0m Loading 1d timeframe for PUMPUSDT
[2m2026-01-29T07:30:42.637376Z[0m [32m INFO[0m [2mingestor_pairs::candles[0m[2m:[0m Loading 1m timeframe for VELVETUSDT
[2m2026-01-29T07:30:43.028395Z[0m [32m INFO[0m [2mingestor_pairs::candles[0m[2m:[0m Inserted 0 1d candles for PUMPUSDT
[2m2026-01-29T07:30:43.038676Z[0m [32m INFO[0m [2mingestor_pairs::candles[0m[2m:[0m Loading 5m timeframe for VELVETUSDT
[2m2026-01-29T07:30:43.070502Z[0m [32m INFO[0m [2mingestor_pairs::candles[0m[2m:[0m Inserted 169 1m candles for VELVETUSDT
[2m2026-01-29T07:30:43.085060Z[0m [32m INFO[0m [2mingestor_pairs::candles[0m[2m:[0m Loading 15m timeframe for VELVETUSDT
[2m2026-01-29T07:30:43.446311Z[0m [32m INFO[0m [2mingestor_pairs::candles[0m[2m:[0m Inserted 12 15m candles for VELVETUSDT
[2m2026-01-29T07:30:43.447346Z[0m [32m INFO[0m [2mingestor_pairs::candles[0m[2m:[0m Inserted 34 5m candles for VELVETUSDT
[2m2026-01-29T07:30:43.455743Z[0m [32m INFO[0m [2mingestor_pairs::candles[0m[2m:[0m Loading 1h timeframe for VELVETUSDT
[2m2026-01-29T07:30:43.457128Z[0m [32m INFO[0m [2mingestor_pairs::candles[0m[2m:[0m Loading 4h timeframe for VELVETUSDT
[2m2026-01-29T07:30:43.767861Z[0m [32m INFO[0m [2mingestor_pairs::candles[0m[2m:[0m Inserted 3 1h candles for VELVETUSDT
[2m2026-01-29T07:30:43.770379Z[0m [32m INFO[0m [2mingestor_pairs::candles[0m[2m:[0m Inserted 0 4h candles for VELVETUSDT
[2m2026-01-29T07:30:43.776822Z[0m [32m INFO[0m [2mingestor_pairs::candles[0m[2m:[0m Loading 1d timeframe for VELVETUSDT
[2m2026-01-29T07:30:43.780434Z[0m [32m INFO[0m [2mingestor_pairs::candles[0m[2m:[0m Loading 1m timeframe for ERAUSDT
[2m2026-01-29T07:30:44.154831Z[0m [32m INFO[0m [2mingestor_pairs::candles[0m[2m:[0m Inserted 0 1d candles for VELVETUSDT
[2m2026-01-29T07:30:44.164537Z[0m [32m INFO[0m [2mingestor_pairs::candles[0m[2m:[0m Loading 5m timeframe for ERAUSDT
[2m2026-01-29T07:30:44.194931Z[0m [32m INFO[0m [2mingestor_pairs::candles[0m[2m:[0m Inserted 169 1m candles for ERAUSDT
[2m2026-01-29T07:30:44.207672Z[0m [32m INFO[0m [2mingestor_pairs::candles[0m[2m:[0m Loading 15m timeframe for ERAUSDT
[2m2026-01-29T07:30:44.673720Z[0m [32m INFO[0m [2mingestor_pairs::candles[0m[2m:[0m Inserted 12 15m candles for ERAUSDT
[2m2026-01-29T07:30:44.675548Z[0m [32m INFO[0m [2mingestor_pairs::candles[0m[2m:[0m Inserted 34 5m candles for ERAUSDT
[2m2026-01-29T07:30:44.682979Z[0m [32m INFO[0m [2mingestor_pairs::candles[0m[2m:[0m Loading 1h timeframe for ERAUSDT
[2m2026-01-29T07:30:44.685783Z[0m [32m INFO[0m [2mingestor_pairs::candles[0m[2m:[0m Loading 4h timeframe for ERAUSDT
[2m2026-01-29T07:30:45.076600Z[0m [32m INFO[0m [2mingestor_pairs::candles[0m[2m:[0m Inserted 0 4h candles for ERAUSDT
[2m2026-01-29T07:30:45.085137Z[0m [32m INFO[0m [2mingestor_pairs::candles[0m[2m:[0m Inserted 3 1h candles for ERAUSDT
[2m2026-01-29T07:30:45.087336Z[0m [32m INFO[0m [2mingestor_pairs::candles[0m[2m:[0m Loading 1d timeframe for ERAUSDT
[2m2026-01-29T07:30:45.095717Z[0m [32m INFO[0m [2mingestor_pairs::candles[0m[2m:[0m Loading 5m timeframe for CVXUSDT
[2m2026-01-29T07:30:45.485076Z[0m [32m INFO[0m [2mingestor_pairs::candles[0m[2m:[0m Inserted 0 1d candles for ERAUSDT
[2m2026-01-29T07:30:45.494711Z[0m [32m INFO[0m [2mingestor_pairs::candles[0m[2m:[0m Loading 1m timeframe for CVXUSDT
[2m2026-01-29T07:30:45.496556Z[0m [32m INFO[0m [2mingestor_pairs::candles[0m[2m:[0m Inserted 34 5m candles for CVXUSDT
[2m2026-01-29T07:30:45.512897Z[0m [32m INFO[0m [2mingestor_pairs::candles[0m[2m:[0m Loading 15m timeframe for CVXUSDT
[2m2026-01-29T07:30:45.901291Z[0m [32m INFO[0m [2mingestor_pairs::candles[0m[2m:[0m Inserted 12 15m candles for CVXUSDT
[2m2026-01-29T07:30:45.910331Z[0m [32m INFO[0m [2mingestor_pairs::candles[0m[2m:[0m Loading 1h timeframe for CVXUSDT
[2m2026-01-29T07:30:45.930359Z[0m [32m INFO[0m [2mingestor_pairs::candles[0m[2m:[0m Inserted 169 1m candles for CVXUSDT
[2m2026-01-29T07:30:45.941645Z[0m [32m INFO[0m [2mingestor_pairs::candles[0m[2m:[0m Loading 4h timeframe for CVXUSDT
[2m2026-01-29T07:30:46.304258Z[0m [32m INFO[0m [2mingestor_pairs::candles[0m[2m:[0m Inserted 0 4h candles for CVXUSDT
[2m2026-01-29T07:30:46.311673Z[0m [32m INFO[0m [2mingestor_pairs::candles[0m[2m:[0m Inserted 3 1h candles for CVXUSDT
[2m2026-01-29T07:30:46.312903Z[0m [32m INFO[0m [2mingestor_pairs::candles[0m[2m:[0m Loading 1d timeframe for CVXUSDT
[2m2026-01-29T07:30:46.326594Z[0m [32m INFO[0m [2mingestor_pairs::candles[0m[2m:[0m Loading 1m timeframe for SLPUSDT
[2m2026-01-29T07:30:46.714773Z[0m [32m INFO[0m [2mingestor_pairs::candles[0m[2m:[0m Inserted 0 1d candles for CVXUSDT
[2m2026-01-29T07:30:46.724204Z[0m [32m INFO[0m [2mingestor_pairs::candles[0m[2m:[0m Loading 5m timeframe for SLPUSDT
[2m2026-01-29T07:30:46.742624Z[0m [32m INFO[0m [2mingestor_pairs::candles[0m[2m:[0m Inserted 169 1m candles for SLPUSDT
[2m2026-01-29T07:30:46.750252Z[0m [32m INFO[0m [2mingestor_pairs::candles[0m[2m:[0m Loading 15m timeframe for SLPUSDT
[2m2026-01-29T07:30:47.035869Z[0m [32m INFO[0m [2mingestor_pairs::candles[0m[2m:[0m Inserted 34 5m candles for SLPUSDT
[2m2026-01-29T07:30:47.044485Z[0m [32m INFO[0m [2mingestor_pairs::candles[0m[2m:[0m Loading 1h timeframe for SLPUSDT
[2m2026-01-29T07:30:47.050030Z[0m [32m INFO[0m [2mingestor_pairs::candles[0m[2m:[0m Inserted 12 15m candles for SLPUSDT
[2m2026-01-29T07:30:47.057288Z[0m [32m INFO[0m [2mingestor_pairs::candles[0m[2m:[0m Loading 4h timeframe for SLPUSDT
[2m2026-01-29T07:30:47.434476Z[0m [32m INFO[0m [2mingestor_pairs::candles[0m[2m:[0m Inserted 0 4h candles for SLPUSDT
[2m2026-01-29T07:30:47.441526Z[0m [32m INFO[0m [2mingestor_pairs::candles[0m[2m:[0m Inserted 3 1h candles for SLPUSDT
[2m2026-01-29T07:30:47.444745Z[0m [32m INFO[0m [2mingestor_pairs::candles[0m[2m:[0m Loading 1d timeframe for SLPUSDT
[2m2026-01-29T07:30:47.461086Z[0m [32m INFO[0m [2mingestor_pairs::candles[0m[2m:[0m Loading 1m timeframe for ZORAUSDT
[2m2026-01-29T07:30:47.840481Z[0m [32m INFO[0m [2mingestor_pairs::candles[0m[2m:[0m Inserted 0 1d candles for SLPUSDT
[2m2026-01-29T07:30:47.850127Z[0m [32m INFO[0m [2mingestor_pairs::candles[0m[2m:[0m Loading 5m timeframe for ZORAUSDT
[2m2026-01-29T07:30:47.880271Z[0m [32m INFO[0m [2mingestor_pairs::candles[0m[2m:[0m Inserted 169 1m candles for ZORAUSDT
[2m2026-01-29T07:30:47.892887Z[0m [32m INFO[0m [2mingestor_pairs::candles[0m[2m:[0m Loading 15m timeframe for ZORAUSDT
[2m2026-01-29T07:30:48.256480Z[0m [32m INFO[0m [2mingestor_pairs::candles[0m[2m:[0m Inserted 12 15m candles for ZORAUSDT
[2m2026-01-29T07:30:48.258479Z[0m [32m INFO[0m [2mingestor_pairs::candles[0m[2m:[0m Inserted 34 5m candles for ZORAUSDT
[2m2026-01-29T07:30:48.265827Z[0m [32m INFO[0m [2mingestor_pairs::candles[0m[2m:[0m Loading 1h timeframe for ZORAUSDT
[2m2026-01-29T07:30:48.268716Z[0m [32m INFO[0m [2mingestor_pairs::candles[0m[2m:[0m Loading 4h timeframe for ZORAUSDT
[2m2026-01-29T07:30:48.658679Z[0m [32m INFO[0m [2mingestor_pairs::candles[0m[2m:[0m Inserted 0 4h candles for ZORAUSDT
[2m2026-01-29T07:30:48.666782Z[0m [32m INFO[0m [2mingestor_pairs::candles[0m[2m:[0m Inserted 3 1h candles for ZORAUSDT
[2m2026-01-29T07:30:48.668109Z[0m [32m INFO[0m [2mingestor_pairs::candles[0m[2m:[0m Loading 1d timeframe for ZORAUSDT
[2m2026-01-29T07:30:48.677295Z[0m [32m INFO[0m [2mingestor_pairs::candles[0m[2m:[0m Loading 1m timeframe for ESPORTSUSDT
[2m2026-01-29T07:30:49.068835Z[0m [32m INFO[0m [2mingestor_pairs::candles[0m[2m:[0m Inserted 0 1d candles for ZORAUSDT
[2m2026-01-29T07:30:49.078083Z[0m [32m INFO[0m [2mingestor_pairs::candles[0m[2m:[0m Loading 5m timeframe for ESPORTSUSDT
[2m2026-01-29T07:30:49.114319Z[0m [32m INFO[0m [2mingestor_pairs::candles[0m[2m:[0m Inserted 169 1m candles for ESPORTSUSDT
[2m2026-01-29T07:30:49.126054Z[0m [32m INFO[0m [2mingestor_pairs::candles[0m[2m:[0m Loading 15m timeframe for ESPORTSUSDT
[2m2026-01-29T07:30:49.485130Z[0m [32m INFO[0m [2mingestor_pairs::candles[0m[2m:[0m Inserted 12 15m candles for ESPORTSUSDT
[2m2026-01-29T07:30:49.493955Z[0m [32m INFO[0m [2mingestor_pairs::candles[0m[2m:[0m Loading 1h timeframe for ESPORTSUSDT
[2m2026-01-29T07:30:49.804977Z[0m [32m INFO[0m [2mingestor_pairs::candles[0m[2m:[0m Inserted 3 1h candles for ESPORTSUSDT
[2m2026-01-29T07:30:49.813393Z[0m [32m INFO[0m [2mingestor_pairs::candles[0m[2m:[0m Loading 4h timeframe for ESPORTSUSDT
[2m2026-01-29T07:30:50.195365Z[0m [32m INFO[0m [2mingestor_pairs::candles[0m[2m:[0m Inserted 0 4h candles for ESPORTSUSDT
[2m2026-01-29T07:30:50.204728Z[0m [32m INFO[0m [2mingestor_pairs::candles[0m[2m:[0m Loading 1d timeframe for ESPORTSUSDT
[2m2026-01-29T07:30:50.368470Z[0m [32m INFO[0m [2mingestor_pairs::candles[0m[2m:[0m Inserted 34 5m candles for ESPORTSUSDT
[2m2026-01-29T07:30:50.371534Z[0m [32m INFO[0m [2mingestor_pairs::candles[0m[2m:[0m Loading 1m timeframe for TREEUSDT
[2m2026-01-29T07:30:50.603951Z[0m [32m INFO[0m [2mingestor_pairs::candles[0m[2m:[0m Inserted 0 1d candles for ESPORTSUSDT
[2m2026-01-29T07:30:50.607746Z[0m [32m INFO[0m [2mingestor_pairs::candles[0m[2m:[0m Loading 5m timeframe for TREEUSDT
[2m2026-01-29T07:30:50.676928Z[0m [32m INFO[0m [2mingestor_pairs::candles[0m[2m:[0m Inserted 169 1m candles for TREEUSDT
[2m2026-01-29T07:30:50.680052Z[0m [32m INFO[0m [2mingestor_pairs::candles[0m[2m:[0m Loading 15m timeframe for TREEUSDT
[2m2026-01-29T07:30:50.922397Z[0m [32m INFO[0m [2mingestor_pairs::candles[0m[2m:[0m Inserted 34 5m candles for TREEUSDT
[2m2026-01-29T07:30:50.931192Z[0m [32m INFO[0m [2mingestor_pairs::candles[0m[2m:[0m Loading 1h timeframe for TREEUSDT
[2m2026-01-29T07:30:50.982177Z[0m [32m INFO[0m [2mingestor_pairs::candles[0m[2m:[0m Inserted 12 15m candles for TREEUSDT
[2m2026-01-29T07:30:50.999166Z[0m [32m INFO[0m [2mingestor_pairs::candles[0m[2m:[0m Loading 4h timeframe for TREEUSDT
[2m2026-01-29T07:30:51.322761Z[0m [32m INFO[0m [2mingestor_pairs::candles[0m[2m:[0m Inserted 0 4h candles for TREEUSDT
[2m2026-01-29T07:30:51.330064Z[0m [32m INFO[0m [2mingestor_pairs::candles[0m[2m:[0m Inserted 3 1h candles for TREEUSDT
[2m2026-01-29T07:30:51.333326Z[0m [32m INFO[0m [2mingestor_pairs::candles[0m[2m:[0m Loading 1d timeframe for TREEUSDT
[2m2026-01-29T07:30:51.349135Z[0m [32m INFO[0m [2mingestor_pairs::candles[0m[2m:[0m Loading 1m timeframe for PLAYUSDT
[2m2026-01-29T07:30:51.663871Z[0m [32m INFO[0m [2mingestor_pairs::candles[0m[2m:[0m Inserted 0 1d candles for TREEUSDT
[2m2026-01-29T07:30:51.672664Z[0m [32m INFO[0m [2mingestor_pairs::candles[0m[2m:[0m Loading 5m timeframe for PLAYUSDT
[2m2026-01-29T07:30:51.694178Z[0m [32m INFO[0m [2mingestor_pairs::candles[0m[2m:[0m Inserted 169 1m candles for PLAYUSDT
[2m2026-01-29T07:30:51.710979Z[0m [32m INFO[0m [2mingestor_pairs::candles[0m[2m:[0m Loading 15m timeframe for PLAYUSDT
[2m2026-01-29T07:30:52.046209Z[0m [32m INFO[0m [2mingestor_pairs::candles[0m[2m:[0m Inserted 12 15m candles for PLAYUSDT
[2m2026-01-29T07:30:52.048024Z[0m [32m INFO[0m [2mingestor_pairs::candles[0m[2m:[0m Inserted 34 5m candles for PLAYUSDT
[2m2026-01-29T07:30:52.056913Z[0m [32m INFO[0m [2mingestor_pairs::candles[0m[2m:[0m Loading 1h timeframe for PLAYUSDT
[2m2026-01-29T07:30:52.057402Z[0m [32m INFO[0m [2mingestor_pairs::candles[0m[2m:[0m Loading 4h timeframe for PLAYUSDT
[2m2026-01-29T07:30:52.450436Z[0m [32m INFO[0m [2mingestor_pairs::candles[0m[2m:[0m Inserted 0 4h candles for PLAYUSDT
[2m2026-01-29T07:30:52.457785Z[0m [32m INFO[0m [2mingestor_pairs::candles[0m[2m:[0m Inserted 3 1h candles for PLAYUSDT
[2m2026-01-29T07:30:52.460495Z[0m [32m INFO[0m [2mingestor_pairs::candles[0m[2m:[0m Loading 1d timeframe for PLAYUSDT
[2m2026-01-29T07:30:52.471244Z[0m [32m INFO[0m [2mingestor_pairs::candles[0m[2m:[0m Loading 1m timeframe for NAORISUSDT
[2m2026-01-29T07:30:52.857387Z[0m [32m INFO[0m [2mingestor_pairs::candles[0m[2m:[0m Inserted 0 1d candles for PLAYUSDT
[2m2026-01-29T07:30:52.866808Z[0m [32m INFO[0m [2mingestor_pairs::candles[0m[2m:[0m Loading 5m timeframe for NAORISUSDT
[2m2026-01-29T07:30:52.894013Z[0m [32m INFO[0m [2mingestor_pairs::candles[0m[2m:[0m Inserted 169 1m candles for NAORISUSDT
[2m2026-01-29T07:30:52.905428Z[0m [32m INFO[0m [2mingestor_pairs::candles[0m[2m:[0m Loading 15m timeframe for NAORISUSDT
[2m2026-01-29T07:30:53.275110Z[0m [32m INFO[0m [2mingestor_pairs::candles[0m[2m:[0m Inserted 12 15m candles for NAORISUSDT
[2m2026-01-29T07:30:53.276764Z[0m [32m INFO[0m [2mingestor_pairs::candles[0m[2m:[0m Inserted 34 5m candles for NAORISUSDT
[2m2026-01-29T07:30:53.284408Z[0m [32m INFO[0m [2mingestor_pairs::candles[0m[2m:[0m Loading 1h timeframe for NAORISUSDT
[2m2026-01-29T07:30:53.285977Z[0m [32m INFO[0m [2mingestor_pairs::candles[0m[2m:[0m Loading 4h timeframe for NAORISUSDT
[2m2026-01-29T07:30:53.678890Z[0m [32m INFO[0m [2mingestor_pairs::candles[0m[2m:[0m Inserted 0 4h candles for NAORISUSDT
[2m2026-01-29T07:30:53.686435Z[0m [32m INFO[0m [2mingestor_pairs::candles[0m[2m:[0m Inserted 3 1h candles for NAORISUSDT
[2m2026-01-29T07:30:53.689007Z[0m [32m INFO[0m [2mingestor_pairs::candles[0m[2m:[0m Loading 1d timeframe for NAORISUSDT
[2m2026-01-29T07:30:53.700219Z[0m [32m INFO[0m [2mingestor_pairs::candles[0m[2m:[0m Loading 1m timeframe for PROVEUSDT
[2m2026-01-29T07:30:54.087088Z[0m [32m INFO[0m [2mingestor_pairs::candles[0m[2m:[0m Inserted 0 1d candles for NAORISUSDT
[2m2026-01-29T07:30:54.097861Z[0m [32m INFO[0m [2mingestor_pairs::candles[0m[2m:[0m Loading 5m timeframe for PROVEUSDT
[2m2026-01-29T07:30:54.124126Z[0m [32m INFO[0m [2mingestor_pairs::candles[0m[2m:[0m Inserted 169 1m candles for PROVEUSDT
[2m2026-01-29T07:30:54.138118Z[0m [32m INFO[0m [2mingestor_pairs::candles[0m[2m:[0m Loading 15m timeframe for PROVEUSDT
[2m2026-01-29T07:30:54.504863Z[0m [32m INFO[0m [2mingestor_pairs::candles[0m[2m:[0m Inserted 12 15m candles for PROVEUSDT
[2m2026-01-29T07:30:54.506480Z[0m [32m INFO[0m [2mingestor_pairs::candles[0m[2m:[0m Inserted 34 5m candles for PROVEUSDT
[2m2026-01-29T07:30:54.514343Z[0m [32m INFO[0m [2mingestor_pairs::candles[0m[2m:[0m Loading 1h timeframe for PROVEUSDT
[2m2026-01-29T07:30:54.515536Z[0m [32m INFO[0m [2mingestor_pairs::candles[0m[2m:[0m Loading 4h timeframe for PROVEUSDT
[2m2026-01-29T07:30:54.826792Z[0m [32m INFO[0m [2mingestor_pairs::candles[0m[2m:[0m Inserted 3 1h candles for PROVEUSDT
[2m2026-01-29T07:30:54.828607Z[0m [32m INFO[0m [2mingestor_pairs::candles[0m[2m:[0m Inserted 0 4h candles for PROVEUSDT
[2m2026-01-29T07:30:54.836510Z[0m [32m INFO[0m [2mingestor_pairs::candles[0m[2m:[0m Loading 1d timeframe for PROVEUSDT
[2m2026-01-29T07:30:54.838324Z[0m [32m INFO[0m [2mingestor_pairs::candles[0m[2m:[0m Loading 1m timeframe for INUSDT
[2m2026-01-29T07:30:55.213972Z[0m [32m INFO[0m [2mingestor_pairs::candles[0m[2m:[0m Inserted 0 1d candles for PROVEUSDT
[2m2026-01-29T07:30:55.223741Z[0m [32m INFO[0m [2mingestor_pairs::candles[0m[2m:[0m Loading 5m timeframe for INUSDT
[2m2026-01-29T07:30:55.253735Z[0m [32m INFO[0m [2mingestor_pairs::candles[0m[2m:[0m Inserted 169 1m candles for INUSDT
[2m2026-01-29T07:30:55.274413Z[0m [32m INFO[0m [2mingestor_pairs::candles[0m[2m:[0m Loading 15m timeframe for INUSDT
[2m2026-01-29T07:30:55.628862Z[0m [32m INFO[0m [2mingestor_pairs::candles[0m[2m:[0m Inserted 12 15m candles for INUSDT
[2m2026-01-29T07:30:55.629472Z[0m [32m INFO[0m [2mingestor_pairs::candles[0m[2m:[0m Inserted 34 5m candles for INUSDT
[2m2026-01-29T07:30:55.632849Z[0m [32m INFO[0m [2mingestor_pairs::candles[0m[2m:[0m Loading 1h timeframe for INUSDT
[2m2026-01-29T07:30:55.633533Z[0m [32m INFO[0m [2mingestor_pairs::candles[0m[2m:[0m Loading 4h timeframe for INUSDT
[2m2026-01-29T07:30:56.032072Z[0m [32m INFO[0m [2mingestor_pairs::candles[0m[2m:[0m Inserted 0 4h candles for INUSDT
[2m2026-01-29T07:30:56.040591Z[0m [32m INFO[0m [2mingestor_pairs::candles[0m[2m:[0m Loading 1d timeframe for INUSDT
[2m2026-01-29T07:30:56.347458Z[0m [32m INFO[0m [2mingestor_pairs::candles[0m[2m:[0m Inserted 0 1d candles for INUSDT
[2m2026-01-29T07:30:56.357309Z[0m [32m INFO[0m [2mingestor_pairs::candles[0m[2m:[0m Loading 1m timeframe for YALAUSDT
[2m2026-01-29T07:30:56.512270Z[0m [32m INFO[0m [2mingestor_pairs::candles[0m[2m:[0m Inserted 3 1h candles for INUSDT
[2m2026-01-29T07:30:56.517857Z[0m [32m INFO[0m [2mingestor_pairs::candles[0m[2m:[0m Loading 5m timeframe for YALAUSDT
[2m2026-01-29T07:30:56.690216Z[0m [32m INFO[0m [2mingestor_pairs::candles[0m[2m:[0m Inserted 169 1m candles for YALAUSDT
[2m2026-01-29T07:30:56.697854Z[0m [32m INFO[0m [2mingestor_pairs::candles[0m[2m:[0m Loading 15m timeframe for YALAUSDT
[2m2026-01-29T07:30:56.862593Z[0m [32m INFO[0m [2mingestor_pairs::candles[0m[2m:[0m Inserted 34 5m candles for YALAUSDT
[2m2026-01-29T07:30:56.870664Z[0m [32m INFO[0m [2mingestor_pairs::candles[0m[2m:[0m Loading 1h timeframe for YALAUSDT
[2m2026-01-29T07:30:57.062272Z[0m [32m INFO[0m [2mingestor_pairs::candles[0m[2m:[0m Inserted 12 15m candles for YALAUSDT
[2m2026-01-29T07:30:57.070812Z[0m [32m INFO[0m [2mingestor_pairs::candles[0m[2m:[0m Loading 4h timeframe for YALAUSDT
[2m2026-01-29T07:30:57.169772Z[0m [32m INFO[0m [2mingestor_pairs::candles[0m[2m:[0m Inserted 3 1h candles for YALAUSDT
[2m2026-01-29T07:30:57.177820Z[0m [32m INFO[0m [2mingestor_pairs::candles[0m[2m:[0m Loading 1d timeframe for YALAUSDT
[2m2026-01-29T07:30:57.466968Z[0m [32m INFO[0m [2mingestor_pairs::candles[0m[2m:[0m Inserted 0 4h candles for YALAUSDT
[2m2026-01-29T07:30:57.476957Z[0m [32m INFO[0m [2mingestor_pairs::candles[0m[2m:[0m Inserted 0 1d candles for YALAUSDT
[2m2026-01-29T07:30:57.478227Z[0m [32m INFO[0m [2mingestor_pairs::candles[0m[2m:[0m Loading 1m timeframe for USELESSUSDT
[2m2026-01-29T07:30:57.487377Z[0m [32m INFO[0m [2mingestor_pairs::candles[0m[2m:[0m Loading 5m timeframe for USELESSUSDT
[2m2026-01-29T07:30:57.886837Z[0m [32m INFO[0m [2mingestor_pairs::candles[0m[2m:[0m Inserted 34 5m candles for USELESSUSDT
[2m2026-01-29T07:30:57.894976Z[0m [32m INFO[0m [2mingestor_pairs::candles[0m[2m:[0m Loading 15m timeframe for USELESSUSDT
[2m2026-01-29T07:30:57.905884Z[0m [32m INFO[0m [2mingestor_pairs::candles[0m[2m:[0m Inserted 169 1m candles for USELESSUSDT
[2m2026-01-29T07:30:57.920996Z[0m [32m INFO[0m [2mingestor_pairs::candles[0m[2m:[0m Loading 1h timeframe for USELESSUSDT
[2m2026-01-29T07:30:58.291784Z[0m [32m INFO[0m [2mingestor_pairs::candles[0m[2m:[0m Inserted 3 1h candles for USELESSUSDT
[2m2026-01-29T07:30:58.292311Z[0m [32m INFO[0m [2mingestor_pairs::candles[0m[2m:[0m Inserted 12 15m candles for USELESSUSDT
[2m2026-01-29T07:30:58.300851Z[0m [32m INFO[0m [2mingestor_pairs::candles[0m[2m:[0m Loading 4h timeframe for USELESSUSDT
[2m2026-01-29T07:30:58.301662Z[0m [32m INFO[0m [2mingestor_pairs::candles[0m[2m:[0m Loading 1d timeframe for USELESSUSDT
[2m2026-01-29T07:30:58.694240Z[0m [32m INFO[0m [2mingestor_pairs::candles[0m[2m:[0m Inserted 0 4h candles for USELESSUSDT
[2m2026-01-29T07:30:58.694240Z[0m [32m INFO[0m [2mingestor_pairs::candles[0m[2m:[0m Inserted 0 1d candles for USELESSUSDT
[2m2026-01-29T07:30:58.703971Z[0m [32m INFO[0m [2mingestor_pairs::candles[0m[2m:[0m Loading 5m timeframe for CUDISUSDT
[2m2026-01-29T07:30:58.705540Z[0m [32m INFO[0m [2mingestor_pairs::candles[0m[2m:[0m Loading 1m timeframe for CUDISUSDT
[2m2026-01-29T07:30:59.113210Z[0m [32m INFO[0m [2mingestor_pairs::candles[0m[2m:[0m Inserted 34 5m candles for CUDISUSDT
[2m2026-01-29T07:30:59.121124Z[0m [32m INFO[0m [2mingestor_pairs::candles[0m[2m:[0m Loading 15m timeframe for CUDISUSDT
[2m2026-01-29T07:30:59.134497Z[0m [32m INFO[0m [2mingestor_pairs::candles[0m[2m:[0m Inserted 169 1m candles for CUDISUSDT
[2m2026-01-29T07:30:59.147563Z[0m [32m INFO[0m [2mingestor_pairs::candles[0m[2m:[0m Loading 1h timeframe for CUDISUSDT
[2m2026-01-29T07:30:59.520454Z[0m [32m INFO[0m [2mingestor_pairs::candles[0m[2m:[0m Inserted 3 1h candles for CUDISUSDT
[2m2026-01-29T07:30:59.521297Z[0m [32m INFO[0m [2mingestor_pairs::candles[0m[2m:[0m Inserted 12 15m candles for CUDISUSDT
[2m2026-01-29T07:30:59.529777Z[0m [32m INFO[0m [2mingestor_pairs::candles[0m[2m:[0m Loading 4h timeframe for CUDISUSDT
[2m2026-01-29T07:30:59.531666Z[0m [32m INFO[0m [2mingestor_pairs::candles[0m[2m:[0m Loading 1d timeframe for CUDISUSDT
[2m2026-01-29T07:30:59.922807Z[0m [32m INFO[0m [2mingestor_pairs::candles[0m[2m:[0m Inserted 0 4h candles for CUDISUSDT
[2m2026-01-29T07:30:59.923073Z[0m [32m INFO[0m [2mingestor_pairs::candles[0m[2m:[0m Inserted 0 1d candles for CUDISUSDT
[2m2026-01-29T07:30:59.932138Z[0m [32m INFO[0m [2mingestor_pairs::candles[0m[2m:[0m Loading 1m timeframe for SAPIENUSDT
[2m2026-01-29T07:30:59.935130Z[0m [32m INFO[0m [2mingestor_pairs::candles[0m[2m:[0m Loading 5m timeframe for SAPIENUSDT
[2m2026-01-29T07:31:00.341753Z[0m [32m INFO[0m [2mingestor_pairs::candles[0m[2m:[0m Inserted 34 5m candles for SAPIENUSDT
[2m2026-01-29T07:31:00.349330Z[0m [32m INFO[0m [2mingestor_pairs::candles[0m[2m:[0m Loading 15m timeframe for SAPIENUSDT
[2m2026-01-29T07:31:00.362608Z[0m [32m INFO[0m [2mingestor_pairs::candles[0m[2m:[0m Inserted 169 1m candles for SAPIENUSDT
[2m2026-01-29T07:31:00.373383Z[0m [32m INFO[0m [2mingestor_pairs::candles[0m[2m:[0m Loading 1h timeframe for SAPIENUSDT
[2m2026-01-29T07:31:00.750275Z[0m [32m INFO[0m [2mingestor_pairs::candles[0m[2m:[0m Inserted 3 1h candles for SAPIENUSDT
[2m2026-01-29T07:31:00.750684Z[0m [32m INFO[0m [2mingestor_pairs::candles[0m[2m:[0m Inserted 12 15m candles for SAPIENUSDT
[2m2026-01-29T07:31:00.760408Z[0m [32m INFO[0m [2mingestor_pairs::candles[0m[2m:[0m Loading 4h timeframe for SAPIENUSDT
[2m2026-01-29T07:31:00.762378Z[0m [32m INFO[0m [2mingestor_pairs::candles[0m[2m:[0m Loading 1d timeframe for SAPIENUSDT
[2m2026-01-29T07:31:01.061034Z[0m [32m INFO[0m [2mingestor_pairs::candles[0m[2m:[0m Inserted 0 4h candles for SAPIENUSDT
[2m2026-01-29T07:31:01.064279Z[0m [32m INFO[0m [2mingestor_pairs::candles[0m[2m:[0m Inserted 0 1d candles for SAPIENUSDT
[2m2026-01-29T07:31:01.071093Z[0m [32m INFO[0m [2mingestor_pairs::candles[0m[2m:[0m Loading 1m timeframe for XPLUSDT
[2m2026-01-29T07:31:01.073269Z[0m [32m INFO[0m [2mingestor_pairs::candles[0m[2m:[0m Loading 5m timeframe for XPLUSDT
[2m2026-01-29T07:31:01.389408Z[0m [32m INFO[0m [2mingestor_pairs::candles[0m[2m:[0m Inserted 34 5m candles for XPLUSDT
[2m2026-01-29T07:31:01.397898Z[0m [32m INFO[0m [2mingestor_pairs::candles[0m[2m:[0m Loading 15m timeframe for XPLUSDT
[2m2026-01-29T07:31:01.411970Z[0m [32m INFO[0m [2mingestor_pairs::candles[0m[2m:[0m Inserted 169 1m candles for XPLUSDT
[2m2026-01-29T07:31:01.421887Z[0m [32m INFO[0m [2mingestor_pairs::candles[0m[2m:[0m Loading 1h timeframe for XPLUSDT
[2m2026-01-29T07:31:01.772251Z[0m [32m INFO[0m [2mingestor_pairs::candles[0m[2m:[0m Inserted 3 1h candles for XPLUSDT
[2m2026-01-29T07:31:01.772885Z[0m [32m INFO[0m [2mingestor_pairs::candles[0m[2m:[0m Inserted 12 15m candles for XPLUSDT
[2m2026-01-29T07:31:01.780416Z[0m [32m INFO[0m [2mingestor_pairs::candles[0m[2m:[0m Loading 4h timeframe for XPLUSDT
[2m2026-01-29T07:31:01.782125Z[0m [32m INFO[0m [2mingestor_pairs::candles[0m[2m:[0m Loading 1d timeframe for XPLUSDT
[2m2026-01-29T07:31:02.178622Z[0m [32m INFO[0m [2mingestor_pairs::candles[0m[2m:[0m Inserted 0 1d candles for XPLUSDT
[2m2026-01-29T07:31:02.178602Z[0m [32m INFO[0m [2mingestor_pairs::candles[0m[2m:[0m Inserted 0 4h candles for XPLUSDT
[2m2026-01-29T07:31:02.188340Z[0m [32m INFO[0m [2mingestor_pairs::candles[0m[2m:[0m Loading 5m timeframe for WLFIUSDT
[2m2026-01-29T07:31:02.190011Z[0m [32m INFO[0m [2mingestor_pairs::candles[0m[2m:[0m Loading 1m timeframe for WLFIUSDT
[2m2026-01-29T07:31:02.599300Z[0m [32m INFO[0m [2mingestor_pairs::candles[0m[2m:[0m Inserted 34 5m candles for WLFIUSDT
[2m2026-01-29T07:31:02.606698Z[0m [32m INFO[0m [2mingestor_pairs::candles[0m[2m:[0m Loading 15m timeframe for WLFIUSDT
[2m2026-01-29T07:31:02.621486Z[0m [32m INFO[0m [2mingestor_pairs::candles[0m[2m:[0m Inserted 169 1m candles for WLFIUSDT
[2m2026-01-29T07:31:02.630437Z[0m [32m INFO[0m [2mingestor_pairs::candles[0m[2m:[0m Loading 1h timeframe for WLFIUSDT
[2m2026-01-29T07:31:02.918661Z[0m [32m INFO[0m [2mingestor_pairs::candles[0m[2m:[0m Inserted 12 15m candles for WLFIUSDT
[2m2026-01-29T07:31:02.927101Z[0m [32m INFO[0m [2mingestor_pairs::candles[0m[2m:[0m Loading 4h timeframe for WLFIUSDT
[2m2026-01-29T07:31:02.935593Z[0m [32m INFO[0m [2mingestor_pairs::candles[0m[2m:[0m Inserted 3 1h candles for WLFIUSDT
[2m2026-01-29T07:31:02.951318Z[0m [32m INFO[0m [2mingestor_pairs::candles[0m[2m:[0m Loading 1d timeframe for WLFIUSDT
[2m2026-01-29T07:31:03.303039Z[0m [32m INFO[0m [2mingestor_pairs::candles[0m[2m:[0m Inserted 0 1d candles for WLFIUSDT
[2m2026-01-29T07:31:03.303051Z[0m [32m INFO[0m [2mingestor_pairs::candles[0m[2m:[0m Inserted 0 4h candles for WLFIUSDT
[2m2026-01-29T07:31:03.313027Z[0m [32m INFO[0m [2mingestor_pairs::candles[0m[2m:[0m Loading 5m timeframe for SOMIUSDT
[2m2026-01-29T07:31:03.314788Z[0m [32m INFO[0m [2mingestor_pairs::candles[0m[2m:[0m Loading 1m timeframe for SOMIUSDT
[2m2026-01-29T07:31:03.724194Z[0m [32m INFO[0m [2mingestor_pairs::candles[0m[2m:[0m Inserted 34 5m candles for SOMIUSDT
[2m2026-01-29T07:31:03.733800Z[0m [32m INFO[0m [2mingestor_pairs::candles[0m[2m:[0m Loading 15m timeframe for SOMIUSDT
[2m2026-01-29T07:31:03.750683Z[0m [32m INFO[0m [2mingestor_pairs::candles[0m[2m:[0m Inserted 170 1m candles for SOMIUSDT
[2m2026-01-29T07:31:03.764140Z[0m [32m INFO[0m [2mingestor_pairs::candles[0m[2m:[0m Loading 1h timeframe for SOMIUSDT
[2m2026-01-29T07:31:04.130558Z[0m [32m INFO[0m [2mingestor_pairs::candles[0m[2m:[0m Inserted 3 1h candles for SOMIUSDT
[2m2026-01-29T07:31:04.131039Z[0m [32m INFO[0m [2mingestor_pairs::candles[0m[2m:[0m Inserted 12 15m candles for SOMIUSDT
[2m2026-01-29T07:31:04.139536Z[0m [32m INFO[0m [2mingestor_pairs::candles[0m[2m:[0m Loading 4h timeframe for SOMIUSDT
[2m2026-01-29T07:31:04.140960Z[0m [32m INFO[0m [2mingestor_pairs::candles[0m[2m:[0m Loading 1d timeframe for SOMIUSDT
[2m2026-01-29T07:31:04.531560Z[0m [32m INFO[0m [2mingestor_pairs::candles[0m[2m:[0m Inserted 0 4h candles for SOMIUSDT
[2m2026-01-29T07:31:04.531620Z[0m [32m INFO[0m [2mingestor_pairs::candles[0m[2m:[0m Inserted 0 1d candles for SOMIUSDT
[2m2026-01-29T07:31:04.541215Z[0m [32m INFO[0m [2mingestor_pairs::candles[0m[2m:[0m Loading 1m timeframe for BASUSDT
[2m2026-01-29T07:31:04.543264Z[0m [32m INFO[0m [2mingestor_pairs::candles[0m[2m:[0m Loading 5m timeframe for BASUSDT
[2m2026-01-29T07:31:04.949388Z[0m [32m INFO[0m [2mingestor_pairs::candles[0m[2m:[0m Inserted 34 5m candles for BASUSDT
[2m2026-01-29T07:31:04.957258Z[0m [32m INFO[0m [2mingestor_pairs::candles[0m[2m:[0m Loading 15m timeframe for BASUSDT
[2m2026-01-29T07:31:04.979996Z[0m [32m INFO[0m [2mingestor_pairs::candles[0m[2m:[0m Inserted 169 1m candles for BASUSDT
[2m2026-01-29T07:31:04.990828Z[0m [32m INFO[0m [2mingestor_pairs::candles[0m[2m:[0m Loading 1h timeframe for BASUSDT
[2m2026-01-29T07:31:05.360438Z[0m [32m INFO[0m [2mingestor_pairs::candles[0m[2m:[0m Inserted 3 1h candles for BASUSDT
[2m2026-01-29T07:31:05.360953Z[0m [32m INFO[0m [2mingestor_pairs::candles[0m[2m:[0m Inserted 12 15m candles for BASUSDT
[2m2026-01-29T07:31:05.369537Z[0m [32m INFO[0m [2mingestor_pairs::candles[0m[2m:[0m Loading 4h timeframe for BASUSDT
[2m2026-01-29T07:31:05.371203Z[0m [32m INFO[0m [2mingestor_pairs::candles[0m[2m:[0m Loading 1d timeframe for BASUSDT
[2m2026-01-29T07:31:05.684816Z[0m [32m INFO[0m [2mingestor_pairs::candles[0m[2m:[0m Inserted 0 4h candles for BASUSDT
[2m2026-01-29T07:31:05.689653Z[0m [32m INFO[0m [2mingestor_pairs::candles[0m[2m:[0m Inserted 0 1d candles for BASUSDT
[2m2026-01-29T07:31:05.694212Z[0m [32m INFO[0m [2mingestor_pairs::candles[0m[2m:[0m Loading 1m timeframe for BTRUSDT
[2m2026-01-29T07:31:05.697464Z[0m [32m INFO[0m [2mingestor_pairs::candles[0m[2m:[0m Loading 5m timeframe for BTRUSDT
[2m2026-01-29T07:31:06.080638Z[0m [32m INFO[0m [2mingestor_pairs::candles[0m[2m:[0m Inserted 34 5m candles for BTRUSDT
[2m2026-01-29T07:31:06.089491Z[0m [32m INFO[0m [2mingestor_pairs::candles[0m[2m:[0m Loading 15m timeframe for BTRUSDT
[2m2026-01-29T07:31:06.106585Z[0m [32m INFO[0m [2mingestor_pairs::candles[0m[2m:[0m Inserted 170 1m candles for BTRUSDT
[2m2026-01-29T07:31:06.121640Z[0m [32m INFO[0m [2mingestor_pairs::candles[0m[2m:[0m Loading 1h timeframe for BTRUSDT
[2m2026-01-29T07:31:06.483617Z[0m [32m INFO[0m [2mingestor_pairs::candles[0m[2m:[0m Inserted 3 1h candles for BTRUSDT
[2m2026-01-29T07:31:06.484122Z[0m [32m INFO[0m [2mingestor_pairs::candles[0m[2m:[0m Inserted 12 15m candles for BTRUSDT
[2m2026-01-29T07:31:06.493394Z[0m [32m INFO[0m [2mingestor_pairs::candles[0m[2m:[0m Loading 4h timeframe for BTRUSDT
[2m2026-01-29T07:31:06.494012Z[0m [32m INFO[0m [2mingestor_pairs::candles[0m[2m:[0m Loading 1d timeframe for BTRUSDT
[2m2026-01-29T07:31:06.886601Z[0m [32m INFO[0m [2mingestor_pairs::candles[0m[2m:[0m Inserted 0 4h candles for BTRUSDT
[2m2026-01-29T07:31:06.886621Z[0m [32m INFO[0m [2mingestor_pairs::candles[0m[2m:[0m Inserted 0 1d candles for BTRUSDT
[2m2026-01-29T07:31:06.896246Z[0m [32m INFO[0m [2mingestor_pairs::candles[0m[2m:[0m Loading 1m timeframe for HEMIUSDT
[2m2026-01-29T07:31:06.896645Z[0m [32m INFO[0m [2mingestor_pairs::candles[0m[2m:[0m Loading 5m timeframe for HEMIUSDT
[2m2026-01-29T07:31:07.215245Z[0m [32m INFO[0m [2mingestor_pairs::candles[0m[2m:[0m Inserted 34 5m candles for HEMIUSDT
[2m2026-01-29T07:31:07.223692Z[0m [32m INFO[0m [2mingestor_pairs::candles[0m[2m:[0m Loading 15m timeframe for HEMIUSDT
[2m2026-01-29T07:31:07.260800Z[0m [32m INFO[0m [2mingestor_pairs::candles[0m[2m:[0m Inserted 170 1m candles for HEMIUSDT
[2m2026-01-29T07:31:07.278369Z[0m [32m INFO[0m [2mingestor_pairs::candles[0m[2m:[0m Loading 1h timeframe for HEMIUSDT
[2m2026-01-29T07:31:07.611302Z[0m [32m INFO[0m [2mingestor_pairs::candles[0m[2m:[0m Inserted 3 1h candles for HEMIUSDT
[2m2026-01-29T07:31:07.612607Z[0m [32m INFO[0m [2mingestor_pairs::candles[0m[2m:[0m Inserted 12 15m candles for HEMIUSDT
[2m2026-01-29T07:31:07.621609Z[0m [32m INFO[0m [2mingestor_pairs::candles[0m[2m:[0m Loading 4h timeframe for HEMIUSDT
[2m2026-01-29T07:31:07.622127Z[0m [32m INFO[0m [2mingestor_pairs::candles[0m[2m:[0m Loading 1d timeframe for HEMIUSDT
[2m2026-01-29T07:31:08.013218Z[0m [32m INFO[0m [2mingestor_pairs::candles[0m[2m:[0m Inserted 0 4h candles for HEMIUSDT
[2m2026-01-29T07:31:08.013318Z[0m [32m INFO[0m [2mingestor_pairs::candles[0m[2m:[0m Inserted 0 1d candles for HEMIUSDT
[2m2026-01-29T07:31:08.023565Z[0m [32m INFO[0m [2mingestor_pairs::candles[0m[2m:[0m Loading 1m timeframe for LINEAUSDT
[2m2026-01-29T07:31:08.025212Z[0m [32m INFO[0m [2mingestor_pairs::candles[0m[2m:[0m Loading 5m timeframe for LINEAUSDT
[2m2026-01-29T07:31:08.431930Z[0m [32m INFO[0m [2mingestor_pairs::candles[0m[2m:[0m Inserted 34 5m candles for LINEAUSDT
[2m2026-01-29T07:31:08.440056Z[0m [32m INFO[0m [2mingestor_pairs::candles[0m[2m:[0m Loading 15m timeframe for LINEAUSDT
[2m2026-01-29T07:31:08.459582Z[0m [32m INFO[0m [2mingestor_pairs::candles[0m[2m:[0m Inserted 170 1m candles for LINEAUSDT
[2m2026-01-29T07:31:08.475978Z[0m [32m INFO[0m [2mingestor_pairs::candles[0m[2m:[0m Loading 1h timeframe for LINEAUSDT
[2m2026-01-29T07:31:08.839012Z[0m [32m INFO[0m [2mingestor_pairs::candles[0m[2m:[0m Inserted 3 1h candles for LINEAUSDT
[2m2026-01-29T07:31:08.839583Z[0m [32m INFO[0m [2mingestor_pairs::candles[0m[2m:[0m Inserted 12 15m candles for LINEAUSDT
[2m2026-01-29T07:31:08.848085Z[0m [32m INFO[0m [2mingestor_pairs::candles[0m[2m:[0m Loading 4h timeframe for LINEAUSDT
[2m2026-01-29T07:31:08.851316Z[0m [32m INFO[0m [2mingestor_pairs::candles[0m[2m:[0m Loading 1d timeframe for LINEAUSDT
[2m2026-01-29T07:31:09.241797Z[0m [32m INFO[0m [2mingestor_pairs::candles[0m[2m:[0m Inserted 0 1d candles for LINEAUSDT
[2m2026-01-29T07:31:09.241808Z[0m [32m INFO[0m [2mingestor_pairs::candles[0m[2m:[0m Inserted 0 4h candles for LINEAUSDT
[2m2026-01-29T07:31:09.251108Z[0m [32m INFO[0m [2mingestor_pairs::candles[0m[2m:[0m Loading 1m timeframe for QUSDT
[2m2026-01-29T07:31:09.252688Z[0m [32m INFO[0m [2mingestor_pairs::candles[0m[2m:[0m Loading 5m timeframe for QUSDT
[2m2026-01-29T07:31:09.662573Z[0m [32m INFO[0m [2mingestor_pairs::candles[0m[2m:[0m Inserted 34 5m candles for QUSDT
[2m2026-01-29T07:31:09.671045Z[0m [32m INFO[0m [2mingestor_pairs::candles[0m[2m:[0m Loading 15m timeframe for QUSDT
[2m2026-01-29T07:31:09.692253Z[0m [32m INFO[0m [2mingestor_pairs::candles[0m[2m:[0m Inserted 170 1m candles for QUSDT
[2m2026-01-29T07:31:09.702974Z[0m [32m INFO[0m [2mingestor_pairs::candles[0m[2m:[0m Loading 1h timeframe for QUSDT
[2m2026-01-29T07:31:09.985185Z[0m [32m INFO[0m [2mingestor_pairs::candles[0m[2m:[0m Inserted 12 15m candles for QUSDT
[2m2026-01-29T07:31:09.992654Z[0m [32m INFO[0m [2mingestor_pairs::candles[0m[2m:[0m Loading 4h timeframe for QUSDT
[2m2026-01-29T07:31:10.007761Z[0m [32m INFO[0m [2mingestor_pairs::candles[0m[2m:[0m Inserted 3 1h candles for QUSDT
[2m2026-01-29T07:31:10.013310Z[0m [32m INFO[0m [2mingestor_pairs::candles[0m[2m:[0m Loading 1d timeframe for QUSDT
[2m2026-01-29T07:31:10.370167Z[0m [32m INFO[0m [2mingestor_pairs::candles[0m[2m:[0m Inserted 0 1d candles for QUSDT
[2m2026-01-29T07:31:10.370215Z[0m [32m INFO[0m [2mingestor_pairs::candles[0m[2m:[0m Inserted 0 4h candles for QUSDT
[2m2026-01-29T07:31:10.381308Z[0m [32m INFO[0m [2mingestor_pairs::candles[0m[2m:[0m Loading 5m timeframe for TAKEUSDT
[2m2026-01-29T07:31:10.382951Z[0m [32m INFO[0m [2mingestor_pairs::candles[0m[2m:[0m Loading 1m timeframe for TAKEUSDT
[2m2026-01-29T07:31:10.785909Z[0m [32m INFO[0m [2mingestor_pairs::candles[0m[2m:[0m Inserted 34 5m candles for TAKEUSDT
[2m2026-01-29T07:31:10.792224Z[0m [32m INFO[0m [2mingestor_pairs::candles[0m[2m:[0m Loading 15m timeframe for TAKEUSDT
[2m2026-01-29T07:31:10.799716Z[0m [32m INFO[0m [2mingestor_pairs::candles[0m[2m:[0m Inserted 170 1m candles for TAKEUSDT
[2m2026-01-29T07:31:10.804500Z[0m [32m INFO[0m [2mingestor_pairs::candles[0m[2m:[0m Loading 1h timeframe for TAKEUSDT
[2m2026-01-29T07:31:11.195249Z[0m [32m INFO[0m [2mingestor_pairs::candles[0m[2m:[0m Inserted 3 1h candles for TAKEUSDT
[2m2026-01-29T07:31:11.195761Z[0m [32m INFO[0m [2mingestor_pairs::candles[0m[2m:[0m Inserted 12 15m candles for TAKEUSDT
[2m2026-01-29T07:31:11.204878Z[0m [32m INFO[0m [2mingestor_pairs::candles[0m[2m:[0m Loading 1d timeframe for TAKEUSDT
[2m2026-01-29T07:31:11.207018Z[0m [32m INFO[0m [2mingestor_pairs::candles[0m[2m:[0m Loading 4h timeframe for TAKEUSDT
[2m2026-01-29T07:31:11.597372Z[0m [32m INFO[0m [2mingestor_pairs::candles[0m[2m:[0m Inserted 0 1d candles for TAKEUSDT
[2m2026-01-29T07:31:11.597458Z[0m [32m INFO[0m [2mingestor_pairs::candles[0m[2m:[0m Inserted 0 4h candles for TAKEUSDT
[2m2026-01-29T07:31:11.608317Z[0m [32m INFO[0m [2mingestor_pairs::candles[0m[2m:[0m Loading 5m timeframe for PTBUSDT
[2m2026-01-29T07:31:11.609308Z[0m [32m INFO[0m [2mingestor_pairs::candles[0m[2m:[0m Loading 1m timeframe for PTBUSDT
[2m2026-01-29T07:31:11.928066Z[0m [32m INFO[0m [2mingestor_pairs::candles[0m[2m:[0m Inserted 34 5m candles for PTBUSDT
[2m2026-01-29T07:31:11.936709Z[0m [32m INFO[0m [2mingestor_pairs::candles[0m[2m:[0m Loading 15m timeframe for PTBUSDT
[2m2026-01-29T07:31:11.957152Z[0m [32m INFO[0m [2mingestor_pairs::candles[0m[2m:[0m Inserted 170 1m candles for PTBUSDT
[2m2026-01-29T07:31:11.970369Z[0m [32m INFO[0m [2mingestor_pairs::candles[0m[2m:[0m Loading 1h timeframe for PTBUSDT
[2m2026-01-29T07:31:12.255946Z[0m [32m INFO[0m [2mingestor_pairs::candles[0m[2m:[0m Inserted 12 15m candles for PTBUSDT
[2m2026-01-29T07:31:12.264597Z[0m [32m INFO[0m [2mingestor_pairs::candles[0m[2m:[0m Loading 4h timeframe for PTBUSDT
[2m2026-01-29T07:31:12.294780Z[0m [32m INFO[0m [2mingestor_pairs::candles[0m[2m:[0m Inserted 3 1h candles for PTBUSDT
[2m2026-01-29T07:31:12.306718Z[0m [32m INFO[0m [2mingestor_pairs::candles[0m[2m:[0m Loading 1d timeframe for PTBUSDT
[2m2026-01-29T07:31:12.623959Z[0m [32m INFO[0m [2mingestor_pairs::candles[0m[2m:[0m Inserted 0 1d candles for PTBUSDT
[2m2026-01-29T07:31:12.624102Z[0m [32m INFO[0m [2mingestor_pairs::candles[0m[2m:[0m Inserted 0 4h candles for PTBUSDT
[2m2026-01-29T07:31:12.634628Z[0m [32m INFO[0m [2mingestor_pairs::candles[0m[2m:[0m Loading 5m timeframe for OPENUSDT
[2m2026-01-29T07:31:12.635202Z[0m [32m INFO[0m [2mingestor_pairs::candles[0m[2m:[0m Loading 1m timeframe for OPENUSDT
[2m2026-01-29T07:31:13.039551Z[0m [32m INFO[0m [2mingestor_pairs::candles[0m[2m:[0m Inserted 34 5m candles for OPENUSDT
[2m2026-01-29T07:31:13.049154Z[0m [32m INFO[0m [2mingestor_pairs::candles[0m[2m:[0m Loading 15m timeframe for OPENUSDT
[2m2026-01-29T07:31:13.064793Z[0m [32m INFO[0m [2mingestor_pairs::candles[0m[2m:[0m Inserted 170 1m candles for OPENUSDT
[2m2026-01-29T07:31:13.077019Z[0m [32m INFO[0m [2mingestor_pairs::candles[0m[2m:[0m Loading 1h timeframe for OPENUSDT
[2m2026-01-29T07:31:13.446958Z[0m [32m INFO[0m [2mingestor_pairs::candles[0m[2m:[0m Inserted 3 1h candles for OPENUSDT
[2m2026-01-29T07:31:13.447299Z[0m [32m INFO[0m [2mingestor_pairs::candles[0m[2m:[0m Inserted 12 15m candles for OPENUSDT
[2m2026-01-29T07:31:13.456995Z[0m [32m INFO[0m [2mingestor_pairs::candles[0m[2m:[0m Loading 4h timeframe for OPENUSDT
[2m2026-01-29T07:31:13.458387Z[0m [32m INFO[0m [2mingestor_pairs::candles[0m[2m:[0m Loading 1d timeframe for OPENUSDT
[2m2026-01-29T07:31:13.849519Z[0m [32m INFO[0m [2mingestor_pairs::candles[0m[2m:[0m Inserted 0 4h candles for OPENUSDT
[2m2026-01-29T07:31:13.849605Z[0m [32m INFO[0m [2mingestor_pairs::candles[0m[2m:[0m Inserted 0 1d candles for OPENUSDT
[2m2026-01-29T07:31:13.859313Z[0m [32m INFO[0m [2mingestor_pairs::candles[0m[2m:[0m Loading 5m timeframe for FLOCKUSDT
[2m2026-01-29T07:31:13.862002Z[0m [32m INFO[0m [2mingestor_pairs::candles[0m[2m:[0m Loading 1m timeframe for FLOCKUSDT
[2m2026-01-29T07:31:14.177308Z[0m [32m INFO[0m [2mingestor_pairs::candles[0m[2m:[0m Inserted 34 5m candles for FLOCKUSDT
[2m2026-01-29T07:31:14.185971Z[0m [32m INFO[0m [2mingestor_pairs::candles[0m[2m:[0m Loading 15m timeframe for FLOCKUSDT
[2m2026-01-29T07:31:14.200285Z[0m [32m INFO[0m [2mingestor_pairs::candles[0m[2m:[0m Inserted 170 1m candles for FLOCKUSDT
[2m2026-01-29T07:31:14.215171Z[0m [32m INFO[0m [2mingestor_pairs::candles[0m[2m:[0m Loading 1h timeframe for FLOCKUSDT
[2m2026-01-29T07:31:14.577170Z[0m [32m INFO[0m [2mingestor_pairs::candles[0m[2m:[0m Inserted 3 1h candles for FLOCKUSDT
[2m2026-01-29T07:31:14.578082Z[0m [32m INFO[0m [2mingestor_pairs::candles[0m[2m:[0m Inserted 12 15m candles for FLOCKUSDT
[2m2026-01-29T07:31:14.587214Z[0m [32m INFO[0m [2mingestor_pairs::candles[0m[2m:[0m Loading 4h timeframe for FLOCKUSDT
[2m2026-01-29T07:31:14.588812Z[0m [32m INFO[0m [2mingestor_pairs::candles[0m[2m:[0m Loading 1d timeframe for FLOCKUSDT
[2m2026-01-29T07:31:14.889022Z[0m [32m INFO[0m [2mingestor_pairs::candles[0m[2m:[0m Inserted 0 4h candles for FLOCKUSDT
[2m2026-01-29T07:31:14.897953Z[0m [32m INFO[0m [2mingestor_pairs::candles[0m[2m:[0m Loading 1m timeframe for SKYUSDT
[2m2026-01-29T07:31:14.920650Z[0m [32m INFO[0m [2mingestor_pairs::candles[0m[2m:[0m Inserted 0 1d candles for FLOCKUSDT
[2m2026-01-29T07:31:14.935125Z[0m [32m INFO[0m [2mingestor_pairs::candles[0m[2m:[0m Loading 5m timeframe for SKYUSDT
[2m2026-01-29T07:31:15.252462Z[0m [32m INFO[0m [2mingestor_pairs::candles[0m[2m:[0m Inserted 34 5m candles for SKYUSDT
[2m2026-01-29T07:31:15.261100Z[0m [32m INFO[0m [2mingestor_pairs::candles[0m[2m:[0m Loading 15m timeframe for SKYUSDT
[2m2026-01-29T07:31:15.264416Z[0m [32m INFO[0m [2mingestor_pairs::candles[0m[2m:[0m Inserted 170 1m candles for SKYUSDT
[2m2026-01-29T07:31:15.275231Z[0m [32m INFO[0m [2mingestor_pairs::candles[0m[2m:[0m Loading 1h timeframe for SKYUSDT
[2m2026-01-29T07:31:15.594345Z[0m [32m INFO[0m [2mingestor_pairs::candles[0m[2m:[0m Inserted 3 1h candles for SKYUSDT
[2m2026-01-29T07:31:15.594798Z[0m [32m INFO[0m [2mingestor_pairs::candles[0m[2m:[0m Inserted 12 15m candles for SKYUSDT
[2m2026-01-29T07:31:15.600090Z[0m [32m INFO[0m [2mingestor_pairs::candles[0m[2m:[0m Loading 4h timeframe for SKYUSDT
[2m2026-01-29T07:31:15.600756Z[0m [32m INFO[0m [2mingestor_pairs::candles[0m[2m:[0m Loading 1d timeframe for SKYUSDT
[2m2026-01-29T07:31:16.004652Z[0m [32m INFO[0m [2mingestor_pairs::candles[0m[2m:[0m Inserted 0 1d candles for SKYUSDT
[2m2026-01-29T07:31:16.004776Z[0m [32m INFO[0m [2mingestor_pairs::candles[0m[2m:[0m Inserted 0 4h candles for SKYUSDT
[2m2026-01-29T07:31:16.013729Z[0m [32m INFO[0m [2mingestor_pairs::candles[0m[2m:[0m Loading 1m timeframe for AVNTUSDT
[2m2026-01-29T07:31:16.014721Z[0m [32m INFO[0m [2mingestor_pairs::candles[0m[2m:[0m Loading 5m timeframe for AVNTUSDT
[2m2026-01-29T07:31:16.376485Z[0m [32m INFO[0m [2mingestor_pairs::candles[0m[2m:[0m Inserted 34 5m candles for AVNTUSDT
[2m2026-01-29T07:31:16.385214Z[0m [32m INFO[0m [2mingestor_pairs::candles[0m[2m:[0m Loading 15m timeframe for AVNTUSDT
[2m2026-01-29T07:31:16.408386Z[0m [32m INFO[0m [2mingestor_pairs::candles[0m[2m:[0m Inserted 170 1m candles for AVNTUSDT
[2m2026-01-29T07:31:16.421206Z[0m [32m INFO[0m [2mingestor_pairs::candles[0m[2m:[0m Loading 1h timeframe for AVNTUSDT
[2m2026-01-29T07:31:16.723850Z[0m [32m INFO[0m [2mingestor_pairs::candles[0m[2m:[0m Inserted 12 15m candles for AVNTUSDT
[2m2026-01-29T07:31:16.729923Z[0m [32m INFO[0m [2mingestor_pairs::candles[0m[2m:[0m Inserted 3 1h candles for AVNTUSDT
[2m2026-01-29T07:31:16.732838Z[0m [32m INFO[0m [2mingestor_pairs::candles[0m[2m:[0m Loading 4h timeframe for AVNTUSDT
[2m2026-01-29T07:31:16.739099Z[0m [32m INFO[0m [2mingestor_pairs::candles[0m[2m:[0m Loading 1d timeframe for AVNTUSDT
[2m2026-01-29T07:31:17.049366Z[0m [32m INFO[0m [2mingestor_pairs::candles[0m[2m:[0m Inserted 0 4h candles for AVNTUSDT
[2m2026-01-29T07:31:17.058703Z[0m [32m INFO[0m [2mingestor_pairs::candles[0m[2m:[0m Loading 1m timeframe for HOLOUSDT
[2m2026-01-29T07:31:17.064072Z[0m [32m INFO[0m [2mingestor_pairs::candles[0m[2m:[0m Inserted 0 1d candles for AVNTUSDT
[2m2026-01-29T07:31:17.082414Z[0m [32m INFO[0m [2mingestor_pairs::candles[0m[2m:[0m Loading 5m timeframe for HOLOUSDT
[2m2026-01-29T07:31:17.444269Z[0m [32m INFO[0m [2mingestor_pairs::candles[0m[2m:[0m Inserted 34 5m candles for HOLOUSDT
[2m2026-01-29T07:31:17.452817Z[0m [32m INFO[0m [2mingestor_pairs::candles[0m[2m:[0m Loading 15m timeframe for HOLOUSDT
[2m2026-01-29T07:31:17.473248Z[0m [32m INFO[0m [2mingestor_pairs::candles[0m[2m:[0m Inserted 170 1m candles for HOLOUSDT
[2m2026-01-29T07:31:17.483873Z[0m [32m INFO[0m [2mingestor_pairs::candles[0m[2m:[0m Loading 1h timeframe for HOLOUSDT
[2m2026-01-29T07:31:17.848818Z[0m [32m INFO[0m [2mingestor_pairs::candles[0m[2m:[0m Inserted 3 1h candles for HOLOUSDT
[2m2026-01-29T07:31:17.849806Z[0m [32m INFO[0m [2mingestor_pairs::candles[0m[2m:[0m Inserted 12 15m candles for HOLOUSDT
[2m2026-01-29T07:31:17.856576Z[0m [32m INFO[0m [2mingestor_pairs::candles[0m[2m:[0m Loading 4h timeframe for HOLOUSDT
[2m2026-01-29T07:31:17.857155Z[0m [32m INFO[0m [2mingestor_pairs::candles[0m[2m:[0m Loading 1d timeframe for HOLOUSDT
[2m2026-01-29T07:31:18.253329Z[0m [32m INFO[0m [2mingestor_pairs::candles[0m[2m:[0m Inserted 0 1d candles for HOLOUSDT
[2m2026-01-29T07:31:18.253600Z[0m [32m INFO[0m [2mingestor_pairs::candles[0m[2m:[0m Inserted 0 4h candles for HOLOUSDT
[2m2026-01-29T07:31:18.261422Z[0m [32m INFO[0m [2mingestor_pairs::candles[0m[2m:[0m Loading 1m timeframe for XPINUSDT
[2m2026-01-29T07:31:18.262528Z[0m [32m INFO[0m [2mingestor_pairs::candles[0m[2m:[0m Loading 5m timeframe for XPINUSDT
[2m2026-01-29T07:31:18.599442Z[0m [32m INFO[0m [2mingestor_pairs::candles[0m[2m:[0m Inserted 34 5m candles for XPINUSDT
[2m2026-01-29T07:31:18.607473Z[0m [32m INFO[0m [2mingestor_pairs::candles[0m[2m:[0m Loading 15m timeframe for XPINUSDT
[2m2026-01-29T07:31:18.613974Z[0m [32m INFO[0m [2mingestor_pairs::candles[0m[2m:[0m Inserted 170 1m candles for XPINUSDT
[2m2026-01-29T07:31:18.618500Z[0m [32m INFO[0m [2mingestor_pairs::candles[0m[2m:[0m Loading 1d timeframe for XPINUSDT
[2m2026-01-29T07:31:18.970128Z[0m [32m INFO[0m [2mingestor_pairs::candles[0m[2m:[0m Inserted 0 1d candles for XPINUSDT
[2m2026-01-29T07:31:18.977945Z[0m [32m INFO[0m [2mingestor_pairs::candles[0m[2m:[0m Inserted 12 15m candles for XPINUSDT
[2m2026-01-29T07:31:18.978379Z[0m [32m INFO[0m [2mingestor_pairs::candles[0m[2m:[0m Loading 1h timeframe for XPINUSDT
[2m2026-01-29T07:31:18.986140Z[0m [32m INFO[0m [2mingestor_pairs::candles[0m[2m:[0m Loading 4h timeframe for XPINUSDT
[2m2026-01-29T07:31:19.379246Z[0m [32m INFO[0m [2mingestor_pairs::candles[0m[2m:[0m Inserted 0 4h candles for XPINUSDT
[2m2026-01-29T07:31:19.386084Z[0m [32m INFO[0m [2mingestor_pairs::candles[0m[2m:[0m Inserted 3 1h candles for XPINUSDT
[2m2026-01-29T07:31:19.386709Z[0m [32m INFO[0m [2mingestor_pairs::candles[0m[2m:[0m Loading 1m timeframe for ZKCUSDT
[2m2026-01-29T07:31:19.391325Z[0m [32m INFO[0m [2mingestor_pairs::candles[0m[2m:[0m Loading 5m timeframe for ZKCUSDT
[2m2026-01-29T07:31:19.794487Z[0m [32m INFO[0m [2mingestor_pairs::candles[0m[2m:[0m Inserted 34 5m candles for ZKCUSDT
[2m2026-01-29T07:31:19.799206Z[0m [32m INFO[0m [2mingestor_pairs::candles[0m[2m:[0m Loading 15m timeframe for ZKCUSDT
[2m2026-01-29T07:31:19.803618Z[0m [32m INFO[0m [2mingestor_pairs::candles[0m[2m:[0m Inserted 170 1m candles for ZKCUSDT
[2m2026-01-29T07:31:19.806773Z[0m [32m INFO[0m [2mingestor_pairs::candles[0m[2m:[0m Loading 1h timeframe for ZKCUSDT
[2m2026-01-29T07:31:20.308727Z[0m [32m INFO[0m [2mingestor_pairs::candles[0m[2m:[0m Inserted 12 15m candles for ZKCUSDT
[2m2026-01-29T07:31:20.316423Z[0m [32m INFO[0m [2mingestor_pairs::candles[0m[2m:[0m Loading 4h timeframe for ZKCUSDT
[2m2026-01-29T07:31:20.711027Z[0m [32m INFO[0m [2mingestor_pairs::candles[0m[2m:[0m Inserted 0 4h candles for ZKCUSDT
[2m2026-01-29T07:31:20.717590Z[0m [32m INFO[0m [2mingestor_pairs::candles[0m[2m:[0m Inserted 3 1h candles for ZKCUSDT
[2m2026-01-29T07:31:20.722018Z[0m [32m INFO[0m [2mingestor_pairs::candles[0m[2m:[0m Loading 1d timeframe for ZKCUSDT
[2m2026-01-29T07:31:20.725429Z[0m [32m INFO[0m [2mingestor_pairs::candles[0m[2m:[0m Loading 1m timeframe for TOSHIUSDT
[2m2026-01-29T07:31:21.034672Z[0m [32m INFO[0m [2mingestor_pairs::candles[0m[2m:[0m Inserted 0 1d candles for ZKCUSDT
[2m2026-01-29T07:31:21.043465Z[0m [32m INFO[0m [2mingestor_pairs::candles[0m[2m:[0m Loading 5m timeframe for TOSHIUSDT
[2m2026-01-29T07:31:21.065727Z[0m [32m INFO[0m [2mingestor_pairs::candles[0m[2m:[0m Inserted 170 1m candles for TOSHIUSDT
[2m2026-01-29T07:31:21.076273Z[0m [32m INFO[0m [2mingestor_pairs::candles[0m[2m:[0m Loading 15m timeframe for TOSHIUSDT
[2m2026-01-29T07:31:21.358817Z[0m [32m INFO[0m [2mingestor_pairs::candles[0m[2m:[0m Inserted 34 5m candles for TOSHIUSDT
[2m2026-01-29T07:31:21.362728Z[0m [32m INFO[0m [2mingestor_pairs::candles[0m[2m:[0m Loading 1h timeframe for TOSHIUSDT
[2m2026-01-29T07:31:21.383298Z[0m [32m INFO[0m [2mingestor_pairs::candles[0m[2m:[0m Inserted 12 15m candles for TOSHIUSDT
[2m2026-01-29T07:31:21.387965Z[0m [32m INFO[0m [2mingestor_pairs::candles[0m[2m:[0m Loading 4h timeframe for TOSHIUSDT
[2m2026-01-29T07:31:21.734981Z[0m [32m INFO[0m [2mingestor_pairs::candles[0m[2m:[0m Inserted 0 4h candles for TOSHIUSDT
[2m2026-01-29T07:31:21.737861Z[0m [32m INFO[0m [2mingestor_pairs::candles[0m[2m:[0m Inserted 3 1h candles for TOSHIUSDT
[2m2026-01-29T07:31:21.738382Z[0m [32m INFO[0m [2mingestor_pairs::candles[0m[2m:[0m Loading 1d timeframe for TOSHIUSDT
[2m2026-01-29T07:31:21.740742Z[0m [32m INFO[0m [2mingestor_pairs::candles[0m[2m:[0m Loading 1m timeframe for STBLUSDT
[2m2026-01-29T07:31:22.057111Z[0m [32m INFO[0m [2mingestor_pairs::candles[0m[2m:[0m Inserted 170 1m candles for STBLUSDT
[2m2026-01-29T07:31:22.060204Z[0m [32m INFO[0m [2mingestor_pairs::candles[0m[2m:[0m Loading 5m timeframe for STBLUSDT
[2m2026-01-29T07:31:22.087133Z[0m [32m INFO[0m [2mingestor_pairs::candles[0m[2m:[0m Inserted 0 1d candles for TOSHIUSDT
[2m2026-01-29T07:31:22.092330Z[0m [32m INFO[0m [2mingestor_pairs::candles[0m[2m:[0m Loading 15m timeframe for STBLUSDT
[2m2026-01-29T07:31:22.457048Z[0m [32m INFO[0m [2mingestor_pairs::candles[0m[2m:[0m Inserted 12 15m candles for STBLUSDT
[2m2026-01-29T07:31:22.457542Z[0m [32m INFO[0m [2mingestor_pairs::candles[0m[2m:[0m Inserted 34 5m candles for STBLUSDT
[2m2026-01-29T07:31:22.460318Z[0m [32m INFO[0m [2mingestor_pairs::candles[0m[2m:[0m Loading 1h timeframe for STBLUSDT
[2m2026-01-29T07:31:22.460960Z[0m [32m INFO[0m [2mingestor_pairs::candles[0m[2m:[0m Loading 4h timeframe for STBLUSDT
[2m2026-01-29T07:31:22.766468Z[0m [32m INFO[0m [2mingestor_pairs::candles[0m[2m:[0m Inserted 3 1h candles for STBLUSDT
[2m2026-01-29T07:31:22.769926Z[0m [32m INFO[0m [2mingestor_pairs::candles[0m[2m:[0m Loading 1d timeframe for STBLUSDT
[2m2026-01-29T07:31:23.067946Z[0m [32m INFO[0m [2mingestor_pairs::candles[0m[2m:[0m Inserted 0 1d candles for STBLUSDT
[2m2026-01-29T07:31:23.072091Z[0m [32m INFO[0m [2mingestor_pairs::candles[0m[2m:[0m Loading 1m timeframe for 0GUSDT
[2m2026-01-29T07:31:23.350359Z[0m [32m INFO[0m [2mingestor_pairs::candles[0m[2m:[0m Inserted 0 4h candles for STBLUSDT
[2m2026-01-29T07:31:23.359734Z[0m [32m INFO[0m [2mingestor_pairs::candles[0m[2m:[0m Loading 5m timeframe for 0GUSDT
[2m2026-01-29T07:31:23.385301Z[0m [32m INFO[0m [2mingestor_pairs::candles[0m[2m:[0m Inserted 170 1m candles for 0GUSDT
[2m2026-01-29T07:31:23.388755Z[0m [32m INFO[0m [2mingestor_pairs::candles[0m[2m:[0m Loading 15m timeframe for 0GUSDT
[2m2026-01-29T07:31:23.686252Z[0m [32m INFO[0m [2mingestor_pairs::candles[0m[2m:[0m Inserted 12 15m candles for 0GUSDT
[2m2026-01-29T07:31:23.686645Z[0m [32m INFO[0m [2mingestor_pairs::candles[0m[2m:[0m Inserted 34 5m candles for 0GUSDT
[2m2026-01-29T07:31:23.690095Z[0m [32m INFO[0m [2mingestor_pairs::candles[0m[2m:[0m Loading 1h timeframe for 0GUSDT
[2m2026-01-29T07:31:23.690761Z[0m [32m INFO[0m [2mingestor_pairs::candles[0m[2m:[0m Loading 4h timeframe for 0GUSDT
[2m2026-01-29T07:31:24.089726Z[0m [32m INFO[0m [2mingestor_pairs::candles[0m[2m:[0m Inserted 0 4h candles for 0GUSDT
[2m2026-01-29T07:31:24.092323Z[0m [32m INFO[0m [2mingestor_pairs::candles[0m[2m:[0m Inserted 3 1h candles for 0GUSDT
[2m2026-01-29T07:31:24.094233Z[0m [32m INFO[0m [2mingestor_pairs::candles[0m[2m:[0m Loading 1d timeframe for 0GUSDT
[2m2026-01-29T07:31:24.095851Z[0m [32m INFO[0m [2mingestor_pairs::candles[0m[2m:[0m Loading 1m timeframe for BARDUSDT
[2m2026-01-29T07:31:24.398267Z[0m [32m INFO[0m [2mingestor_pairs::candles[0m[2m:[0m Inserted 0 1d candles for 0GUSDT
[2m2026-01-29T07:31:24.408288Z[0m [32m INFO[0m [2mingestor_pairs::candles[0m[2m:[0m Loading 5m timeframe for BARDUSDT
[2m2026-01-29T07:31:24.423672Z[0m [32m INFO[0m [2mingestor_pairs::candles[0m[2m:[0m Inserted 170 1m candles for BARDUSDT
[2m2026-01-29T07:31:24.427628Z[0m [32m INFO[0m [2mingestor_pairs::candles[0m[2m:[0m Loading 15m timeframe for BARDUSDT
[2m2026-01-29T07:31:24.809337Z[0m [32m INFO[0m [2mingestor_pairs::candles[0m[2m:[0m Inserted 12 15m candles for BARDUSDT
[2m2026-01-29T07:31:24.810124Z[0m [32m INFO[0m [2mingestor_pairs::candles[0m[2m:[0m Inserted 34 5m candles for BARDUSDT
[2m2026-01-29T07:31:24.814112Z[0m [32m INFO[0m [2mingestor_pairs::candles[0m[2m:[0m Loading 1h timeframe for BARDUSDT
[2m2026-01-29T07:31:24.814638Z[0m [32m INFO[0m [2mingestor_pairs::candles[0m[2m:[0m Loading 4h timeframe for BARDUSDT
[2m2026-01-29T07:31:25.106431Z[0m [32m INFO[0m [2mingestor_pairs::candles[0m[2m:[0m Inserted 0 4h candles for BARDUSDT
[2m2026-01-29T07:31:25.110566Z[0m [32m INFO[0m [2mingestor_pairs::candles[0m[2m:[0m Inserted 3 1h candles for BARDUSDT
[2m2026-01-29T07:31:25.110816Z[0m [32m INFO[0m [2mingestor_pairs::candles[0m[2m:[0m Loading 1d timeframe for BARDUSDT
[2m2026-01-29T07:31:25.115086Z[0m [32m INFO[0m [2mingestor_pairs::candles[0m[2m:[0m Loading 1m timeframe for ASTERUSDT
[2m2026-01-29T07:31:25.430552Z[0m [32m INFO[0m [2mingestor_pairs::candles[0m[2m:[0m Inserted 170 1m candles for ASTERUSDT
[2m2026-01-29T07:31:25.433898Z[0m [32m INFO[0m [2mingestor_pairs::candles[0m[2m:[0m Loading 5m timeframe for ASTERUSDT
[2m2026-01-29T07:31:25.839971Z[0m [32m INFO[0m [2mingestor_pairs::candles[0m[2m:[0m Inserted 34 5m candles for ASTERUSDT
[2m2026-01-29T07:31:25.848070Z[0m [32m INFO[0m [2mingestor_pairs::candles[0m[2m:[0m Loading 1h timeframe for ASTERUSDT
[2m2026-01-29T07:31:26.009137Z[0m [32m INFO[0m [2mingestor_pairs::candles[0m[2m:[0m Inserted 0 1d candles for BARDUSDT
[2m2026-01-29T07:31:26.016709Z[0m [32m INFO[0m [2mingestor_pairs::candles[0m[2m:[0m Loading 15m timeframe for ASTERUSDT
[2m2026-01-29T07:31:26.247483Z[0m [32m INFO[0m [2mingestor_pairs::candles[0m[2m:[0m Inserted 3 1h candles for ASTERUSDT
[2m2026-01-29T07:31:26.255569Z[0m [32m INFO[0m [2mingestor_pairs::candles[0m[2m:[0m Loading 4h timeframe for ASTERUSDT
[2m2026-01-29T07:31:26.329524Z[0m [32m INFO[0m [2mingestor_pairs::candles[0m[2m:[0m Inserted 12 15m candles for ASTERUSDT
[2m2026-01-29T07:31:26.336321Z[0m [32m INFO[0m [2mingestor_pairs::candles[0m[2m:[0m Loading 1d timeframe for ASTERUSDT
[2m2026-01-29T07:31:26.652959Z[0m [32m INFO[0m [2mingestor_pairs::candles[0m[2m:[0m Inserted 0 4h candles for ASTERUSDT
[2m2026-01-29T07:31:26.653046Z[0m [32m INFO[0m [2mingestor_pairs::candles[0m[2m:[0m Inserted 0 1d candles for ASTERUSDT
[2m2026-01-29T07:31:26.663264Z[0m [32m INFO[0m [2mingestor_pairs::candles[0m[2m:[0m Loading 5m timeframe for TRADOORUSDT
[2m2026-01-29T07:31:26.665294Z[0m [32m INFO[0m [2mingestor_pairs::candles[0m[2m:[0m Loading 1m timeframe for TRADOORUSDT
[2m2026-01-29T07:31:26.983287Z[0m [32m INFO[0m [2mingestor_pairs::candles[0m[2m:[0m Inserted 34 5m candles for TRADOORUSDT
[2m2026-01-29T07:31:26.991892Z[0m [32m INFO[0m [2mingestor_pairs::candles[0m[2m:[0m Loading 15m timeframe for TRADOORUSDT
[2m2026-01-29T07:31:27.005977Z[0m [32m INFO[0m [2mingestor_pairs::candles[0m[2m:[0m Inserted 170 1m candles for TRADOORUSDT
[2m2026-01-29T07:31:27.018924Z[0m [32m INFO[0m [2mingestor_pairs::candles[0m[2m:[0m Loading 1h timeframe for TRADOORUSDT
[2m2026-01-29T07:31:27.369404Z[0m [32m INFO[0m [2mingestor_pairs::candles[0m[2m:[0m Inserted 3 1h candles for TRADOORUSDT
[2m2026-01-29T07:31:27.369448Z[0m [32m INFO[0m [2mingestor_pairs::candles[0m[2m:[0m Inserted 12 15m candles for TRADOORUSDT
[2m2026-01-29T07:31:27.373150Z[0m [32m INFO[0m [2mingestor_pairs::candles[0m[2m:[0m Loading 1d timeframe for TRADOORUSDT
[2m2026-01-29T07:31:27.373194Z[0m [32m INFO[0m [2mingestor_pairs::candles[0m[2m:[0m Loading 4h timeframe for TRADOORUSDT
[2m2026-01-29T07:31:27.666422Z[0m [32m INFO[0m [2mingestor_pairs::candles[0m[2m:[0m Inserted 0 4h candles for TRADOORUSDT
[2m2026-01-29T07:31:27.672146Z[0m [32m INFO[0m [2mingestor_pairs::candles[0m[2m:[0m Inserted 0 1d candles for TRADOORUSDT
[2m2026-01-29T07:31:27.677419Z[0m [32m INFO[0m [2mingestor_pairs::candles[0m[2m:[0m Loading 1m timeframe for FLUIDUSDT
[2m2026-01-29T07:31:27.681583Z[0m [32m INFO[0m [2mingestor_pairs::candles[0m[2m:[0m Loading 5m timeframe for FLUIDUSDT
[2m2026-01-29T07:31:28.092773Z[0m [32m INFO[0m [2mingestor_pairs::candles[0m[2m:[0m Inserted 34 5m candles for FLUIDUSDT
[2m2026-01-29T07:31:28.098527Z[0m [32m INFO[0m [2mingestor_pairs::candles[0m[2m:[0m Loading 15m timeframe for FLUIDUSDT
[2m2026-01-29T07:31:28.104136Z[0m [32m INFO[0m [2mingestor_pairs::candles[0m[2m:[0m Inserted 170 1m candles for FLUIDUSDT
[2m2026-01-29T07:31:28.110762Z[0m [32m INFO[0m [2mingestor_pairs::candles[0m[2m:[0m Loading 1h timeframe for FLUIDUSDT
[2m2026-01-29T07:31:28.500439Z[0m [32m INFO[0m [2mingestor_pairs::candles[0m[2m:[0m Inserted 3 1h candles for FLUIDUSDT
[2m2026-01-29T07:31:28.508764Z[0m [32m INFO[0m [2mingestor_pairs::candles[0m[2m:[0m Loading 4h timeframe for FLUIDUSDT
[2m2026-01-29T07:31:28.904265Z[0m [32m INFO[0m [2mingestor_pairs::candles[0m[2m:[0m Inserted 0 4h candles for FLUIDUSDT
[2m2026-01-29T07:31:28.913166Z[0m [32m INFO[0m [2mingestor_pairs::candles[0m[2m:[0m Inserted 12 15m candles for FLUIDUSDT
[2m2026-01-29T07:31:28.913546Z[0m [32m INFO[0m [2mingestor_pairs::candles[0m[2m:[0m Loading 1d timeframe for FLUIDUSDT
[2m2026-01-29T07:31:28.921893Z[0m [32m INFO[0m [2mingestor_pairs::candles[0m[2m:[0m Loading 1m timeframe for COAIUSDT
[2m2026-01-29T07:31:29.226195Z[0m [32m INFO[0m [2mingestor_pairs::candles[0m[2m:[0m Inserted 0 1d candles for FLUIDUSDT
[2m2026-01-29T07:31:29.234500Z[0m [32m INFO[0m [2mingestor_pairs::candles[0m[2m:[0m Loading 5m timeframe for COAIUSDT
[2m2026-01-29T07:31:29.256319Z[0m [32m INFO[0m [2mingestor_pairs::candles[0m[2m:[0m Inserted 170 1m candles for COAIUSDT
[2m2026-01-29T07:31:29.266720Z[0m [32m INFO[0m [2mingestor_pairs::candles[0m[2m:[0m Loading 15m timeframe for COAIUSDT
[2m2026-01-29T07:31:29.555118Z[0m [32m INFO[0m [2mingestor_pairs::candles[0m[2m:[0m Inserted 34 5m candles for COAIUSDT
[2m2026-01-29T07:31:29.563753Z[0m [32m INFO[0m [2mingestor_pairs::candles[0m[2m:[0m Loading 1h timeframe for COAIUSDT
[2m2026-01-29T07:31:29.586342Z[0m [32m INFO[0m [2mingestor_pairs::candles[0m[2m:[0m Inserted 12 15m candles for COAIUSDT
[2m2026-01-29T07:31:29.597334Z[0m [32m INFO[0m [2mingestor_pairs::candles[0m[2m:[0m Loading 4h timeframe for COAIUSDT
[2m2026-01-29T07:31:29.927209Z[0m [32m INFO[0m [2mingestor_pairs::candles[0m[2m:[0m Inserted 0 4h candles for COAIUSDT
[2m2026-01-29T07:31:29.934615Z[0m [32m INFO[0m [2mingestor_pairs::candles[0m[2m:[0m Inserted 3 1h candles for COAIUSDT
[2m2026-01-29T07:31:29.936871Z[0m [32m INFO[0m [2mingestor_pairs::candles[0m[2m:[0m Loading 1d timeframe for COAIUSDT
[2m2026-01-29T07:31:29.944531Z[0m [32m INFO[0m [2mingestor_pairs::candles[0m[2m:[0m Loading 1m timeframe for HANAUSDT
[2m2026-01-29T07:31:30.336592Z[0m [32m INFO[0m [2mingestor_pairs::candles[0m[2m:[0m Inserted 0 1d candles for COAIUSDT
[2m2026-01-29T07:31:30.347453Z[0m [32m INFO[0m [2mingestor_pairs::candles[0m[2m:[0m Loading 5m timeframe for HANAUSDT
[2m2026-01-29T07:31:30.383033Z[0m [32m INFO[0m [2mingestor_pairs::candles[0m[2m:[0m Inserted 170 1m candles for HANAUSDT
[2m2026-01-29T07:31:30.394883Z[0m [32m INFO[0m [2mingestor_pairs::candles[0m[2m:[0m Loading 15m timeframe for HANAUSDT
[2m2026-01-29T07:31:30.753802Z[0m [32m INFO[0m [2mingestor_pairs::candles[0m[2m:[0m Inserted 12 15m candles for HANAUSDT
[2m2026-01-29T07:31:30.755690Z[0m [32m INFO[0m [2mingestor_pairs::candles[0m[2m:[0m Inserted 34 5m candles for HANAUSDT
[2m2026-01-29T07:31:30.761524Z[0m [32m INFO[0m [2mingestor_pairs::candles[0m[2m:[0m Loading 1h timeframe for HANAUSDT
[2m2026-01-29T07:31:30.763171Z[0m [32m INFO[0m [2mingestor_pairs::candles[0m[2m:[0m Loading 4h timeframe for HANAUSDT
[2m2026-01-29T07:31:31.155591Z[0m [32m INFO[0m [2mingestor_pairs::candles[0m[2m:[0m Inserted 0 4h candles for HANAUSDT
[2m2026-01-29T07:31:31.162232Z[0m [32m INFO[0m [2mingestor_pairs::candles[0m[2m:[0m Inserted 3 1h candles for HANAUSDT
[2m2026-01-29T07:31:31.164887Z[0m [32m INFO[0m [2mingestor_pairs::candles[0m[2m:[0m Loading 1d timeframe for HANAUSDT
[2m2026-01-29T07:31:31.174048Z[0m [32m INFO[0m [2mingestor_pairs::candles[0m[2m:[0m Loading 1m timeframe for MIRAUSDT
[2m2026-01-29T07:31:31.488745Z[0m [32m INFO[0m [2mingestor_pairs::candles[0m[2m:[0m Inserted 0 1d candles for HANAUSDT
[2m2026-01-29T07:31:31.497573Z[0m [32m INFO[0m [2mingestor_pairs::candles[0m[2m:[0m Loading 5m timeframe for MIRAUSDT
[2m2026-01-29T07:31:31.526054Z[0m [32m INFO[0m [2mingestor_pairs::candles[0m[2m:[0m Inserted 170 1m candles for MIRAUSDT
[2m2026-01-29T07:31:31.537021Z[0m [32m INFO[0m [2mingestor_pairs::candles[0m[2m:[0m Loading 15m timeframe for MIRAUSDT
[2m2026-01-29T07:31:31.821776Z[0m [32m INFO[0m [2mingestor_pairs::candles[0m[2m:[0m Inserted 34 5m candles for MIRAUSDT
[2m2026-01-29T07:31:31.830312Z[0m [32m INFO[0m [2mingestor_pairs::candles[0m[2m:[0m Loading 1h timeframe for MIRAUSDT
[2m2026-01-29T07:31:31.856418Z[0m [32m INFO[0m [2mingestor_pairs::candles[0m[2m:[0m Inserted 12 15m candles for MIRAUSDT
[2m2026-01-29T07:31:31.866182Z[0m [32m INFO[0m [2mingestor_pairs::candles[0m[2m:[0m Loading 4h timeframe for MIRAUSDT
[2m2026-01-29T07:31:32.181417Z[0m [32m INFO[0m [2mingestor_pairs::candles[0m[2m:[0m Inserted 0 4h candles for MIRAUSDT
[2m2026-01-29T07:31:32.190109Z[0m [32m INFO[0m [2mingestor_pairs::candles[0m[2m:[0m Inserted 3 1h candles for MIRAUSDT
[2m2026-01-29T07:31:32.190796Z[0m [32m INFO[0m [2mingestor_pairs::candles[0m[2m:[0m Loading 1d timeframe for MIRAUSDT
[2m2026-01-29T07:31:32.200641Z[0m [32m INFO[0m [2mingestor_pairs::candles[0m[2m:[0m Loading 1m timeframe for ORDERUSDT
[2m2026-01-29T07:31:32.590834Z[0m [32m INFO[0m [2mingestor_pairs::candles[0m[2m:[0m Inserted 0 1d candles for MIRAUSDT
[2m2026-01-29T07:31:32.595722Z[0m [32m INFO[0m [2mingestor_pairs::candles[0m[2m:[0m Loading 5m timeframe for ORDERUSDT
[2m2026-01-29T07:31:32.606108Z[0m [32m INFO[0m [2mingestor_pairs::candles[0m[2m:[0m Inserted 170 1m candles for ORDERUSDT
[2m2026-01-29T07:31:32.609981Z[0m [32m INFO[0m [2mingestor_pairs::candles[0m[2m:[0m Loading 15m timeframe for ORDERUSDT
[2m2026-01-29T07:31:33.008412Z[0m [32m INFO[0m [2mingestor_pairs::candles[0m[2m:[0m Inserted 12 15m candles for ORDERUSDT
[2m2026-01-29T07:31:33.013514Z[0m [32m INFO[0m [2mingestor_pairs::candles[0m[2m:[0m Inserted 34 5m candles for ORDERUSDT
[2m2026-01-29T07:31:33.018210Z[0m [32m INFO[0m [2mingestor_pairs::candles[0m[2m:[0m Loading 1h timeframe for ORDERUSDT
[2m2026-01-29T07:31:33.020980Z[0m [32m INFO[0m [2mingestor_pairs::candles[0m[2m:[0m Loading 4h timeframe for ORDERUSDT
[2m2026-01-29T07:31:33.415403Z[0m [32m INFO[0m [2mingestor_pairs::candles[0m[2m:[0m Inserted 3 1h candles for ORDERUSDT
[2m2026-01-29T07:31:33.424215Z[0m [32m INFO[0m [2mingestor_pairs::candles[0m[2m:[0m Loading 1d timeframe for ORDERUSDT
[2m2026-01-29T07:31:33.739867Z[0m [32m INFO[0m [2mingestor_pairs::candles[0m[2m:[0m Inserted 0 1d candles for ORDERUSDT
[2m2026-01-29T07:31:33.749695Z[0m [32m INFO[0m [2mingestor_pairs::candles[0m[2m:[0m Loading 1m timeframe for LIGHTUSDT
[2m2026-01-29T07:31:33.884852Z[0m [32m INFO[0m [2mingestor_pairs::candles[0m[2m:[0m Inserted 0 4h candles for ORDERUSDT
[2m2026-01-29T07:31:33.888934Z[0m [32m INFO[0m [2mingestor_pairs::candles[0m[2m:[0m Loading 5m timeframe for LIGHTUSDT
[2m2026-01-29T07:31:34.086739Z[0m [32m INFO[0m [2mingestor_pairs::candles[0m[2m:[0m Inserted 170 1m candles for LIGHTUSDT
[2m2026-01-29T07:31:34.094198Z[0m [32m INFO[0m [2mingestor_pairs::candles[0m[2m:[0m Loading 15m timeframe for LIGHTUSDT
[2m2026-01-29T07:31:34.196251Z[0m [32m INFO[0m [2mingestor_pairs::candles[0m[2m:[0m Inserted 34 5m candles for LIGHTUSDT
[2m2026-01-29T07:31:34.207964Z[0m [32m INFO[0m [2mingestor_pairs::candles[0m[2m:[0m Loading 1h timeframe for LIGHTUSDT
[2m2026-01-29T07:31:34.441858Z[0m [32m INFO[0m [2mingestor_pairs::candles[0m[2m:[0m Inserted 12 15m candles for LIGHTUSDT
[2m2026-01-29T07:31:34.450286Z[0m [32m INFO[0m [2mingestor_pairs::candles[0m[2m:[0m Loading 4h timeframe for LIGHTUSDT
[2m2026-01-29T07:31:34.514444Z[0m [32m INFO[0m [2mingestor_pairs::candles[0m[2m:[0m Inserted 3 1h candles for LIGHTUSDT
[2m2026-01-29T07:31:34.522616Z[0m [32m INFO[0m [2mingestor_pairs::candles[0m[2m:[0m Loading 1d timeframe for LIGHTUSDT
[2m2026-01-29T07:31:34.842579Z[0m [32m INFO[0m [2mingestor_pairs::candles[0m[2m:[0m Inserted 0 4h candles for LIGHTUSDT
[2m2026-01-29T07:31:34.842650Z[0m [32m INFO[0m [2mingestor_pairs::candles[0m[2m:[0m Inserted 0 1d candles for LIGHTUSDT
[2m2026-01-29T07:31:34.853092Z[0m [32m INFO[0m [2mingestor_pairs::candles[0m[2m:[0m Loading 1m timeframe for FFUSDT
[2m2026-01-29T07:31:34.853535Z[0m [32m INFO[0m [2mingestor_pairs::candles[0m[2m:[0m Loading 5m timeframe for FFUSDT
[2m2026-01-29T07:31:35.261007Z[0m [32m INFO[0m [2mingestor_pairs::candles[0m[2m:[0m Inserted 34 5m candles for FFUSDT
[2m2026-01-29T07:31:35.269120Z[0m [32m INFO[0m [2mingestor_pairs::candles[0m[2m:[0m Loading 15m timeframe for FFUSDT
[2m2026-01-29T07:31:35.283007Z[0m [32m INFO[0m [2mingestor_pairs::candles[0m[2m:[0m Inserted 170 1m candles for FFUSDT
[2m2026-01-29T07:31:35.293932Z[0m [32m INFO[0m [2mingestor_pairs::candles[0m[2m:[0m Loading 1h timeframe for FFUSDT
[2m2026-01-29T07:31:35.667161Z[0m [32m INFO[0m [2mingestor_pairs::candles[0m[2m:[0m Inserted 3 1h candles for FFUSDT
[2m2026-01-29T07:31:35.667871Z[0m [32m INFO[0m [2mingestor_pairs::candles[0m[2m:[0m Inserted 12 15m candles for FFUSDT
[2m2026-01-29T07:31:35.676389Z[0m [32m INFO[0m [2mingestor_pairs::candles[0m[2m:[0m Loading 1d timeframe for FFUSDT
[2m2026-01-29T07:31:35.677495Z[0m [32m INFO[0m [2mingestor_pairs::candles[0m[2m:[0m Loading 4h timeframe for FFUSDT
[2m2026-01-29T07:31:35.974683Z[0m [32m INFO[0m [2mingestor_pairs::candles[0m[2m:[0m Inserted 0 4h candles for FFUSDT
[2m2026-01-29T07:31:35.977096Z[0m [32m INFO[0m [2mingestor_pairs::candles[0m[2m:[0m Inserted 0 1d candles for FFUSDT
[2m2026-01-29T07:31:35.984808Z[0m [32m INFO[0m [2mingestor_pairs::candles[0m[2m:[0m Loading 1m timeframe for EDENUSDT
[2m2026-01-29T07:31:35.986485Z[0m [32m INFO[0m [2mingestor_pairs::candles[0m[2m:[0m Loading 5m timeframe for EDENUSDT
[2m2026-01-29T07:31:36.310096Z[0m [32m INFO[0m [2mingestor_pairs::candles[0m[2m:[0m Inserted 34 5m candles for EDENUSDT
[2m2026-01-29T07:31:36.317924Z[0m [32m INFO[0m [2mingestor_pairs::candles[0m[2m:[0m Loading 15m timeframe for EDENUSDT
[2m2026-01-29T07:31:36.334191Z[0m [32m INFO[0m [2mingestor_pairs::candles[0m[2m:[0m Inserted 169 1m candles for EDENUSDT
[2m2026-01-29T07:31:36.344471Z[0m [32m INFO[0m [2mingestor_pairs::candles[0m[2m:[0m Loading 1h timeframe for EDENUSDT
[2m2026-01-29T07:31:36.637170Z[0m [32m INFO[0m [2mingestor_pairs::candles[0m[2m:[0m Inserted 12 15m candles for EDENUSDT
[2m2026-01-29T07:31:36.646479Z[0m [32m INFO[0m [2mingestor_pairs::candles[0m[2m:[0m Loading 4h timeframe for EDENUSDT
[2m2026-01-29T07:31:36.665304Z[0m [32m INFO[0m [2mingestor_pairs::candles[0m[2m:[0m Inserted 3 1h candles for EDENUSDT
[2m2026-01-29T07:31:36.676107Z[0m [32m INFO[0m [2mingestor_pairs::candles[0m[2m:[0m Loading 1d timeframe for EDENUSDT
[2m2026-01-29T07:31:36.992395Z[0m [32m INFO[0m [2mingestor_pairs::candles[0m[2m:[0m Inserted 0 1d candles for EDENUSDT
[2m2026-01-29T07:31:36.992458Z[0m [32m INFO[0m [2mingestor_pairs::candles[0m[2m:[0m Inserted 0 4h candles for EDENUSDT
[2m2026-01-29T07:31:37.001969Z[0m [32m INFO[0m [2mingestor_pairs::candles[0m[2m:[0m Loading 5m timeframe for NOMUSDT
[2m2026-01-29T07:31:37.004123Z[0m [32m INFO[0m [2mingestor_pairs::candles[0m[2m:[0m Loading 1m timeframe for NOMUSDT
[2m2026-01-29T07:31:37.415387Z[0m [32m INFO[0m [2mingestor_pairs::candles[0m[2m:[0m Inserted 34 5m candles for NOMUSDT
[2m2026-01-29T07:31:37.423498Z[0m [32m INFO[0m [2mingestor_pairs::candles[0m[2m:[0m Loading 15m timeframe for NOMUSDT
[2m2026-01-29T07:31:37.441782Z[0m [32m INFO[0m [2mingestor_pairs::candles[0m[2m:[0m Inserted 169 1m candles for NOMUSDT
[2m2026-01-29T07:31:37.453723Z[0m [32m INFO[0m [2mingestor_pairs::candles[0m[2m:[0m Loading 1h timeframe for NOMUSDT
[2m2026-01-29T07:31:37.922788Z[0m [32m INFO[0m [2mingestor_pairs::candles[0m[2m:[0m Inserted 3 1h candles for NOMUSDT
[2m2026-01-29T07:31:37.923477Z[0m [32m INFO[0m [2mingestor_pairs::candles[0m[2m:[0m Inserted 12 15m candles for NOMUSDT
[2m2026-01-29T07:31:37.932181Z[0m [32m INFO[0m [2mingestor_pairs::candles[0m[2m:[0m Loading 4h timeframe for NOMUSDT
[2m2026-01-29T07:31:37.934173Z[0m [32m INFO[0m [2mingestor_pairs::candles[0m[2m:[0m Loading 1d timeframe for NOMUSDT
[2m2026-01-29T07:31:38.239589Z[0m [32m INFO[0m [2mingestor_pairs::candles[0m[2m:[0m Inserted 0 4h candles for NOMUSDT
[2m2026-01-29T07:31:38.249568Z[0m [32m INFO[0m [2mingestor_pairs::candles[0m[2m:[0m Loading 1m timeframe for TRUTHUSDT
[2m2026-01-29T07:31:38.251585Z[0m [32m INFO[0m [2mingestor_pairs::candles[0m[2m:[0m Inserted 0 1d candles for NOMUSDT
[2m2026-01-29T07:31:38.269183Z[0m [32m INFO[0m [2mingestor_pairs::candles[0m[2m:[0m Loading 5m timeframe for TRUTHUSDT
[2m2026-01-29T07:31:38.585525Z[0m [32m INFO[0m [2mingestor_pairs::candles[0m[2m:[0m Inserted 169 1m candles for TRUTHUSDT
[2m2026-01-29T07:31:38.588278Z[0m [32m INFO[0m [2mingestor_pairs::candles[0m[2m:[0m Inserted 34 5m candles for TRUTHUSDT
[2m2026-01-29T07:31:38.594103Z[0m [32m INFO[0m [2mingestor_pairs::candles[0m[2m:[0m Loading 15m timeframe for TRUTHUSDT
[2m2026-01-29T07:31:38.597265Z[0m [32m INFO[0m [2mingestor_pairs::candles[0m[2m:[0m Loading 1h timeframe for TRUTHUSDT
[2m2026-01-29T07:31:38.945842Z[0m [32m INFO[0m [2mingestor_pairs::candles[0m[2m:[0m Inserted 3 1h candles for TRUTHUSDT
[2m2026-01-29T07:31:38.946681Z[0m [32m INFO[0m [2mingestor_pairs::candles[0m[2m:[0m Inserted 12 15m candles for TRUTHUSDT
[2m2026-01-29T07:31:38.955412Z[0m [32m INFO[0m [2mingestor_pairs::candles[0m[2m:[0m Loading 4h timeframe for TRUTHUSDT
[2m2026-01-29T07:31:38.957189Z[0m [32m INFO[0m [2mingestor_pairs::candles[0m[2m:[0m Loading 1d timeframe for TRUTHUSDT
[2m2026-01-29T07:31:39.348061Z[0m [32m INFO[0m [2mingestor_pairs::candles[0m[2m:[0m Inserted 0 1d candles for TRUTHUSDT
[2m2026-01-29T07:31:39.348064Z[0m [32m INFO[0m [2mingestor_pairs::candles[0m[2m:[0m Inserted 0 4h candles for TRUTHUSDT
[2m2026-01-29T07:31:39.357010Z[0m [32m INFO[0m [2mingestor_pairs::candles[0m[2m:[0m Loading 5m timeframe for 2ZUSDT
[2m2026-01-29T07:31:39.358471Z[0m [32m INFO[0m [2mingestor_pairs::candles[0m[2m:[0m Loading 1m timeframe for 2ZUSDT
[2m2026-01-29T07:31:39.675197Z[0m [32m INFO[0m [2mingestor_pairs::candles[0m[2m:[0m Inserted 34 5m candles for 2ZUSDT
[2m2026-01-29T07:31:39.684014Z[0m [32m INFO[0m [2mingestor_pairs::candles[0m[2m:[0m Loading 15m timeframe for 2ZUSDT
[2m2026-01-29T07:31:39.708817Z[0m [32m INFO[0m [2mingestor_pairs::candles[0m[2m:[0m Inserted 169 1m candles for 2ZUSDT
[2m2026-01-29T07:31:39.721528Z[0m [32m INFO[0m [2mingestor_pairs::candles[0m[2m:[0m Loading 1h timeframe for 2ZUSDT
[2m2026-01-29T07:31:40.075400Z[0m [32m INFO[0m [2mingestor_pairs::candles[0m[2m:[0m Inserted 3 1h candles for 2ZUSDT
[2m2026-01-29T07:31:40.075751Z[0m [32m INFO[0m [2mingestor_pairs::candles[0m[2m:[0m Inserted 12 15m candles for 2ZUSDT
[2m2026-01-29T07:31:40.084632Z[0m [32m INFO[0m [2mingestor_pairs::candles[0m[2m:[0m Loading 4h timeframe for 2ZUSDT
[2m2026-01-29T07:31:40.087333Z[0m [32m INFO[0m [2mingestor_pairs::candles[0m[2m:[0m Loading 1d timeframe for 2ZUSDT
[2m2026-01-29T07:31:40.414604Z[0m [32m INFO[0m [2mingestor_pairs::candles[0m[2m:[0m Inserted 0 1d candles for 2ZUSDT
[2m2026-01-29T07:31:40.414705Z[0m [32m INFO[0m [2mingestor_pairs::candles[0m[2m:[0m Inserted 0 4h candles for 2ZUSDT
[2m2026-01-29T07:31:40.423763Z[0m [32m INFO[0m [2mingestor_pairs::candles[0m[2m:[0m Loading 1m timeframe for EVAAUSDT
[2m2026-01-29T07:31:40.425286Z[0m [32m INFO[0m [2mingestor_pairs::candles[0m[2m:[0m Loading 5m timeframe for EVAAUSDT
[2m2026-01-29T07:31:40.747591Z[0m [32m INFO[0m [2mingestor_pairs::candles[0m[2m:[0m Inserted 34 5m candles for EVAAUSDT
[2m2026-01-29T07:31:40.755614Z[0m [32m INFO[0m [2mingestor_pairs::candles[0m[2m:[0m Loading 15m timeframe for EVAAUSDT
[2m2026-01-29T07:31:40.763006Z[0m [32m INFO[0m [2mingestor_pairs::candles[0m[2m:[0m Inserted 169 1m candles for EVAAUSDT
[2m2026-01-29T07:31:40.771541Z[0m [32m INFO[0m [2mingestor_pairs::candles[0m[2m:[0m Loading 1h timeframe for EVAAUSDT
[2m2026-01-29T07:31:41.095268Z[0m [32m INFO[0m [2mingestor_pairs::candles[0m[2m:[0m Inserted 3 1h candles for EVAAUSDT
[2m2026-01-29T07:31:41.095716Z[0m [32m INFO[0m [2mingestor_pairs::candles[0m[2m:[0m Inserted 12 15m candles for EVAAUSDT
[2m2026-01-29T07:31:41.105445Z[0m [32m INFO[0m [2mingestor_pairs::candles[0m[2m:[0m Loading 4h timeframe for EVAAUSDT
[2m2026-01-29T07:31:41.105737Z[0m [32m INFO[0m [2mingestor_pairs::candles[0m[2m:[0m Loading 1d timeframe for EVAAUSDT
[2m2026-01-29T07:31:41.503518Z[0m [32m INFO[0m [2mingestor_pairs::candles[0m[2m:[0m Inserted 0 4h candles for EVAAUSDT
[2m2026-01-29T07:31:41.503781Z[0m [32m INFO[0m [2mingestor_pairs::candles[0m[2m:[0m Inserted 0 1d candles for EVAAUSDT
[2m2026-01-29T07:31:41.512063Z[0m [32m INFO[0m [2mingestor_pairs::candles[0m[2m:[0m Loading 1m timeframe for LYNUSDT
[2m2026-01-29T07:31:41.513786Z[0m [32m INFO[0m [2mingestor_pairs::candles[0m[2m:[0m Loading 5m timeframe for LYNUSDT
[2m2026-01-29T07:31:41.916153Z[0m [32m INFO[0m [2mingestor_pairs::candles[0m[2m:[0m Inserted 34 5m candles for LYNUSDT
[2m2026-01-29T07:31:41.923932Z[0m [32m INFO[0m [2mingestor_pairs::candles[0m[2m:[0m Loading 15m timeframe for LYNUSDT
[2m2026-01-29T07:31:41.945224Z[0m [32m INFO[0m [2mingestor_pairs::candles[0m[2m:[0m Inserted 169 1m candles for LYNUSDT
[2m2026-01-29T07:31:41.955890Z[0m [32m INFO[0m [2mingestor_pairs::candles[0m[2m:[0m Loading 1h timeframe for LYNUSDT
[2m2026-01-29T07:31:42.324065Z[0m [32m INFO[0m [2mingestor_pairs::candles[0m[2m:[0m Inserted 3 1h candles for LYNUSDT
[2m2026-01-29T07:31:42.324610Z[0m [32m INFO[0m [2mingestor_pairs::candles[0m[2m:[0m Inserted 12 15m candles for LYNUSDT
[2m2026-01-29T07:31:42.333023Z[0m [32m INFO[0m [2mingestor_pairs::candles[0m[2m:[0m Loading 4h timeframe for LYNUSDT
[2m2026-01-29T07:31:42.334565Z[0m [32m INFO[0m [2mingestor_pairs::candles[0m[2m:[0m Loading 1d timeframe for LYNUSDT
[2m2026-01-29T07:31:42.639165Z[0m [32m INFO[0m [2mingestor_pairs::candles[0m[2m:[0m Inserted 0 4h candles for LYNUSDT
[2m2026-01-29T07:31:42.642526Z[0m [32m INFO[0m [2mingestor_pairs::candles[0m[2m:[0m Loading 1m timeframe for KGENUSDT
[2m2026-01-29T07:31:42.657756Z[0m [32m INFO[0m [2mingestor_pairs::candles[0m[2m:[0m Inserted 0 1d candles for LYNUSDT
[2m2026-01-29T07:31:42.663854Z[0m [32m INFO[0m [2mingestor_pairs::candles[0m[2m:[0m Loading 5m timeframe for KGENUSDT
[2m2026-01-29T07:31:42.965084Z[0m [32m INFO[0m [2mingestor_pairs::candles[0m[2m:[0m Inserted 169 1m candles for KGENUSDT
[2m2026-01-29T07:31:42.968345Z[0m [32m INFO[0m [2mingestor_pairs::candles[0m[2m:[0m Loading 15m timeframe for KGENUSDT
[2m2026-01-29T07:31:42.977890Z[0m [32m INFO[0m [2mingestor_pairs::candles[0m[2m:[0m Inserted 34 5m candles for KGENUSDT
[2m2026-01-29T07:31:42.984709Z[0m [32m INFO[0m [2mingestor_pairs::candles[0m[2m:[0m Loading 1h timeframe for KGENUSDT
[2m2026-01-29T07:31:43.348563Z[0m [32m INFO[0m [2mingestor_pairs::candles[0m[2m:[0m Inserted 3 1h candles for KGENUSDT
[2m2026-01-29T07:31:43.349108Z[0m [32m INFO[0m [2mingestor_pairs::candles[0m[2m:[0m Inserted 12 15m candles for KGENUSDT
[2m2026-01-29T07:31:43.357540Z[0m [32m INFO[0m [2mingestor_pairs::candles[0m[2m:[0m Loading 4h timeframe for KGENUSDT
[2m2026-01-29T07:31:43.359014Z[0m [32m INFO[0m [2mingestor_pairs::candles[0m[2m:[0m Loading 1m timeframe for 4USDT
[2m2026-01-29T07:31:43.751959Z[0m [32m INFO[0m [2mingestor_pairs::candles[0m[2m:[0m Inserted 0 4h candles for KGENUSDT
[2m2026-01-29T07:31:43.761972Z[0m [32m INFO[0m [2mingestor_pairs::candles[0m[2m:[0m Loading 5m timeframe for 4USDT
[2m2026-01-29T07:31:43.796367Z[0m [32m INFO[0m [2mingestor_pairs::candles[0m[2m:[0m Inserted 169 1m candles for 4USDT
[2m2026-01-29T07:31:43.807510Z[0m [32m INFO[0m [2mingestor_pairs::candles[0m[2m:[0m Loading 15m timeframe for 4USDT
[2m2026-01-29T07:31:44.170166Z[0m [32m INFO[0m [2mingestor_pairs::candles[0m[2m:[0m Inserted 12 15m candles for 4USDT
[2m2026-01-29T07:31:44.171446Z[0m [32m INFO[0m [2mingestor_pairs::candles[0m[2m:[0m Inserted 34 5m candles for 4USDT
[2m2026-01-29T07:31:44.179040Z[0m [32m INFO[0m [2mingestor_pairs::candles[0m[2m:[0m Loading 1h timeframe for 4USDT
[2m2026-01-29T07:31:44.180653Z[0m [32m INFO[0m [2mingestor_pairs::candles[0m[2m:[0m Loading 4h timeframe for 4USDT
[2m2026-01-29T07:31:44.571422Z[0m [32m INFO[0m [2mingestor_pairs::candles[0m[2m:[0m Inserted 0 4h candles for 4USDT
[2m2026-01-29T07:31:44.578273Z[0m [32m INFO[0m [2mingestor_pairs::candles[0m[2m:[0m Inserted 3 1h candles for 4USDT
[2m2026-01-29T07:31:44.581281Z[0m [32m INFO[0m [2mingestor_pairs::candles[0m[2m:[0m Loading 1d timeframe for 4USDT
[2m2026-01-29T07:31:44.595117Z[0m [32m INFO[0m [2mingestor_pairs::candles[0m[2m:[0m Loading 1m timeframe for GIGGLEUSDT
[2m2026-01-29T07:31:44.897829Z[0m [32m INFO[0m [2mingestor_pairs::candles[0m[2m:[0m Inserted 0 1d candles for 4USDT
[2m2026-01-29T07:31:44.907087Z[0m [32m INFO[0m [2mingestor_pairs::candles[0m[2m:[0m Loading 5m timeframe for GIGGLEUSDT
[2m2026-01-29T07:31:44.943814Z[0m [32m INFO[0m [2mingestor_pairs::candles[0m[2m:[0m Inserted 169 1m candles for GIGGLEUSDT
[2m2026-01-29T07:31:44.956912Z[0m [32m INFO[0m [2mingestor_pairs::candles[0m[2m:[0m Loading 15m timeframe for GIGGLEUSDT
[2m2026-01-29T07:31:45.225812Z[0m [32m INFO[0m [2mingestor_pairs::candles[0m[2m:[0m Inserted 34 5m candles for GIGGLEUSDT
[2m2026-01-29T07:31:45.234057Z[0m [32m INFO[0m [2mingestor_pairs::candles[0m[2m:[0m Loading 1h timeframe for GIGGLEUSDT
[2m2026-01-29T07:31:45.293290Z[0m [32m INFO[0m [2mingestor_pairs::candles[0m[2m:[0m Inserted 12 15m candles for GIGGLEUSDT
[2m2026-01-29T07:31:45.301304Z[0m [32m INFO[0m [2mingestor_pairs::candles[0m[2m:[0m Loading 1d timeframe for GIGGLEUSDT
[2m2026-01-29T07:31:45.601435Z[0m [32m INFO[0m [2mingestor_pairs::candles[0m[2m:[0m Inserted 3 1h candles for GIGGLEUSDT
[2m2026-01-29T07:31:45.602890Z[0m [32m INFO[0m [2mingestor_pairs::candles[0m[2m:[0m Inserted 0 1d candles for GIGGLEUSDT
[2m2026-01-29T07:31:45.610894Z[0m [32m INFO[0m [2mingestor_pairs::candles[0m[2m:[0m Loading 1m timeframe for MONUSDT
[2m2026-01-29T07:31:45.612522Z[0m [32m INFO[0m [2mingestor_pairs::candles[0m[2m:[0m Loading 5m timeframe for MONUSDT
[2m2026-01-29T07:31:46.014979Z[0m [32m INFO[0m [2mingestor_pairs::candles[0m[2m:[0m Inserted 34 5m candles for MONUSDT
[2m2026-01-29T07:31:46.022783Z[0m [32m INFO[0m [2mingestor_pairs::candles[0m[2m:[0m Loading 15m timeframe for MONUSDT
[2m2026-01-29T07:31:46.043854Z[0m [32m INFO[0m [2mingestor_pairs::candles[0m[2m:[0m Inserted 169 1m candles for MONUSDT
[2m2026-01-29T07:31:46.049562Z[0m [32m INFO[0m [2mingestor_pairs::candles[0m[2m:[0m Loading 1h timeframe for MONUSDT
[2m2026-01-29T07:31:46.422607Z[0m [32m INFO[0m [2mingestor_pairs::candles[0m[2m:[0m Inserted 3 1h candles for MONUSDT
[2m2026-01-29T07:31:46.422721Z[0m [32m INFO[0m [2mingestor_pairs::candles[0m[2m:[0m Inserted 12 15m candles for MONUSDT
[2m2026-01-29T07:31:46.432430Z[0m [32m INFO[0m [2mingestor_pairs::candles[0m[2m:[0m Loading 4h timeframe for MONUSDT
[2m2026-01-29T07:31:46.433038Z[0m [32m INFO[0m [2mingestor_pairs::candles[0m[2m:[0m Loading 1d timeframe for MONUSDT
[2m2026-01-29T07:31:46.824874Z[0m [32m INFO[0m [2mingestor_pairs::candles[0m[2m:[0m Inserted 0 1d candles for MONUSDT
[2m2026-01-29T07:31:46.824880Z[0m [32m INFO[0m [2mingestor_pairs::candles[0m[2m:[0m Inserted 0 4h candles for MONUSDT
[2m2026-01-29T07:31:46.834129Z[0m [32m INFO[0m [2mingestor_pairs::candles[0m[2m:[0m Loading 5m timeframe for YBUSDT
[2m2026-01-29T07:31:46.835819Z[0m [32m INFO[0m [2mingestor_pairs::candles[0m[2m:[0m Loading 1m timeframe for YBUSDT
[2m2026-01-29T07:31:47.149837Z[0m [32m INFO[0m [2mingestor_pairs::candles[0m[2m:[0m Inserted 34 5m candles for YBUSDT
[2m2026-01-29T07:31:47.157954Z[0m [32m INFO[0m [2mingestor_pairs::candles[0m[2m:[0m Loading 15m timeframe for YBUSDT
[2m2026-01-29T07:31:47.173270Z[0m [32m INFO[0m [2mingestor_pairs::candles[0m[2m:[0m Inserted 169 1m candles for YBUSDT
[2m2026-01-29T07:31:47.184501Z[0m [32m INFO[0m [2mingestor_pairs::candles[0m[2m:[0m Loading 1h timeframe for YBUSDT
[2m2026-01-29T07:31:47.551448Z[0m [32m INFO[0m [2mingestor_pairs::candles[0m[2m:[0m Inserted 12 15m candles for YBUSDT
[2m2026-01-29T07:31:47.559517Z[0m [32m INFO[0m [2mingestor_pairs::candles[0m[2m:[0m Loading 4h timeframe for YBUSDT
[2m2026-01-29T07:31:47.867714Z[0m [32m INFO[0m [2mingestor_pairs::candles[0m[2m:[0m Inserted 0 4h candles for YBUSDT
[2m2026-01-29T07:31:47.876479Z[0m [32m INFO[0m [2mingestor_pairs::candles[0m[2m:[0m Loading 1d timeframe for YBUSDT
[2m2026-01-29T07:31:48.161134Z[0m [32m INFO[0m [2mingestor_pairs::candles[0m[2m:[0m Inserted 3 1h candles for YBUSDT
[2m2026-01-29T07:31:48.169293Z[0m [32m INFO[0m [2mingestor_pairs::candles[0m[2m:[0m Loading 1m timeframe for METUSDT
[2m2026-01-29T07:31:48.193417Z[0m [32m INFO[0m [2mingestor_pairs::candles[0m[2m:[0m Inserted 0 1d candles for YBUSDT
[2m2026-01-29T07:31:48.205278Z[0m [32m INFO[0m [2mingestor_pairs::candles[0m[2m:[0m Loading 5m timeframe for METUSDT
[2m2026-01-29T07:31:48.575144Z[0m [32m INFO[0m [2mingestor_pairs::candles[0m[2m:[0m Inserted 34 5m candles for METUSDT
[2m2026-01-29T07:31:48.583716Z[0m [32m INFO[0m [2mingestor_pairs::candles[0m[2m:[0m Loading 15m timeframe for METUSDT
[2m2026-01-29T07:31:48.598110Z[0m [32m INFO[0m [2mingestor_pairs::candles[0m[2m:[0m Inserted 169 1m candles for METUSDT
[2m2026-01-29T07:31:48.608690Z[0m [32m INFO[0m [2mingestor_pairs::candles[0m[2m:[0m Loading 1h timeframe for METUSDT
[2m2026-01-29T07:31:48.983334Z[0m [32m INFO[0m [2mingestor_pairs::candles[0m[2m:[0m Inserted 3 1h candles for METUSDT
[2m2026-01-29T07:31:48.983857Z[0m [32m INFO[0m [2mingestor_pairs::candles[0m[2m:[0m Inserted 12 15m candles for METUSDT
[2m2026-01-29T07:31:48.993780Z[0m [32m INFO[0m [2mingestor_pairs::candles[0m[2m:[0m Loading 4h timeframe for METUSDT
[2m2026-01-29T07:31:48.994287Z[0m [32m INFO[0m [2mingestor_pairs::candles[0m[2m:[0m Loading 1d timeframe for METUSDT
[2m2026-01-29T07:31:49.336729Z[0m [32m INFO[0m [2mingestor_pairs::candles[0m[2m:[0m Inserted 0 4h candles for METUSDT
[2m2026-01-29T07:31:49.337034Z[0m [32m INFO[0m [2mingestor_pairs::candles[0m[2m:[0m Inserted 0 1d candles for METUSDT
[2m2026-01-29T07:31:49.346259Z[0m [32m INFO[0m [2mingestor_pairs::candles[0m[2m:[0m Loading 1m timeframe for EULUSDT
[2m2026-01-29T07:31:49.348441Z[0m [32m INFO[0m [2mingestor_pairs::candles[0m[2m:[0m Loading 5m timeframe for EULUSDT
[2m2026-01-29T07:31:49.669919Z[0m [32m INFO[0m [2mingestor_pairs::candles[0m[2m:[0m Inserted 34 5m candles for EULUSDT
[2m2026-01-29T07:31:49.678416Z[0m [32m INFO[0m [2mingestor_pairs::candles[0m[2m:[0m Loading 15m timeframe for EULUSDT
[2m2026-01-29T07:31:49.692612Z[0m [32m INFO[0m [2mingestor_pairs::candles[0m[2m:[0m Inserted 169 1m candles for EULUSDT
[2m2026-01-29T07:31:49.707909Z[0m [32m INFO[0m [2mingestor_pairs::candles[0m[2m:[0m Loading 1h timeframe for EULUSDT
[2m2026-01-29T07:31:50.007386Z[0m [32m INFO[0m [2mingestor_pairs::candles[0m[2m:[0m Inserted 12 15m candles for EULUSDT
[2m2026-01-29T07:31:50.016350Z[0m [32m INFO[0m [2mingestor_pairs::candles[0m[2m:[0m Loading 4h timeframe for EULUSDT
[2m2026-01-29T07:31:50.021768Z[0m [32m INFO[0m [2mingestor_pairs::candles[0m[2m:[0m Inserted 3 1h candles for EULUSDT
[2m2026-01-29T07:31:50.032265Z[0m [32m INFO[0m [2mingestor_pairs::candles[0m[2m:[0m Loading 1d timeframe for EULUSDT
[2m2026-01-29T07:31:50.408298Z[0m [32m INFO[0m [2mingestor_pairs::candles[0m[2m:[0m Inserted 0 1d candles for EULUSDT
[2m2026-01-29T07:31:50.408436Z[0m [32m INFO[0m [2mingestor_pairs::candles[0m[2m:[0m Inserted 0 4h candles for EULUSDT
[2m2026-01-29T07:31:50.417940Z[0m [32m INFO[0m [2mingestor_pairs::candles[0m[2m:[0m Loading 1m timeframe for ENSOUSDT
[2m2026-01-29T07:31:50.419804Z[0m [32m INFO[0m [2mingestor_pairs::candles[0m[2m:[0m Loading 5m timeframe for ENSOUSDT
[2m2026-01-29T07:31:50.826845Z[0m [32m INFO[0m [2mingestor_pairs::candles[0m[2m:[0m Inserted 34 5m candles for ENSOUSDT
[2m2026-01-29T07:31:50.833269Z[0m [32m INFO[0m [2mingestor_pairs::candles[0m[2m:[0m Loading 15m timeframe for ENSOUSDT
[2m2026-01-29T07:31:50.839426Z[0m [32m INFO[0m [2mingestor_pairs::candles[0m[2m:[0m Inserted 169 1m candles for ENSOUSDT
[2m2026-01-29T07:31:50.845190Z[0m [32m INFO[0m [2mingestor_pairs::candles[0m[2m:[0m Loading 1h timeframe for ENSOUSDT
[2m2026-01-29T07:31:51.234411Z[0m [32m INFO[0m [2mingestor_pairs::candles[0m[2m:[0m Inserted 3 1h candles for ENSOUSDT
[2m2026-01-29T07:31:51.235082Z[0m [32m INFO[0m [2mingestor_pairs::candles[0m[2m:[0m Inserted 12 15m candles for ENSOUSDT
[2m2026-01-29T07:31:51.244552Z[0m [32m INFO[0m [2mingestor_pairs::candles[0m[2m:[0m Loading 4h timeframe for ENSOUSDT
[2m2026-01-29T07:31:51.246515Z[0m [32m INFO[0m [2mingestor_pairs::candles[0m[2m:[0m Loading 1d timeframe for ENSOUSDT
[2m2026-01-29T07:31:51.542844Z[0m [32m INFO[0m [2mingestor_pairs::candles[0m[2m:[0m Inserted 0 4h candles for ENSOUSDT
[2m2026-01-29T07:31:51.546390Z[0m [32m INFO[0m [2mingestor_pairs::candles[0m[2m:[0m Inserted 0 1d candles for ENSOUSDT
[2m2026-01-29T07:31:51.553227Z[0m [32m INFO[0m [2mingestor_pairs::candles[0m[2m:[0m Loading 1m timeframe for CLOUSDT
[2m2026-01-29T07:31:51.556554Z[0m [32m INFO[0m [2mingestor_pairs::candles[0m[2m:[0m Loading 5m timeframe for CLOUSDT
[2m2026-01-29T07:31:51.875450Z[0m [32m INFO[0m [2mingestor_pairs::candles[0m[2m:[0m Inserted 34 5m candles for CLOUSDT
[2m2026-01-29T07:31:51.884423Z[0m [32m INFO[0m [2mingestor_pairs::candles[0m[2m:[0m Loading 15m timeframe for CLOUSDT
[2m2026-01-29T07:31:51.898412Z[0m [32m INFO[0m [2mingestor_pairs::candles[0m[2m:[0m Inserted 169 1m candles for CLOUSDT
[2m2026-01-29T07:31:51.911543Z[0m [32m INFO[0m [2mingestor_pairs::candles[0m[2m:[0m Loading 1h timeframe for CLOUSDT
[2m2026-01-29T07:31:52.257517Z[0m [32m INFO[0m [2mingestor_pairs::candles[0m[2m:[0m Inserted 3 1h candles for CLOUSDT
[2m2026-01-29T07:31:52.258244Z[0m [32m INFO[0m [2mingestor_pairs::candles[0m[2m:[0m Inserted 12 15m candles for CLOUSDT
[2m2026-01-29T07:31:52.266756Z[0m [32m INFO[0m [2mingestor_pairs::candles[0m[2m:[0m Loading 4h timeframe for CLOUSDT
[2m2026-01-29T07:31:52.268232Z[0m [32m INFO[0m [2mingestor_pairs::candles[0m[2m:[0m Loading 1d timeframe for CLOUSDT
[2m2026-01-29T07:31:52.661599Z[0m [32m INFO[0m [2mingestor_pairs::candles[0m[2m:[0m Inserted 0 4h candles for CLOUSDT
[2m2026-01-29T07:31:52.661703Z[0m [32m INFO[0m [2mingestor_pairs::candles[0m[2m:[0m Inserted 0 1d candles for CLOUSDT
[2m2026-01-29T07:31:52.671550Z[0m [32m INFO[0m [2mingestor_pairs::candles[0m[2m:[0m Loading 5m timeframe for ZBTUSDT
[2m2026-01-29T07:31:52.673452Z[0m [32m INFO[0m [2mingestor_pairs::candles[0m[2m:[0m Loading 1m timeframe for ZBTUSDT
[2m2026-01-29T07:31:53.079736Z[0m [32m INFO[0m [2mingestor_pairs::candles[0m[2m:[0m Inserted 34 5m candles for ZBTUSDT
[2m2026-01-29T07:31:53.087936Z[0m [32m INFO[0m [2mingestor_pairs::candles[0m[2m:[0m Loading 15m timeframe for ZBTUSDT
[2m2026-01-29T07:31:53.104841Z[0m [32m INFO[0m [2mingestor_pairs::candles[0m[2m:[0m Inserted 169 1m candles for ZBTUSDT
[2m2026-01-29T07:31:53.115556Z[0m [32m INFO[0m [2mingestor_pairs::candles[0m[2m:[0m Loading 1h timeframe for ZBTUSDT
[2m2026-01-29T07:31:53.487949Z[0m [32m INFO[0m [2mingestor_pairs::candles[0m[2m:[0m Inserted 3 1h candles for ZBTUSDT
[2m2026-01-29T07:31:53.488698Z[0m [32m INFO[0m [2mingestor_pairs::candles[0m[2m:[0m Inserted 12 15m candles for ZBTUSDT
[2m2026-01-29T07:31:53.497015Z[0m [32m INFO[0m [2mingestor_pairs::candles[0m[2m:[0m Loading 4h timeframe for ZBTUSDT
[2m2026-01-29T07:31:53.498682Z[0m [32m INFO[0m [2mingestor_pairs::candles[0m[2m:[0m Loading 1d timeframe for ZBTUSDT
[2m2026-01-29T07:31:53.891207Z[0m [32m INFO[0m [2mingestor_pairs::candles[0m[2m:[0m Inserted 0 4h candles for ZBTUSDT
[2m2026-01-29T07:31:53.891252Z[0m [32m INFO[0m [2mingestor_pairs::candles[0m[2m:[0m Inserted 0 1d candles for ZBTUSDT
[2m2026-01-29T07:31:53.900194Z[0m [32m INFO[0m [2mingestor_pairs::candles[0m[2m:[0m Loading 1m timeframe for LABUSDT
[2m2026-01-29T07:31:53.902258Z[0m [32m INFO[0m [2mingestor_pairs::candles[0m[2m:[0m Loading 5m timeframe for LABUSDT
[2m2026-01-29T07:31:54.630374Z[0m [32m INFO[0m [2mingestor_pairs::candles[0m[2m:[0m Inserted 169 1m candles for LABUSDT
[2m2026-01-29T07:31:54.633793Z[0m [32m INFO[0m [2mingestor_pairs::candles[0m[2m:[0m Loading 15m timeframe for LABUSDT
[2m2026-01-29T07:31:54.669560Z[0m [32m INFO[0m [2mingestor_pairs::candles[0m[2m:[0m Inserted 34 5m candles for LABUSDT
[2m2026-01-29T07:31:54.674077Z[0m [32m INFO[0m [2mingestor_pairs::candles[0m[2m:[0m Loading 1h timeframe for LABUSDT
[2m2026-01-29T07:31:55.023759Z[0m [32m INFO[0m [2mingestor_pairs::candles[0m[2m:[0m Inserted 12 15m candles for LABUSDT
[2m2026-01-29T07:31:55.032547Z[0m [32m INFO[0m [2mingestor_pairs::candles[0m[2m:[0m Loading 4h timeframe for GIGGLEUSDT
[2m2026-01-29T07:31:55.340160Z[0m [32m INFO[0m [2mingestor_pairs::candles[0m[2m:[0m Inserted 0 4h candles for GIGGLEUSDT
[2m2026-01-29T07:31:55.349280Z[0m [32m INFO[0m [2mingestor_pairs::candles[0m[2m:[0m Loading 4h timeframe for LABUSDT
[2m2026-01-29T07:31:55.635759Z[0m [32m INFO[0m [2mingestor_pairs::candles[0m[2m:[0m Inserted 3 1h candles for LABUSDT
[2m2026-01-29T07:31:55.643544Z[0m [32m INFO[0m [2mingestor_pairs::candles[0m[2m:[0m Loading 1d timeframe for LABUSDT
[2m2026-01-29T07:31:55.656431Z[0m [32m INFO[0m [2mingestor_pairs::candles[0m[2m:[0m Inserted 0 4h candles for LABUSDT
[2m2026-01-29T07:31:55.668278Z[0m [32m INFO[0m [2mingestor_pairs::candles[0m[2m:[0m Loading 1m timeframe for RIVERUSDT
[2m2026-01-29T07:31:56.043797Z[0m [32m INFO[0m [2mingestor_pairs::candles[0m[2m:[0m Inserted 0 1d candles for LABUSDT
[2m2026-01-29T07:31:56.051142Z[0m [32m INFO[0m [2mingestor_pairs::candles[0m[2m:[0m Loading 5m timeframe for RIVERUSDT
[2m2026-01-29T07:31:56.064246Z[0m [32m INFO[0m [2mingestor_pairs::candles[0m[2m:[0m Inserted 169 1m candles for RIVERUSDT
[2m2026-01-29T07:31:56.071284Z[0m [32m INFO[0m [2mingestor_pairs::candles[0m[2m:[0m Loading 15m timeframe for RIVERUSDT
[2m2026-01-29T07:31:56.359433Z[0m [32m INFO[0m [2mingestor_pairs::candles[0m[2m:[0m Inserted 34 5m candles for RIVERUSDT
[2m2026-01-29T07:31:56.368770Z[0m [32m INFO[0m [2mingestor_pairs::candles[0m[2m:[0m Loading 1h timeframe for RIVERUSDT
[2m2026-01-29T07:31:56.376277Z[0m [32m INFO[0m [2mingestor_pairs::candles[0m[2m:[0m Inserted 12 15m candles for RIVERUSDT
[2m2026-01-29T07:31:56.389225Z[0m [32m INFO[0m [2mingestor_pairs::candles[0m[2m:[0m Loading 4h timeframe for RIVERUSDT
[2m2026-01-29T07:31:56.757283Z[0m [32m INFO[0m [2mingestor_pairs::candles[0m[2m:[0m Inserted 0 4h candles for RIVERUSDT
[2m2026-01-29T07:31:56.763913Z[0m [32m INFO[0m [2mingestor_pairs::candles[0m[2m:[0m Inserted 3 1h candles for RIVERUSDT
[2m2026-01-29T07:31:56.766812Z[0m [32m INFO[0m [2mingestor_pairs::candles[0m[2m:[0m Loading 1d timeframe for RIVERUSDT
[2m2026-01-29T07:31:56.772251Z[0m [32m INFO[0m [2mingestor_pairs::candles[0m[2m:[0m Loading 1m timeframe for RVVUSDT
[2m2026-01-29T07:31:57.167677Z[0m [32m INFO[0m [2mingestor_pairs::candles[0m[2m:[0m Inserted 0 1d candles for RIVERUSDT
[2m2026-01-29T07:31:57.176882Z[0m [32m INFO[0m [2mingestor_pairs::candles[0m[2m:[0m Loading 5m timeframe for RVVUSDT
[2m2026-01-29T07:31:57.205966Z[0m [32m INFO[0m [2mingestor_pairs::candles[0m[2m:[0m Inserted 169 1m candles for RVVUSDT
[2m2026-01-29T07:31:57.219933Z[0m [32m INFO[0m [2mingestor_pairs::candles[0m[2m:[0m Loading 15m timeframe for RVVUSDT
[2m2026-01-29T07:31:57.586784Z[0m [32m INFO[0m [2mingestor_pairs::candles[0m[2m:[0m Inserted 34 5m candles for RVVUSDT
[2m2026-01-29T07:31:57.595708Z[0m [32m INFO[0m [2mingestor_pairs::candles[0m[2m:[0m Loading 1h timeframe for RVVUSDT
[2m2026-01-29T07:31:57.903856Z[0m [32m INFO[0m [2mingestor_pairs::candles[0m[2m:[0m Inserted 3 1h candles for RVVUSDT
[2m2026-01-29T07:31:57.906907Z[0m [32m INFO[0m [2mingestor_pairs::candles[0m[2m:[0m Loading 4h timeframe for RVVUSDT
[2m2026-01-29T07:31:58.199190Z[0m [32m INFO[0m [2mingestor_pairs::candles[0m[2m:[0m Inserted 12 15m candles for RVVUSDT
[2m2026-01-29T07:31:58.207645Z[0m [32m INFO[0m [2mingestor_pairs::candles[0m[2m:[0m Loading 1m timeframe for 币安人生USDT
[2m2026-01-29T07:31:58.249167Z[0m [32m INFO[0m [2mingestor_pairs::candles[0m[2m:[0m Inserted 0 4h candles for RVVUSDT
[2m2026-01-29T07:31:58.253629Z[0m [32m INFO[0m [2mingestor_pairs::candles[0m[2m:[0m Loading 5m timeframe for 币安人生USDT
[2m2026-01-29T07:31:58.610035Z[0m [32m INFO[0m [2mingestor_pairs::candles[0m[2m:[0m Inserted 34 5m candles for 币安人生USDT
[2m2026-01-29T07:31:58.618568Z[0m [32m INFO[0m [2mingestor_pairs::candles[0m[2m:[0m Loading 15m timeframe for 币安人生USDT
[2m2026-01-29T07:31:58.633425Z[0m [32m INFO[0m [2mingestor_pairs::candles[0m[2m:[0m Inserted 169 1m candles for 币安人生USDT
[2m2026-01-29T07:31:58.650272Z[0m [32m INFO[0m [2mingestor_pairs::candles[0m[2m:[0m Loading 1h timeframe for 币安人生USDT
[2m2026-01-29T07:31:59.015744Z[0m [32m INFO[0m [2mingestor_pairs::candles[0m[2m:[0m Inserted 3 1h candles for 币安人生USDT
[2m2026-01-29T07:31:59.016266Z[0m [32m INFO[0m [2mingestor_pairs::candles[0m[2m:[0m Inserted 12 15m candles for 币安人生USDT
[2m2026-01-29T07:31:59.024835Z[0m [32m INFO[0m [2mingestor_pairs::candles[0m[2m:[0m Loading 4h timeframe for 币安人生USDT
[2m2026-01-29T07:31:59.026453Z[0m [32m INFO[0m [2mingestor_pairs::candles[0m[2m:[0m Loading 1d timeframe for 币安人生USDT
[2m2026-01-29T07:31:59.422591Z[0m [32m INFO[0m [2mingestor_pairs::candles[0m[2m:[0m Inserted 0 1d candles for 币安人生USDT
[2m2026-01-29T07:31:59.422599Z[0m [32m INFO[0m [2mingestor_pairs::candles[0m[2m:[0m Inserted 0 4h candles for 币安人生USDT
[2m2026-01-29T07:31:59.430490Z[0m [32m INFO[0m [2mingestor_pairs::candles[0m[2m:[0m Loading 5m timeframe for BLUAIUSDT
[2m2026-01-29T07:31:59.431854Z[0m [32m INFO[0m [2mingestor_pairs::candles[0m[2m:[0m Loading 1m timeframe for BLUAIUSDT
[2m2026-01-29T07:31:59.839338Z[0m [32m INFO[0m [2mingestor_pairs::candles[0m[2m:[0m Inserted 34 5m candles for BLUAIUSDT
[2m2026-01-29T07:31:59.847571Z[0m [32m INFO[0m [2mingestor_pairs::candles[0m[2m:[0m Loading 15m timeframe for BLUAIUSDT
[2m2026-01-29T07:31:59.856556Z[0m [32m INFO[0m [2mingestor_pairs::candles[0m[2m:[0m Inserted 169 1m candles for BLUAIUSDT
[2m2026-01-29T07:31:59.861025Z[0m [32m INFO[0m [2mingestor_pairs::candles[0m[2m:[0m Loading 1h timeframe for BLUAIUSDT
[2m2026-01-29T07:32:00.152189Z[0m [32m INFO[0m [2mingestor_pairs::candles[0m[2m:[0m Inserted 12 15m candles for BLUAIUSDT
[2m2026-01-29T07:32:00.160524Z[0m [32m INFO[0m [2mingestor_pairs::candles[0m[2m:[0m Inserted 3 1h candles for BLUAIUSDT
[2m2026-01-29T07:32:00.162524Z[0m [32m INFO[0m [2mingestor_pairs::candles[0m[2m:[0m Loading 4h timeframe for BLUAIUSDT
[2m2026-01-29T07:32:00.177955Z[0m [32m INFO[0m [2mingestor_pairs::candles[0m[2m:[0m Loading 1d timeframe for BLUAIUSDT
[2m2026-01-29T07:32:00.471369Z[0m [32m INFO[0m [2mingestor_pairs::candles[0m[2m:[0m Inserted 0 4h candles for BLUAIUSDT
[2m2026-01-29T07:32:00.480265Z[0m [32m INFO[0m [2mingestor_pairs::candles[0m[2m:[0m Loading 1m timeframe for TURTLEUSDT
[2m2026-01-29T07:32:00.490158Z[0m [32m INFO[0m [2mingestor_pairs::candles[0m[2m:[0m Inserted 0 1d candles for BLUAIUSDT
[2m2026-01-29T07:32:00.503230Z[0m [32m INFO[0m [2mingestor_pairs::candles[0m[2m:[0m Loading 5m timeframe for TURTLEUSDT
[2m2026-01-29T07:32:00.819532Z[0m [32m INFO[0m [2mingestor_pairs::candles[0m[2m:[0m Inserted 34 5m candles for TURTLEUSDT
[2m2026-01-29T07:32:00.824210Z[0m [32m INFO[0m [2mingestor_pairs::candles[0m[2m:[0m Inserted 169 1m candles for TURTLEUSDT
[2m2026-01-29T07:32:00.827714Z[0m [32m INFO[0m [2mingestor_pairs::candles[0m[2m:[0m Loading 15m timeframe for TURTLEUSDT
[2m2026-01-29T07:32:00.835104Z[0m [32m INFO[0m [2mingestor_pairs::candles[0m[2m:[0m Loading 1h timeframe for TURTLEUSDT
[2m2026-01-29T07:32:01.166278Z[0m [32m INFO[0m [2mingestor_pairs::candles[0m[2m:[0m Inserted 3 1h candles for TURTLEUSDT
[2m2026-01-29T07:32:01.167081Z[0m [32m INFO[0m [2mingestor_pairs::candles[0m[2m:[0m Inserted 12 15m candles for TURTLEUSDT
[2m2026-01-29T07:32:01.174725Z[0m [32m INFO[0m [2mingestor_pairs::candles[0m[2m:[0m Loading 4h timeframe for TURTLEUSDT
[2m2026-01-29T07:32:01.176400Z[0m [32m INFO[0m [2mingestor_pairs::candles[0m[2m:[0m Loading 1d timeframe for TURTLEUSDT
[2m2026-01-29T07:32:01.479580Z[0m [32m INFO[0m [2mingestor_pairs::candles[0m[2m:[0m Inserted 0 4h candles for TURTLEUSDT
[2m2026-01-29T07:32:01.488410Z[0m [32m INFO[0m [2mingestor_pairs::candles[0m[2m:[0m Loading 1m timeframe for 42USDT
[2m2026-01-29T07:32:01.498160Z[0m [32m INFO[0m [2mingestor_pairs::candles[0m[2m:[0m Inserted 0 1d candles for TURTLEUSDT
[2m2026-01-29T07:32:01.507195Z[0m [32m INFO[0m [2mingestor_pairs::candles[0m[2m:[0m Loading 5m timeframe for 42USDT
[2m2026-01-29T07:32:01.887348Z[0m [32m INFO[0m [2mingestor_pairs::candles[0m[2m:[0m Inserted 34 5m candles for 42USDT
[2m2026-01-29T07:32:01.896254Z[0m [32m INFO[0m [2mingestor_pairs::candles[0m[2m:[0m Loading 15m timeframe for 42USDT
[2m2026-01-29T07:32:01.910722Z[0m [32m INFO[0m [2mingestor_pairs::candles[0m[2m:[0m Inserted 169 1m candles for 42USDT
[2m2026-01-29T07:32:01.921837Z[0m [32m INFO[0m [2mingestor_pairs::candles[0m[2m:[0m Loading 1h timeframe for 42USDT
[2m2026-01-29T07:32:02.294705Z[0m [32m INFO[0m [2mingestor_pairs::candles[0m[2m:[0m Inserted 12 15m candles for 42USDT
[2m2026-01-29T07:32:02.303188Z[0m [32m INFO[0m [2mingestor_pairs::candles[0m[2m:[0m Loading 4h timeframe for 42USDT
[2m2026-01-29T07:32:02.648451Z[0m [32m INFO[0m [2mingestor_pairs::candles[0m[2m:[0m Inserted 0 4h candles for 42USDT
[2m2026-01-29T07:32:02.657759Z[0m [32m INFO[0m [2mingestor_pairs::candles[0m[2m:[0m Loading 1d timeframe for 42USDT
[2m2026-01-29T07:32:02.779422Z[0m [32m INFO[0m [2mingestor_pairs::candles[0m[2m:[0m Inserted 3 1h candles for 42USDT
[2m2026-01-29T07:32:02.784689Z[0m [32m INFO[0m [2mingestor_pairs::candles[0m[2m:[0m Loading 1m timeframe for COMMONUSDT
[2m2026-01-29T07:32:03.002742Z[0m [32m INFO[0m [2mingestor_pairs::candles[0m[2m:[0m Inserted 0 1d candles for 42USDT
[2m2026-01-29T07:32:03.005893Z[0m [32m INFO[0m [2mingestor_pairs::candles[0m[2m:[0m Loading 5m timeframe for COMMONUSDT
[2m2026-01-29T07:32:03.096252Z[0m [32m INFO[0m [2mingestor_pairs::candles[0m[2m:[0m Inserted 169 1m candles for COMMONUSDT
[2m2026-01-29T07:32:03.099503Z[0m [32m INFO[0m [2mingestor_pairs::candles[0m[2m:[0m Loading 15m timeframe for COMMONUSDT
[2m2026-01-29T07:32:03.319979Z[0m [32m INFO[0m [2mingestor_pairs::candles[0m[2m:[0m Inserted 34 5m candles for COMMONUSDT
[2m2026-01-29T07:32:03.328124Z[0m [32m INFO[0m [2mingestor_pairs::candles[0m[2m:[0m Loading 1d timeframe for RVVUSDT
[2m2026-01-29T07:32:03.397031Z[0m [32m INFO[0m [2mingestor_pairs::candles[0m[2m:[0m Inserted 12 15m candles for COMMONUSDT
[2m2026-01-29T07:32:03.401267Z[0m [32m INFO[0m [2mingestor_pairs::candles[0m[2m:[0m Loading 1d timeframe for KGENUSDT
[2m2026-01-29T07:32:03.719644Z[0m [32m INFO[0m [2mingestor_pairs::candles[0m[2m:[0m Inserted 0 1d candles for KGENUSDT
[2m2026-01-29T07:32:03.719717Z[0m [32m INFO[0m [2mingestor_pairs::candles[0m[2m:[0m Inserted 0 1d candles for RVVUSDT
[2m2026-01-29T07:32:03.729651Z[0m [32m INFO[0m [2mingestor_pairs::candles[0m[2m:[0m Loading 1h timeframe for COMMONUSDT
[2m2026-01-29T07:32:03.731554Z[0m [32m INFO[0m [2mingestor_pairs::candles[0m[2m:[0m Loading 4h timeframe for COMMONUSDT
[2m2026-01-29T07:32:04.129350Z[0m [32m INFO[0m [2mingestor_pairs::candles[0m[2m:[0m Inserted 0 4h candles for COMMONUSDT
[2m2026-01-29T07:32:04.135447Z[0m [32m INFO[0m [2mingestor_pairs::candles[0m[2m:[0m Inserted 3 1h candles for COMMONUSDT
[2m2026-01-29T07:32:04.140533Z[0m [32m INFO[0m [2mingestor_pairs::candles[0m[2m:[0m Loading 1d timeframe for COMMONUSDT
[2m2026-01-29T07:32:04.145388Z[0m [32m INFO[0m [2mingestor_pairs::candles[0m[2m:[0m Loading 1m timeframe for KITEUSDT
[2m2026-01-29T07:32:04.539888Z[0m [32m INFO[0m [2mingestor_pairs::candles[0m[2m:[0m Inserted 0 1d candles for COMMONUSDT
[2m2026-01-29T07:32:04.549128Z[0m [32m INFO[0m [2mingestor_pairs::candles[0m[2m:[0m Loading 5m timeframe for KITEUSDT
[2m2026-01-29T07:32:04.577868Z[0m [32m INFO[0m [2mingestor_pairs::candles[0m[2m:[0m Inserted 169 1m candles for KITEUSDT
[2m2026-01-29T07:32:04.587766Z[0m [32m INFO[0m [2mingestor_pairs::candles[0m[2m:[0m Loading 15m timeframe for KITEUSDT
[2m2026-01-29T07:32:04.868428Z[0m [32m INFO[0m [2mingestor_pairs::candles[0m[2m:[0m Inserted 34 5m candles for KITEUSDT
[2m2026-01-29T07:32:04.877027Z[0m [32m INFO[0m [2mingestor_pairs::candles[0m[2m:[0m Loading 1h timeframe for KITEUSDT
[2m2026-01-29T07:32:04.900004Z[0m [32m INFO[0m [2mingestor_pairs::candles[0m[2m:[0m Inserted 12 15m candles for KITEUSDT
[2m2026-01-29T07:32:04.913666Z[0m [32m INFO[0m [2mingestor_pairs::candles[0m[2m:[0m Loading 4h timeframe for KITEUSDT
[2m2026-01-29T07:32:05.188540Z[0m [32m INFO[0m [2mingestor_pairs::candles[0m[2m:[0m Inserted 3 1h candles for KITEUSDT
[2m2026-01-29T07:32:05.198682Z[0m [32m INFO[0m [2mingestor_pairs::candles[0m[2m:[0m Loading 1d timeframe for KITEUSDT
[2m2026-01-29T07:32:05.215114Z[0m [32m INFO[0m [2mingestor_pairs::candles[0m[2m:[0m Inserted 0 4h candles for KITEUSDT
[2m2026-01-29T07:32:05.225970Z[0m [32m INFO[0m [2mingestor_pairs::candles[0m[2m:[0m Loading 1m timeframe for ATUSDT
[2m2026-01-29T07:32:05.667586Z[0m [32m INFO[0m [2mingestor_pairs::candles[0m[2m:[0m Inserted 0 1d candles for KITEUSDT
[2m2026-01-29T07:32:05.675964Z[0m [32m INFO[0m [2mingestor_pairs::candles[0m[2m:[0m Loading 5m timeframe for ATUSDT
[2m2026-01-29T07:32:05.694735Z[0m [32m INFO[0m [2mingestor_pairs::candles[0m[2m:[0m Inserted 170 1m candles for ATUSDT
[2m2026-01-29T07:32:05.700313Z[0m [32m INFO[0m [2mingestor_pairs::candles[0m[2m:[0m Loading 15m timeframe for ATUSDT
[2m2026-01-29T07:32:06.083385Z[0m [32m INFO[0m [2mingestor_pairs::candles[0m[2m:[0m Inserted 12 15m candles for ATUSDT
[2m2026-01-29T07:32:06.085000Z[0m [32m INFO[0m [2mingestor_pairs::candles[0m[2m:[0m Inserted 34 5m candles for ATUSDT
[2m2026-01-29T07:32:06.092455Z[0m [32m INFO[0m [2mingestor_pairs::candles[0m[2m:[0m Loading 1h timeframe for ATUSDT
[2m2026-01-29T07:32:06.093773Z[0m [32m INFO[0m [2mingestor_pairs::candles[0m[2m:[0m Loading 4h timeframe for ATUSDT
[2m2026-01-29T07:32:06.484974Z[0m [32m INFO[0m [2mingestor_pairs::candles[0m[2m:[0m Inserted 0 4h candles for ATUSDT
[2m2026-01-29T07:32:06.491398Z[0m [32m INFO[0m [2mingestor_pairs::candles[0m[2m:[0m Inserted 3 1h candles for ATUSDT
[2m2026-01-29T07:32:06.494615Z[0m [32m INFO[0m [2mingestor_pairs::candles[0m[2m:[0m Loading 1d timeframe for ATUSDT
[2m2026-01-29T07:32:06.502204Z[0m [32m INFO[0m [2mingestor_pairs::candles[0m[2m:[0m Loading 1m timeframe for CCUSDT
[2m2026-01-29T07:32:06.894366Z[0m [32m INFO[0m [2mingestor_pairs::candles[0m[2m:[0m Inserted 0 1d candles for ATUSDT
[2m2026-01-29T07:32:06.903817Z[0m [32m INFO[0m [2mingestor_pairs::candles[0m[2m:[0m Loading 5m timeframe for CCUSDT
[2m2026-01-29T07:32:06.932664Z[0m [32m INFO[0m [2mingestor_pairs::candles[0m[2m:[0m Inserted 170 1m candles for CCUSDT
[2m2026-01-29T07:32:06.945978Z[0m [32m INFO[0m [2mingestor_pairs::candles[0m[2m:[0m Loading 15m timeframe for CCUSDT
[2m2026-01-29T07:32:07.310870Z[0m [32m INFO[0m [2mingestor_pairs::candles[0m[2m:[0m Inserted 12 15m candles for CCUSDT
[2m2026-01-29T07:32:07.315521Z[0m [32m INFO[0m [2mingestor_pairs::candles[0m[2m:[0m Inserted 34 5m candles for CCUSDT
[2m2026-01-29T07:32:07.319424Z[0m [32m INFO[0m [2mingestor_pairs::candles[0m[2m:[0m Loading 1h timeframe for CCUSDT
[2m2026-01-29T07:32:07.321781Z[0m [32m INFO[0m [2mingestor_pairs::candles[0m[2m:[0m Loading 4h timeframe for CCUSDT
[2m2026-01-29T07:32:07.617824Z[0m [32m INFO[0m [2mingestor_pairs::candles[0m[2m:[0m Inserted 0 4h candles for CCUSDT
[2m2026-01-29T07:32:07.618384Z[0m [32m INFO[0m [2mingestor_pairs::candles[0m[2m:[0m Inserted 3 1h candles for CCUSDT
[2m2026-01-29T07:32:07.624831Z[0m [32m INFO[0m [2mingestor_pairs::candles[0m[2m:[0m Loading 1d timeframe for CCUSDT
[2m2026-01-29T07:32:07.625774Z[0m [32m INFO[0m [2mingestor_pairs::candles[0m[2m:[0m Loading 1m timeframe for MMTUSDT
[2m2026-01-29T07:32:08.020693Z[0m [32m INFO[0m [2mingestor_pairs::candles[0m[2m:[0m Inserted 0 1d candles for CCUSDT
[2m2026-01-29T07:32:08.026219Z[0m [32m INFO[0m [2mingestor_pairs::candles[0m[2m:[0m Loading 5m timeframe for MMTUSDT
[2m2026-01-29T07:32:08.034922Z[0m [32m INFO[0m [2mingestor_pairs::candles[0m[2m:[0m Inserted 170 1m candles for MMTUSDT
[2m2026-01-29T07:32:08.038776Z[0m [32m INFO[0m [2mingestor_pairs::candles[0m[2m:[0m Loading 15m timeframe for MMTUSDT
[2m2026-01-29T07:32:08.439890Z[0m [32m INFO[0m [2mingestor_pairs::candles[0m[2m:[0m Inserted 34 5m candles for MMTUSDT
[2m2026-01-29T07:32:08.447649Z[0m [32m INFO[0m [2mingestor_pairs::candles[0m[2m:[0m Loading 1h timeframe for MMTUSDT
[2m2026-01-29T07:32:08.949404Z[0m [32m INFO[0m [2mingestor_pairs::candles[0m[2m:[0m Inserted 3 1h candles for MMTUSDT
[2m2026-01-29T07:32:08.949739Z[0m [32m INFO[0m [2mingestor_pairs::candles[0m[2m:[0m Inserted 12 15m candles for MMTUSDT
[2m2026-01-29T07:32:08.954531Z[0m [32m INFO[0m [2mingestor_pairs::candles[0m[2m:[0m Loading 4h timeframe for MMTUSDT
[2m2026-01-29T07:32:08.955218Z[0m [32m INFO[0m [2mingestor_pairs::candles[0m[2m:[0m Loading 1d timeframe for MMTUSDT
[2m2026-01-29T07:32:09.352153Z[0m [32m INFO[0m [2mingestor_pairs::candles[0m[2m:[0m Inserted 0 4h candles for MMTUSDT
[2m2026-01-29T07:32:09.352183Z[0m [32m INFO[0m [2mingestor_pairs::candles[0m[2m:[0m Inserted 0 1d candles for MMTUSDT
[2m2026-01-29T07:32:09.361107Z[0m [32m INFO[0m [2mingestor_pairs::candles[0m[2m:[0m Loading 5m timeframe for TRUSTUSDT
[2m2026-01-29T07:32:09.361713Z[0m [32m INFO[0m [2mingestor_pairs::candles[0m[2m:[0m Loading 1m timeframe for TRUSTUSDT
[2m2026-01-29T07:32:09.773223Z[0m [32m INFO[0m [2mingestor_pairs::candles[0m[2m:[0m Inserted 34 5m candles for TRUSTUSDT
[2m2026-01-29T07:32:09.781326Z[0m [32m INFO[0m [2mingestor_pairs::candles[0m[2m:[0m Loading 15m timeframe for TRUSTUSDT
[2m2026-01-29T07:32:09.789614Z[0m [32m INFO[0m [2mingestor_pairs::candles[0m[2m:[0m Inserted 170 1m candles for TRUSTUSDT
[2m2026-01-29T07:32:09.795656Z[0m [32m INFO[0m [2mingestor_pairs::candles[0m[2m:[0m Loading 1h timeframe for TRUSTUSDT
[2m2026-01-29T07:32:10.082015Z[0m [32m INFO[0m [2mingestor_pairs::candles[0m[2m:[0m Inserted 12 15m candles for TRUSTUSDT
[2m2026-01-29T07:32:10.087213Z[0m [32m INFO[0m [2mingestor_pairs::candles[0m[2m:[0m Loading 4h timeframe for TRUSTUSDT
[2m2026-01-29T07:32:10.093354Z[0m [32m INFO[0m [2mingestor_pairs::candles[0m[2m:[0m Inserted 3 1h candles for TRUSTUSDT
[2m2026-01-29T07:32:10.096840Z[0m [32m INFO[0m [2mingestor_pairs::candles[0m[2m:[0m Loading 1d timeframe for TRUSTUSDT
[2m2026-01-29T07:32:10.388488Z[0m [32m INFO[0m [2mingestor_pairs::candles[0m[2m:[0m Inserted 0 4h candles for TRUSTUSDT
[2m2026-01-29T07:32:10.392751Z[0m [32m INFO[0m [2mingestor_pairs::candles[0m[2m:[0m Loading 1m timeframe for FOLKSUSDT
[2m2026-01-29T07:32:10.395571Z[0m [32m INFO[0m [2mingestor_pairs::candles[0m[2m:[0m Inserted 0 1d candles for TRUSTUSDT
[2m2026-01-29T07:32:10.398783Z[0m [32m INFO[0m [2mingestor_pairs::candles[0m[2m:[0m Loading 5m timeframe for FOLKSUSDT
[2m2026-01-29T07:32:10.791343Z[0m [32m INFO[0m [2mingestor_pairs::candles[0m[2m:[0m Inserted 34 5m candles for FOLKSUSDT
[2m2026-01-29T07:32:10.795282Z[0m [32m INFO[0m [2mingestor_pairs::candles[0m[2m:[0m Loading 15m timeframe for FOLKSUSDT
[2m2026-01-29T07:32:10.801339Z[0m [32m INFO[0m [2mingestor_pairs::candles[0m[2m:[0m Inserted 170 1m candles for FOLKSUSDT
[2m2026-01-29T07:32:10.804761Z[0m [32m INFO[0m [2mingestor_pairs::candles[0m[2m:[0m Loading 1h timeframe for FOLKSUSDT
[2m2026-01-29T07:32:11.113174Z[0m [32m INFO[0m [2mingestor_pairs::candles[0m[2m:[0m Inserted 3 1h candles for FOLKSUSDT
[2m2026-01-29T07:32:11.114266Z[0m [32m INFO[0m [2mingestor_pairs::candles[0m[2m:[0m Inserted 12 15m candles for FOLKSUSDT
[2m2026-01-29T07:32:11.118979Z[0m [32m INFO[0m [2mingestor_pairs::candles[0m[2m:[0m Loading 4h timeframe for FOLKSUSDT
[2m2026-01-29T07:32:11.119563Z[0m [32m INFO[0m [2mingestor_pairs::candles[0m[2m:[0m Loading 1d timeframe for FOLKSUSDT
[2m2026-01-29T07:32:11.502317Z[0m [32m INFO[0m [2mingestor_pairs::candles[0m[2m:[0m Inserted 0 4h candles for FOLKSUSDT
[2m2026-01-29T07:32:11.502411Z[0m [32m INFO[0m [2mingestor_pairs::candles[0m[2m:[0m Inserted 0 1d candles for FOLKSUSDT
[2m2026-01-29T07:32:11.511835Z[0m [32m INFO[0m [2mingestor_pairs::candles[0m[2m:[0m Loading 1m timeframe for STABLEUSDT
[2m2026-01-29T07:32:11.513347Z[0m [32m INFO[0m [2mingestor_pairs::candles[0m[2m:[0m Loading 5m timeframe for STABLEUSDT
[2m2026-01-29T07:32:11.920777Z[0m [32m INFO[0m [2mingestor_pairs::candles[0m[2m:[0m Inserted 34 5m candles for STABLEUSDT
[2m2026-01-29T07:32:11.926079Z[0m [32m INFO[0m [2mingestor_pairs::candles[0m[2m:[0m Loading 15m timeframe for STABLEUSDT
[2m2026-01-29T07:32:11.930847Z[0m [32m INFO[0m [2mingestor_pairs::candles[0m[2m:[0m Inserted 170 1m candles for STABLEUSDT
[2m2026-01-29T07:32:11.934323Z[0m [32m INFO[0m [2mingestor_pairs::candles[0m[2m:[0m Loading 1h timeframe for STABLEUSDT
[2m2026-01-29T07:32:12.329608Z[0m [32m INFO[0m [2mingestor_pairs::candles[0m[2m:[0m Inserted 12 15m candles for STABLEUSDT
[2m2026-01-29T07:32:12.336052Z[0m [32m INFO[0m [2mingestor_pairs::candles[0m[2m:[0m Loading 4h timeframe for STABLEUSDT
[2m2026-01-29T07:32:12.630608Z[0m [32m INFO[0m [2mingestor_pairs::candles[0m[2m:[0m Inserted 0 4h candles for STABLEUSDT
[2m2026-01-29T07:32:12.639813Z[0m [32m INFO[0m [2mingestor_pairs::candles[0m[2m:[0m Loading 1d timeframe for STABLEUSDT
[2m2026-01-29T07:32:12.841460Z[0m [32m INFO[0m [2mingestor_pairs::candles[0m[2m:[0m Inserted 3 1h candles for STABLEUSDT
[2m2026-01-29T07:32:12.849764Z[0m [32m INFO[0m [2mingestor_pairs::candles[0m[2m:[0m Loading 1m timeframe for ALLOUSDT
[2m2026-01-29T07:32:12.956623Z[0m [32m INFO[0m [2mingestor_pairs::candles[0m[2m:[0m Inserted 0 1d candles for STABLEUSDT
[2m2026-01-29T07:32:12.962326Z[0m [32m INFO[0m [2mingestor_pairs::candles[0m[2m:[0m Loading 5m timeframe for ALLOUSDT
[2m2026-01-29T07:32:13.262844Z[0m [32m INFO[0m [2mingestor_pairs::candles[0m[2m:[0m Inserted 34 5m candles for ALLOUSDT
[2m2026-01-29T07:32:13.266892Z[0m [32m INFO[0m [2mingestor_pairs::candles[0m[2m:[0m Loading 15m timeframe for ALLOUSDT
[2m2026-01-29T07:32:13.267026Z[0m [32m INFO[0m [2mingestor_pairs::candles[0m[2m:[0m Inserted 170 1m candles for ALLOUSDT
[2m2026-01-29T07:32:13.270025Z[0m [32m INFO[0m [2mingestor_pairs::candles[0m[2m:[0m Loading 1h timeframe for ALLOUSDT
[2m2026-01-29T07:32:13.659585Z[0m [32m INFO[0m [2mingestor_pairs::candles[0m[2m:[0m Inserted 3 1h candles for ALLOUSDT
[2m2026-01-29T07:32:13.660101Z[0m [32m INFO[0m [2mingestor_pairs::candles[0m[2m:[0m Inserted 12 15m candles for ALLOUSDT
[2m2026-01-29T07:32:13.668756Z[0m [32m INFO[0m [2mingestor_pairs::candles[0m[2m:[0m Loading 4h timeframe for ALLOUSDT
[2m2026-01-29T07:32:13.670064Z[0m [32m INFO[0m [2mingestor_pairs::candles[0m[2m:[0m Loading 1d timeframe for ALLOUSDT
[2m2026-01-29T07:32:14.062088Z[0m [32m INFO[0m [2mingestor_pairs::candles[0m[2m:[0m Inserted 0 1d candles for ALLOUSDT
[2m2026-01-29T07:32:14.062204Z[0m [32m INFO[0m [2mingestor_pairs::candles[0m[2m:[0m Inserted 0 4h candles for ALLOUSDT
[2m2026-01-29T07:32:14.072610Z[0m [32m INFO[0m [2mingestor_pairs::candles[0m[2m:[0m Loading 1m timeframe for CLANKERUSDT
[2m2026-01-29T07:32:14.074511Z[0m [32m INFO[0m [2mingestor_pairs::candles[0m[2m:[0m Loading 5m timeframe for CLANKERUSDT
[2m2026-01-29T07:32:14.484844Z[0m [32m INFO[0m [2mingestor_pairs::candles[0m[2m:[0m Inserted 34 5m candles for CLANKERUSDT
[2m2026-01-29T07:32:14.490782Z[0m [32m INFO[0m [2mingestor_pairs::candles[0m[2m:[0m Loading 15m timeframe for CLANKERUSDT
[2m2026-01-29T07:32:14.498644Z[0m [32m INFO[0m [2mingestor_pairs::candles[0m[2m:[0m Inserted 170 1m candles for CLANKERUSDT
[2m2026-01-29T07:32:14.503634Z[0m [32m INFO[0m [2mingestor_pairs::candles[0m[2m:[0m Loading 1h timeframe for CLANKERUSDT
[2m2026-01-29T07:32:14.889469Z[0m [32m INFO[0m [2mingestor_pairs::candles[0m[2m:[0m Inserted 3 1h candles for CLANKERUSDT
[2m2026-01-29T07:32:14.890008Z[0m [32m INFO[0m [2mingestor_pairs::candles[0m[2m:[0m Inserted 12 15m candles for CLANKERUSDT
[2m2026-01-29T07:32:14.898063Z[0m [32m INFO[0m [2mingestor_pairs::candles[0m[2m:[0m Loading 4h timeframe for CLANKERUSDT
[2m2026-01-29T07:32:14.899445Z[0m [32m INFO[0m [2mingestor_pairs::candles[0m[2m:[0m Loading 1d timeframe for CLANKERUSDT
[2m2026-01-29T07:32:15.293144Z[0m [32m INFO[0m [2mingestor_pairs::candles[0m[2m:[0m Inserted 0 1d candles for CLANKERUSDT
[2m2026-01-29T07:32:15.293162Z[0m [32m INFO[0m [2mingestor_pairs::candles[0m[2m:[0m Inserted 0 4h candles for CLANKERUSDT
[2m2026-01-29T07:32:15.302511Z[0m [32m INFO[0m [2mingestor_pairs::candles[0m[2m:[0m Loading 5m timeframe for BEATUSDT
[2m2026-01-29T07:32:15.303831Z[0m [32m INFO[0m [2mingestor_pairs::candles[0m[2m:[0m Loading 1m timeframe for BEATUSDT
[2m2026-01-29T07:32:15.618384Z[0m [32m INFO[0m [2mingestor_pairs::candles[0m[2m:[0m Inserted 34 5m candles for BEATUSDT
[2m2026-01-29T07:32:15.627625Z[0m [32m INFO[0m [2mingestor_pairs::candles[0m[2m:[0m Loading 15m timeframe for BEATUSDT
[2m2026-01-29T07:32:15.658130Z[0m [32m INFO[0m [2mingestor_pairs::candles[0m[2m:[0m Inserted 170 1m candles for BEATUSDT
[2m2026-01-29T07:32:15.669122Z[0m [32m INFO[0m [2mingestor_pairs::candles[0m[2m:[0m Loading 1h timeframe for BEATUSDT
[2m2026-01-29T07:32:15.943419Z[0m [32m INFO[0m [2mingestor_pairs::candles[0m[2m:[0m Inserted 12 15m candles for BEATUSDT
[2m2026-01-29T07:32:15.951888Z[0m [32m INFO[0m [2mingestor_pairs::candles[0m[2m:[0m Loading 4h timeframe for BEATUSDT
[2m2026-01-29T07:32:15.981147Z[0m [32m INFO[0m [2mingestor_pairs::candles[0m[2m:[0m Inserted 3 1h candles for BEATUSDT
[2m2026-01-29T07:32:16.000051Z[0m [32m INFO[0m [2mingestor_pairs::candles[0m[2m:[0m Loading 1d timeframe for BEATUSDT
[2m2026-01-29T07:32:16.315496Z[0m [32m INFO[0m [2mingestor_pairs::candles[0m[2m:[0m Inserted 0 1d candles for BEATUSDT
[2m2026-01-29T07:32:16.315531Z[0m [32m INFO[0m [2mingestor_pairs::candles[0m[2m:[0m Inserted 0 4h candles for BEATUSDT
[2m2026-01-29T07:32:16.319037Z[0m [32m INFO[0m [2mingestor_pairs::candles[0m[2m:[0m Loading 5m timeframe for PIEVERSEUSDT
[2m2026-01-29T07:32:16.319329Z[0m [32m INFO[0m [2mingestor_pairs::candles[0m[2m:[0m Loading 1m timeframe for PIEVERSEUSDT
[2m2026-01-29T07:32:16.634629Z[0m [32m INFO[0m [2mingestor_pairs::candles[0m[2m:[0m Inserted 34 5m candles for PIEVERSEUSDT
[2m2026-01-29T07:32:16.643268Z[0m [32m INFO[0m [2mingestor_pairs::candles[0m[2m:[0m Loading 15m timeframe for PIEVERSEUSDT
[2m2026-01-29T07:32:17.027602Z[0m [32m INFO[0m [2mingestor_pairs::candles[0m[2m:[0m Inserted 12 15m candles for PIEVERSEUSDT
[2m2026-01-29T07:32:17.035504Z[0m [32m INFO[0m [2mingestor_pairs::candles[0m[2m:[0m Loading 1h timeframe for PIEVERSEUSDT
[2m2026-01-29T07:32:17.262551Z[0m [32m INFO[0m [2mingestor_pairs::candles[0m[2m:[0m Inserted 170 1m candles for PIEVERSEUSDT
[2m2026-01-29T07:32:17.270406Z[0m [32m INFO[0m [2mingestor_pairs::candles[0m[2m:[0m Loading 4h timeframe for PIEVERSEUSDT
[2m2026-01-29T07:32:17.347728Z[0m [32m INFO[0m [2mingestor_pairs::candles[0m[2m:[0m Inserted 3 1h candles for PIEVERSEUSDT
[2m2026-01-29T07:32:17.352607Z[0m [32m INFO[0m [2mingestor_pairs::candles[0m[2m:[0m Loading 1d timeframe for PIEVERSEUSDT
[2m2026-01-29T07:32:17.578222Z[0m [32m INFO[0m [2mingestor_pairs::candles[0m[2m:[0m Inserted 0 4h candles for PIEVERSEUSDT
[2m2026-01-29T07:32:17.587508Z[0m [32m INFO[0m [2mingestor_pairs::candles[0m[2m:[0m Loading 1m timeframe for SENTUSDT
[2m2026-01-29T07:32:17.646366Z[0m [32m INFO[0m [2mingestor_pairs::candles[0m[2m:[0m Inserted 0 1d candles for PIEVERSEUSDT
[2m2026-01-29T07:32:17.658281Z[0m [32m INFO[0m [2mingestor_pairs::candles[0m[2m:[0m Loading 5m timeframe for SENTUSDT
[2m2026-01-29T07:32:17.966700Z[0m [32m INFO[0m [2mingestor_pairs::candles[0m[2m:[0m Inserted 34 5m candles for SENTUSDT
[2m2026-01-29T07:32:17.976401Z[0m [32m INFO[0m [2mingestor_pairs::candles[0m[2m:[0m Loading 15m timeframe for SENTUSDT
[2m2026-01-29T07:32:17.992757Z[0m [32m INFO[0m [2mingestor_pairs::candles[0m[2m:[0m Inserted 170 1m candles for SENTUSDT
[2m2026-01-29T07:32:18.002298Z[0m [32m INFO[0m [2mingestor_pairs::candles[0m[2m:[0m Loading 1h timeframe for SENTUSDT
[2m2026-01-29T07:32:18.371836Z[0m [32m INFO[0m [2mingestor_pairs::candles[0m[2m:[0m Inserted 3 1h candles for SENTUSDT
[2m2026-01-29T07:32:18.372665Z[0m [32m INFO[0m [2mingestor_pairs::candles[0m[2m:[0m Inserted 12 15m candles for SENTUSDT
[2m2026-01-29T07:32:18.381496Z[0m [32m INFO[0m [2mingestor_pairs::candles[0m[2m:[0m Loading 1d timeframe for SENTUSDT
[2m2026-01-29T07:32:18.381733Z[0m [32m INFO[0m [2mingestor_pairs::candles[0m[2m:[0m Loading 4h timeframe for SENTUSDT
[2m2026-01-29T07:32:18.773200Z[0m [32m INFO[0m [2mingestor_pairs::candles[0m[2m:[0m Inserted 0 1d candles for SENTUSDT
[2m2026-01-29T07:32:18.773816Z[0m [32m INFO[0m [2mingestor_pairs::candles[0m[2m:[0m Inserted 0 4h candles for SENTUSDT
[2m2026-01-29T07:32:18.782616Z[0m [32m INFO[0m [2mingestor_pairs::candles[0m[2m:[0m Loading 1m timeframe for BOBUSDT
[2m2026-01-29T07:32:18.785089Z[0m [32m INFO[0m [2mingestor_pairs::candles[0m[2m:[0m Loading 5m timeframe for BOBUSDT
[2m2026-01-29T07:32:19.192069Z[0m [32m INFO[0m [2mingestor_pairs::candles[0m[2m:[0m Inserted 34 5m candles for BOBUSDT
[2m2026-01-29T07:32:19.201305Z[0m [32m INFO[0m [2mingestor_pairs::candles[0m[2m:[0m Loading 15m timeframe for BOBUSDT
[2m2026-01-29T07:32:19.215408Z[0m [32m INFO[0m [2mingestor_pairs::candles[0m[2m:[0m Inserted 170 1m candles for BOBUSDT
[2m2026-01-29T07:32:19.227036Z[0m [32m INFO[0m [2mingestor_pairs::candles[0m[2m:[0m Loading 1h timeframe for BOBUSDT
[2m2026-01-29T07:32:19.598771Z[0m [32m INFO[0m [2mingestor_pairs::candles[0m[2m:[0m Inserted 3 1h candles for BOBUSDT
[2m2026-01-29T07:32:19.598952Z[0m [32m INFO[0m [2mingestor_pairs::candles[0m[2m:[0m Inserted 12 15m candles for BOBUSDT
[2m2026-01-29T07:32:19.607609Z[0m [32m INFO[0m [2mingestor_pairs::candles[0m[2m:[0m Loading 4h timeframe for BOBUSDT
[2m2026-01-29T07:32:19.609083Z[0m [32m INFO[0m [2mingestor_pairs::candles[0m[2m:[0m Loading 1d timeframe for BOBUSDT
[2m2026-01-29T07:32:20.105693Z[0m [32m INFO[0m [2mingestor_pairs::candles[0m[2m:[0m Inserted 0 4h candles for BOBUSDT
[2m2026-01-29T07:32:20.105840Z[0m [32m INFO[0m [2mingestor_pairs::candles[0m[2m:[0m Inserted 0 1d candles for BOBUSDT
[2m2026-01-29T07:32:20.115951Z[0m [32m INFO[0m [2mingestor_pairs::candles[0m[2m:[0m Loading 5m timeframe for IRYSUSDT
[2m2026-01-29T07:32:20.117195Z[0m [32m INFO[0m [2mingestor_pairs::candles[0m[2m:[0m Loading 1m timeframe for IRYSUSDT
[2m2026-01-29T07:32:20.523701Z[0m [32m INFO[0m [2mingestor_pairs::candles[0m[2m:[0m Inserted 34 5m candles for IRYSUSDT
[2m2026-01-29T07:32:20.533482Z[0m [32m INFO[0m [2mingestor_pairs::candles[0m[2m:[0m Loading 15m timeframe for IRYSUSDT
[2m2026-01-29T07:32:20.541536Z[0m [32m INFO[0m [2mingestor_pairs::candles[0m[2m:[0m Inserted 170 1m candles for IRYSUSDT
[2m2026-01-29T07:32:20.548461Z[0m [32m INFO[0m [2mingestor_pairs::candles[0m[2m:[0m Loading 1h timeframe for IRYSUSDT
[2m2026-01-29T07:32:20.930396Z[0m [32m INFO[0m [2mingestor_pairs::candles[0m[2m:[0m Inserted 3 1h candles for IRYSUSDT
[2m2026-01-29T07:32:20.930881Z[0m [32m INFO[0m [2mingestor_pairs::candles[0m[2m:[0m Inserted 12 15m candles for IRYSUSDT
[2m2026-01-29T07:32:20.939138Z[0m [32m INFO[0m [2mingestor_pairs::candles[0m[2m:[0m Loading 4h timeframe for IRYSUSDT
[2m2026-01-29T07:32:20.940825Z[0m [32m INFO[0m [2mingestor_pairs::candles[0m[2m:[0m Loading 1d timeframe for IRYSUSDT
[2m2026-01-29T07:32:21.245438Z[0m [32m INFO[0m [2mingestor_pairs::candles[0m[2m:[0m Inserted 0 4h candles for IRYSUSDT
[2m2026-01-29T07:32:21.255492Z[0m [32m INFO[0m [2mingestor_pairs::candles[0m[2m:[0m Loading 1m timeframe for RLSUSDT
[2m2026-01-29T07:32:21.257412Z[0m [32m INFO[0m [2mingestor_pairs::candles[0m[2m:[0m Inserted 0 1d candles for IRYSUSDT
[2m2026-01-29T07:32:21.276686Z[0m [32m INFO[0m [2mingestor_pairs::candles[0m[2m:[0m Loading 5m timeframe for RLSUSDT
[2m2026-01-29T07:32:21.695053Z[0m [32m INFO[0m [2mingestor_pairs::candles[0m[2m:[0m Inserted 700 5m candles for RLSUSDT
[2m2026-01-29T07:32:21.702094Z[0m [32m INFO[0m [2mingestor_pairs::candles[0m[2m:[0m Loading 15m timeframe for RLSUSDT
[2m2026-01-29T07:32:21.720603Z[0m [32m INFO[0m [2mingestor_pairs::candles[0m[2m:[0m Inserted 700 1m candles for RLSUSDT
[2m2026-01-29T07:32:21.726271Z[0m [32m INFO[0m [2mingestor_pairs::candles[0m[2m:[0m Loading 1h timeframe for RLSUSDT
[2m2026-01-29T07:32:22.187506Z[0m [32m INFO[0m [2mingestor_pairs::candles[0m[2m:[0m Inserted 700 15m candles for RLSUSDT
[2m2026-01-29T07:32:22.187599Z[0m [32m INFO[0m [2mingestor_pairs::candles[0m[2m:[0m Inserted 700 1h candles for RLSUSDT
[2m2026-01-29T07:32:22.191053Z[0m [32m INFO[0m [2mingestor_pairs::candles[0m[2m:[0m Loading 4h timeframe for RLSUSDT
[2m2026-01-29T07:32:22.191515Z[0m [32m INFO[0m [2mingestor_pairs::candles[0m[2m:[0m Loading 1d timeframe for RLSUSDT
[2m2026-01-29T07:32:22.504394Z[0m [32m INFO[0m [2mingestor_pairs::candles[0m[2m:[0m Inserted 59 1d candles for RLSUSDT
[2m2026-01-29T07:32:22.511979Z[0m [32m INFO[0m [2mingestor_pairs::candles[0m[2m:[0m Loading 1m timeframe for POWERUSDT
[2m2026-01-29T07:32:22.518425Z[0m [32m INFO[0m [2mingestor_pairs::candles[0m[2m:[0m Inserted 348 4h candles for RLSUSDT
[2m2026-01-29T07:32:22.524136Z[0m [32m INFO[0m [2mingestor_pairs::candles[0m[2m:[0m Loading 5m timeframe for POWERUSDT
[2m2026-01-29T07:32:22.980562Z[0m [32m INFO[0m [2mingestor_pairs::candles[0m[2m:[0m Inserted 34 5m candles for POWERUSDT
[2m2026-01-29T07:32:22.989053Z[0m [32m INFO[0m [2mingestor_pairs::candles[0m[2m:[0m Loading 15m timeframe for POWERUSDT
[2m2026-01-29T07:32:22.997842Z[0m [32m INFO[0m [2mingestor_pairs::candles[0m[2m:[0m Inserted 170 1m candles for POWERUSDT
[2m2026-01-29T07:32:23.001956Z[0m [32m INFO[0m [2mingestor_pairs::candles[0m[2m:[0m Loading 1h timeframe for POWERUSDT
[2m2026-01-29T07:32:23.387481Z[0m [32m INFO[0m [2mingestor_pairs::candles[0m[2m:[0m Inserted 3 1h candles for POWERUSDT
[2m2026-01-29T07:32:23.388372Z[0m [32m INFO[0m [2mingestor_pairs::candles[0m[2m:[0m Inserted 12 15m candles for POWERUSDT
[2m2026-01-29T07:32:23.396807Z[0m [32m INFO[0m [2mingestor_pairs::candles[0m[2m:[0m Loading 4h timeframe for POWERUSDT
[2m2026-01-29T07:32:23.398346Z[0m [32m INFO[0m [2mingestor_pairs::candles[0m[2m:[0m Loading 1d timeframe for POWERUSDT
[2m2026-01-29T07:32:23.790621Z[0m [32m INFO[0m [2mingestor_pairs::candles[0m[2m:[0m Inserted 0 4h candles for POWERUSDT
[2m2026-01-29T07:32:23.790690Z[0m [32m INFO[0m [2mingestor_pairs::candles[0m[2m:[0m Inserted 0 1d candles for POWERUSDT
[2m2026-01-29T07:32:23.801723Z[0m [32m INFO[0m [2mingestor_pairs::candles[0m[2m:[0m Loading 5m timeframe for WETUSDT
[2m2026-01-29T07:32:23.803551Z[0m [32m INFO[0m [2mingestor_pairs::candles[0m[2m:[0m Loading 1m timeframe for WETUSDT
[2m2026-01-29T07:32:24.311038Z[0m [32m INFO[0m [2mingestor_pairs::candles[0m[2m:[0m Inserted 34 5m candles for WETUSDT
[2m2026-01-29T07:32:24.319517Z[0m [32m INFO[0m [2mingestor_pairs::candles[0m[2m:[0m Loading 15m timeframe for WETUSDT
[2m2026-01-29T07:32:24.335998Z[0m [32m INFO[0m [2mingestor_pairs::candles[0m[2m:[0m Inserted 170 1m candles for WETUSDT
[2m2026-01-29T07:32:24.346565Z[0m [32m INFO[0m [2mingestor_pairs::candles[0m[2m:[0m Loading 1h timeframe for WETUSDT
[2m2026-01-29T07:32:24.643630Z[0m [32m INFO[0m [2mingestor_pairs::candles[0m[2m:[0m Inserted 12 15m candles for WETUSDT
[2m2026-01-29T07:32:24.652684Z[0m [32m INFO[0m [2mingestor_pairs::candles[0m[2m:[0m Loading 4h timeframe for WETUSDT
[2m2026-01-29T07:32:24.670209Z[0m [32m INFO[0m [2mingestor_pairs::candles[0m[2m:[0m Inserted 3 1h candles for WETUSDT
[2m2026-01-29T07:32:24.686121Z[0m [32m INFO[0m [2mingestor_pairs::candles[0m[2m:[0m Loading 1d timeframe for WETUSDT
[2m2026-01-29T07:32:25.020588Z[0m [32m INFO[0m [2mingestor_pairs::candles[0m[2m:[0m Inserted 0 1d candles for WETUSDT
[2m2026-01-29T07:32:25.020677Z[0m [32m INFO[0m [2mingestor_pairs::candles[0m[2m:[0m Inserted 0 4h candles for WETUSDT
[2m2026-01-29T07:32:25.030381Z[0m [32m INFO[0m [2mingestor_pairs::candles[0m[2m:[0m Loading 5m timeframe for NIGHTUSDT
[2m2026-01-29T07:32:25.032060Z[0m [32m INFO[0m [2mingestor_pairs::candles[0m[2m:[0m Loading 1m timeframe for NIGHTUSDT
[2m2026-01-29T07:32:25.440128Z[0m [32m INFO[0m [2mingestor_pairs::candles[0m[2m:[0m Inserted 34 5m candles for NIGHTUSDT
[2m2026-01-29T07:32:25.449015Z[0m [32m INFO[0m [2mingestor_pairs::candles[0m[2m:[0m Loading 15m timeframe for NIGHTUSDT
[2m2026-01-29T07:32:25.463222Z[0m [32m INFO[0m [2mingestor_pairs::candles[0m[2m:[0m Inserted 170 1m candles for NIGHTUSDT
[2m2026-01-29T07:32:25.476132Z[0m [32m INFO[0m [2mingestor_pairs::candles[0m[2m:[0m Loading 1h timeframe for NIGHTUSDT
[2m2026-01-29T07:32:25.846665Z[0m [32m INFO[0m [2mingestor_pairs::candles[0m[2m:[0m Inserted 3 1h candles for NIGHTUSDT
[2m2026-01-29T07:32:25.846757Z[0m [32m INFO[0m [2mingestor_pairs::candles[0m[2m:[0m Inserted 12 15m candles for NIGHTUSDT
[2m2026-01-29T07:32:25.854954Z[0m [32m INFO[0m [2mingestor_pairs::candles[0m[2m:[0m Loading 1d timeframe for NIGHTUSDT
[2m2026-01-29T07:32:25.856580Z[0m [32m INFO[0m [2mingestor_pairs::candles[0m[2m:[0m Loading 4h timeframe for NIGHTUSDT
[2m2026-01-29T07:32:26.249688Z[0m [32m INFO[0m [2mingestor_pairs::candles[0m[2m:[0m Inserted 0 4h candles for NIGHTUSDT
[2m2026-01-29T07:32:26.250087Z[0m [32m INFO[0m [2mingestor_pairs::candles[0m[2m:[0m Inserted 0 1d candles for NIGHTUSDT
[2m2026-01-29T07:32:26.260160Z[0m [32m INFO[0m [2mingestor_pairs::candles[0m[2m:[0m Loading 1m timeframe for CYSUSDT
[2m2026-01-29T07:32:26.262015Z[0m [32m INFO[0m [2mingestor_pairs::candles[0m[2m:[0m Loading 5m timeframe for CYSUSDT
[2m2026-01-29T07:32:26.583553Z[0m [32m INFO[0m [2mingestor_pairs::candles[0m[2m:[0m Inserted 34 5m candles for CYSUSDT
[2m2026-01-29T07:32:26.591818Z[0m [32m INFO[0m [2mingestor_pairs::candles[0m[2m:[0m Loading 15m timeframe for CYSUSDT
[2m2026-01-29T07:32:26.610820Z[0m [32m INFO[0m [2mingestor_pairs::candles[0m[2m:[0m Inserted 170 1m candles for CYSUSDT
[2m2026-01-29T07:32:26.620649Z[0m [32m INFO[0m [2mingestor_pairs::candles[0m[2m:[0m Loading 1h timeframe for CYSUSDT
[2m2026-01-29T07:32:26.905402Z[0m [32m INFO[0m [2mingestor_pairs::candles[0m[2m:[0m Inserted 12 15m candles for CYSUSDT
[2m2026-01-29T07:32:26.914292Z[0m [32m INFO[0m [2mingestor_pairs::candles[0m[2m:[0m Loading 4h timeframe for CYSUSDT
[2m2026-01-29T07:32:26.935589Z[0m [32m INFO[0m [2mingestor_pairs::candles[0m[2m:[0m Inserted 3 1h candles for CYSUSDT
[2m2026-01-29T07:32:26.950329Z[0m [32m INFO[0m [2mingestor_pairs::candles[0m[2m:[0m Loading 1d timeframe for CYSUSDT
[2m2026-01-29T07:32:27.272758Z[0m [32m INFO[0m [2mingestor_pairs::candles[0m[2m:[0m Inserted 0 4h candles for CYSUSDT
[2m2026-01-29T07:32:27.272821Z[0m [32m INFO[0m [2mingestor_pairs::candles[0m[2m:[0m Inserted 0 1d candles for CYSUSDT
[2m2026-01-29T07:32:27.283549Z[0m [32m INFO[0m [2mingestor_pairs::candles[0m[2m:[0m Loading 5m timeframe for RAVEUSDT
[2m2026-01-29T07:32:27.286682Z[0m [32m INFO[0m [2mingestor_pairs::candles[0m[2m:[0m Loading 1m timeframe for RAVEUSDT
[2m2026-01-29T07:32:27.693882Z[0m [32m INFO[0m [2mingestor_pairs::candles[0m[2m:[0m Inserted 34 5m candles for RAVEUSDT
[2m2026-01-29T07:32:27.702185Z[0m [32m INFO[0m [2mingestor_pairs::candles[0m[2m:[0m Loading 15m timeframe for RAVEUSDT
[2m2026-01-29T07:32:27.721639Z[0m [32m INFO[0m [2mingestor_pairs::candles[0m[2m:[0m Inserted 170 1m candles for RAVEUSDT
[2m2026-01-29T07:32:27.732915Z[0m [32m INFO[0m [2mingestor_pairs::candles[0m[2m:[0m Loading 1h timeframe for RAVEUSDT
[2m2026-01-29T07:32:28.098845Z[0m [32m INFO[0m [2mingestor_pairs::candles[0m[2m:[0m Inserted 3 1h candles for RAVEUSDT
[2m2026-01-29T07:32:28.099434Z[0m [32m INFO[0m [2mingestor_pairs::candles[0m[2m:[0m Inserted 12 15m candles for RAVEUSDT
[2m2026-01-29T07:32:28.108906Z[0m [32m INFO[0m [2mingestor_pairs::candles[0m[2m:[0m Loading 4h timeframe for RAVEUSDT
[2m2026-01-29T07:32:28.109478Z[0m [32m INFO[0m [2mingestor_pairs::candles[0m[2m:[0m Loading 1d timeframe for RAVEUSDT
[2m2026-01-29T07:32:28.501163Z[0m [32m INFO[0m [2mingestor_pairs::candles[0m[2m:[0m Inserted 0 1d candles for RAVEUSDT
[2m2026-01-29T07:32:28.501160Z[0m [32m INFO[0m [2mingestor_pairs::candles[0m[2m:[0m Inserted 0 4h candles for RAVEUSDT
[2m2026-01-29T07:32:28.510500Z[0m [32m INFO[0m [2mingestor_pairs::candles[0m[2m:[0m Loading 1m timeframe for ZKPUSDT
[2m2026-01-29T07:32:28.512189Z[0m [32m INFO[0m [2mingestor_pairs::candles[0m[2m:[0m Loading 5m timeframe for ZKPUSDT
[2m2026-01-29T07:32:28.822813Z[0m [32m INFO[0m [2mingestor_pairs::candles[0m[2m:[0m Inserted 34 5m candles for ZKPUSDT
[2m2026-01-29T07:32:28.831250Z[0m [32m INFO[0m [2mingestor_pairs::candles[0m[2m:[0m Loading 15m timeframe for ZKPUSDT
[2m2026-01-29T07:32:28.842973Z[0m [32m INFO[0m [2mingestor_pairs::candles[0m[2m:[0m Inserted 170 1m candles for ZKPUSDT
[2m2026-01-29T07:32:28.849283Z[0m [32m INFO[0m [2mingestor_pairs::candles[0m[2m:[0m Loading 1h timeframe for ZKPUSDT
[2m2026-01-29T07:32:29.225931Z[0m [32m INFO[0m [2mingestor_pairs::candles[0m[2m:[0m Inserted 3 1h candles for ZKPUSDT
[2m2026-01-29T07:32:29.226373Z[0m [32m INFO[0m [2mingestor_pairs::candles[0m[2m:[0m Inserted 12 15m candles for ZKPUSDT
[2m2026-01-29T07:32:29.234269Z[0m [32m INFO[0m [2mingestor_pairs::candles[0m[2m:[0m Loading 1m timeframe for GUAUSDT
[2m2026-01-29T07:32:29.236027Z[0m [32m INFO[0m [2mingestor_pairs::candles[0m[2m:[0m Loading 5m timeframe for GUAUSDT
[2m2026-01-29T07:32:29.740116Z[0m [32m INFO[0m [2mingestor_pairs::candles[0m[2m:[0m Inserted 34 5m candles for GUAUSDT
[2m2026-01-29T07:32:29.748502Z[0m [32m INFO[0m [2mingestor_pairs::candles[0m[2m:[0m Loading 15m timeframe for GUAUSDT
[2m2026-01-29T07:32:29.772046Z[0m [32m INFO[0m [2mingestor_pairs::candles[0m[2m:[0m Inserted 170 1m candles for GUAUSDT
[2m2026-01-29T07:32:29.784071Z[0m [32m INFO[0m [2mingestor_pairs::candles[0m[2m:[0m Loading 1h timeframe for GUAUSDT
[2m2026-01-29T07:32:30.065427Z[0m [32m INFO[0m [2mingestor_pairs::candles[0m[2m:[0m Inserted 12 15m candles for GUAUSDT
[2m2026-01-29T07:32:30.074579Z[0m [32m INFO[0m [2mingestor_pairs::candles[0m[2m:[0m Loading 4h timeframe for GUAUSDT
[2m2026-01-29T07:32:30.098233Z[0m [32m INFO[0m [2mingestor_pairs::candles[0m[2m:[0m Inserted 3 1h candles for GUAUSDT
[2m2026-01-29T07:32:30.111094Z[0m [32m INFO[0m [2mingestor_pairs::candles[0m[2m:[0m Loading 1d timeframe for GUAUSDT
[2m2026-01-29T07:32:30.447727Z[0m [32m INFO[0m [2mingestor_pairs::candles[0m[2m:[0m Inserted 0 1d candles for GUAUSDT
[2m2026-01-29T07:32:30.447751Z[0m [32m INFO[0m [2mingestor_pairs::candles[0m[2m:[0m Inserted 0 4h candles for GUAUSDT
[2m2026-01-29T07:32:30.457973Z[0m [32m INFO[0m [2mingestor_pairs::candles[0m[2m:[0m Loading 1m timeframe for IRUSDT
[2m2026-01-29T07:32:30.459975Z[0m [32m INFO[0m [2mingestor_pairs::candles[0m[2m:[0m Loading 5m timeframe for IRUSDT
[2m2026-01-29T07:32:30.866375Z[0m [32m INFO[0m [2mingestor_pairs::candles[0m[2m:[0m Inserted 34 5m candles for IRUSDT
[2m2026-01-29T07:32:30.874207Z[0m [32m INFO[0m [2mingestor_pairs::candles[0m[2m:[0m Loading 15m timeframe for IRUSDT
[2m2026-01-29T07:32:30.888318Z[0m [32m INFO[0m [2mingestor_pairs::candles[0m[2m:[0m Inserted 170 1m candles for IRUSDT
[2m2026-01-29T07:32:30.899150Z[0m [32m INFO[0m [2mingestor_pairs::candles[0m[2m:[0m Loading 1h timeframe for IRUSDT
[2m2026-01-29T07:32:31.271183Z[0m [32m INFO[0m [2mingestor_pairs::candles[0m[2m:[0m Inserted 3 1h candles for IRUSDT
[2m2026-01-29T07:32:31.271870Z[0m [32m INFO[0m [2mingestor_pairs::candles[0m[2m:[0m Inserted 12 15m candles for IRUSDT
[2m2026-01-29T07:32:31.280950Z[0m [32m INFO[0m [2mingestor_pairs::candles[0m[2m:[0m Loading 4h timeframe for IRUSDT
[2m2026-01-29T07:32:31.281347Z[0m [32m INFO[0m [2mingestor_pairs::candles[0m[2m:[0m Loading 1d timeframe for IRUSDT
[2m2026-01-29T07:32:31.675875Z[0m [32m INFO[0m [2mingestor_pairs::candles[0m[2m:[0m Inserted 0 1d candles for IRUSDT
[2m2026-01-29T07:32:31.676189Z[0m [32m INFO[0m [2mingestor_pairs::candles[0m[2m:[0m Inserted 0 4h candles for IRUSDT
[2m2026-01-29T07:32:31.683870Z[0m [32m INFO[0m [2mingestor_pairs::candles[0m[2m:[0m Loading 1m timeframe for LITUSDT
[2m2026-01-29T07:32:31.685502Z[0m [32m INFO[0m [2mingestor_pairs::candles[0m[2m:[0m Loading 5m timeframe for LITUSDT
[2m2026-01-29T07:32:32.093438Z[0m [32m INFO[0m [2mingestor_pairs::candles[0m[2m:[0m Inserted 34 5m candles for LITUSDT
[2m2026-01-29T07:32:32.101611Z[0m [32m INFO[0m [2mingestor_pairs::candles[0m[2m:[0m Loading 15m timeframe for LITUSDT
[2m2026-01-29T07:32:32.115464Z[0m [32m INFO[0m [2mingestor_pairs::candles[0m[2m:[0m Inserted 170 1m candles for LITUSDT
[2m2026-01-29T07:32:32.128706Z[0m [32m INFO[0m [2mingestor_pairs::candles[0m[2m:[0m Loading 1h timeframe for LITUSDT
[2m2026-01-29T07:32:32.504025Z[0m [32m INFO[0m [2mingestor_pairs::candles[0m[2m:[0m Inserted 3 1h candles for LITUSDT
[2m2026-01-29T07:32:32.504534Z[0m [32m INFO[0m [2mingestor_pairs::candles[0m[2m:[0m Inserted 12 15m candles for LITUSDT
[2m2026-01-29T07:32:32.513275Z[0m [32m INFO[0m [2mingestor_pairs::candles[0m[2m:[0m Loading 4h timeframe for LITUSDT
[2m2026-01-29T07:32:32.514864Z[0m [32m INFO[0m [2mingestor_pairs::candles[0m[2m:[0m Loading 1d timeframe for LITUSDT
[2m2026-01-29T07:32:32.826800Z[0m [32m INFO[0m [2mingestor_pairs::candles[0m[2m:[0m Inserted 0 4h candles for LITUSDT
[2m2026-01-29T07:32:32.835687Z[0m [32m INFO[0m [2mingestor_pairs::candles[0m[2m:[0m Loading 1m timeframe for BREVUSDT
[2m2026-01-29T07:32:32.836621Z[0m [32m INFO[0m [2mingestor_pairs::candles[0m[2m:[0m Inserted 0 1d candles for LITUSDT
[2m2026-01-29T07:32:32.854798Z[0m [32m INFO[0m [2mingestor_pairs::candles[0m[2m:[0m Loading 5m timeframe for BREVUSDT
[2m2026-01-29T07:32:33.175600Z[0m [32m INFO[0m [2mingestor_pairs::candles[0m[2m:[0m Inserted 170 1m candles for BREVUSDT
[2m2026-01-29T07:32:33.176623Z[0m [32m INFO[0m [2mingestor_pairs::candles[0m[2m:[0m Inserted 34 5m candles for BREVUSDT
[2m2026-01-29T07:32:33.180233Z[0m [32m INFO[0m [2mingestor_pairs::candles[0m[2m:[0m Loading 15m timeframe for BREVUSDT
[2m2026-01-29T07:32:33.181096Z[0m [32m INFO[0m [2mingestor_pairs::candles[0m[2m:[0m Loading 1h timeframe for BREVUSDT
[2m2026-01-29T07:32:33.522334Z[0m [32m INFO[0m [2mingestor_pairs::candles[0m[2m:[0m Inserted 3 1h candles for BREVUSDT
[2m2026-01-29T07:32:33.522692Z[0m [32m INFO[0m [2mingestor_pairs::candles[0m[2m:[0m Inserted 12 15m candles for BREVUSDT
[2m2026-01-29T07:32:33.527911Z[0m [32m INFO[0m [2mingestor_pairs::candles[0m[2m:[0m Loading 4h timeframe for BREVUSDT
[2m2026-01-29T07:32:33.528255Z[0m [32m INFO[0m [2mingestor_pairs::candles[0m[2m:[0m Loading 1d timeframe for BREVUSDT
[2m2026-01-29T07:32:33.929740Z[0m [32m INFO[0m [2mingestor_pairs::candles[0m[2m:[0m Inserted 0 4h candles for BREVUSDT
[2m2026-01-29T07:32:33.929812Z[0m [32m INFO[0m [2mingestor_pairs::candles[0m[2m:[0m Inserted 0 1d candles for BREVUSDT
[2m2026-01-29T07:32:33.938720Z[0m [32m INFO[0m [2mingestor_pairs::candles[0m[2m:[0m Loading 5m timeframe for COLLECTUSDT
[2m2026-01-29T07:32:33.940076Z[0m [32m INFO[0m [2mingestor_pairs::candles[0m[2m:[0m Loading 1m timeframe for COLLECTUSDT
[2m2026-01-29T07:32:34.346913Z[0m [32m INFO[0m [2mingestor_pairs::candles[0m[2m:[0m Inserted 34 5m candles for COLLECTUSDT
[2m2026-01-29T07:32:34.355239Z[0m [32m INFO[0m [2mingestor_pairs::candles[0m[2m:[0m Loading 1d timeframe for ZKPUSDT
[2m2026-01-29T07:32:34.368565Z[0m [32m INFO[0m [2mingestor_pairs::candles[0m[2m:[0m Inserted 169 1m candles for COLLECTUSDT
[2m2026-01-29T07:32:34.379306Z[0m [32m INFO[0m [2mingestor_pairs::candles[0m[2m:[0m Loading 15m timeframe for COLLECTUSDT
[2m2026-01-29T07:32:34.851754Z[0m [32m INFO[0m [2mingestor_pairs::candles[0m[2m:[0m Inserted 0 1d candles for ZKPUSDT
[2m2026-01-29T07:32:34.859614Z[0m [32m INFO[0m [2mingestor_pairs::candles[0m[2m:[0m Inserted 12 15m candles for COLLECTUSDT
[2m2026-01-29T07:32:34.862498Z[0m [32m INFO[0m [2mingestor_pairs::candles[0m[2m:[0m Loading 1h timeframe for COLLECTUSDT
[2m2026-01-29T07:32:34.872115Z[0m [32m INFO[0m [2mingestor_pairs::candles[0m[2m:[0m Loading 4h timeframe for COLLECTUSDT
[2m2026-01-29T07:32:35.262836Z[0m [32m INFO[0m [2mingestor_pairs::candles[0m[2m:[0m Inserted 0 4h candles for COLLECTUSDT
[2m2026-01-29T07:32:35.269407Z[0m [32m INFO[0m [2mingestor_pairs::candles[0m[2m:[0m Inserted 3 1h candles for COLLECTUSDT
[2m2026-01-29T07:32:35.272087Z[0m [32m INFO[0m [2mingestor_pairs::candles[0m[2m:[0m Loading 1d timeframe for COLLECTUSDT
[2m2026-01-29T07:32:35.279779Z[0m [32m INFO[0m [2mingestor_pairs::candles[0m[2m:[0m Loading 4h timeframe for ZKPUSDT
[2m2026-01-29T07:32:35.580294Z[0m [32m INFO[0m [2mingestor_pairs::candles[0m[2m:[0m Inserted 0 1d candles for COLLECTUSDT
[2m2026-01-29T07:32:35.581451Z[0m [32m INFO[0m [2mingestor_pairs::candles[0m[2m:[0m Inserted 0 4h candles for ZKPUSDT
[2m2026-01-29T07:32:35.589973Z[0m [32m INFO[0m [2mingestor_pairs::candles[0m[2m:[0m Loading 1m timeframe for MAGMAUSDT
[2m2026-01-29T07:32:35.591595Z[0m [32m INFO[0m [2mingestor_pairs::candles[0m[2m:[0m Loading 5m timeframe for MAGMAUSDT
[2m2026-01-29T07:32:35.909251Z[0m [32m INFO[0m [2mingestor_pairs::candles[0m[2m:[0m Inserted 34 5m candles for MAGMAUSDT
[2m2026-01-29T07:32:35.918565Z[0m [32m INFO[0m [2mingestor_pairs::candles[0m[2m:[0m Loading 15m timeframe for MAGMAUSDT
[2m2026-01-29T07:32:35.933454Z[0m [32m INFO[0m [2mingestor_pairs::candles[0m[2m:[0m Inserted 170 1m candles for MAGMAUSDT
[2m2026-01-29T07:32:35.945271Z[0m [32m INFO[0m [2mingestor_pairs::candles[0m[2m:[0m Loading 1h timeframe for MAGMAUSDT
[2m2026-01-29T07:32:36.238502Z[0m [32m INFO[0m [2mingestor_pairs::candles[0m[2m:[0m Inserted 12 15m candles for MAGMAUSDT
[2m2026-01-29T07:32:36.247524Z[0m [32m INFO[0m [2mingestor_pairs::candles[0m[2m:[0m Loading 4h timeframe for MAGMAUSDT
[2m2026-01-29T07:32:36.268404Z[0m [32m INFO[0m [2mingestor_pairs::candles[0m[2m:[0m Inserted 3 1h candles for MAGMAUSDT
[2m2026-01-29T07:32:36.284175Z[0m [32m INFO[0m [2mingestor_pairs::candles[0m[2m:[0m Loading 1d timeframe for MAGMAUSDT
[2m2026-01-29T07:32:36.593047Z[0m [32m INFO[0m [2mingestor_pairs::candles[0m[2m:[0m Inserted 0 4h candles for MAGMAUSDT
[2m2026-01-29T07:32:36.598339Z[0m [32m INFO[0m [2mingestor_pairs::candles[0m[2m:[0m Inserted 0 1d candles for MAGMAUSDT
[2m2026-01-29T07:32:36.603045Z[0m [32m INFO[0m [2mingestor_pairs::candles[0m[2m:[0m Loading 1m timeframe for ZAMAUSDT
[2m2026-01-29T07:32:36.606749Z[0m [32m INFO[0m [2mingestor_pairs::candles[0m[2m:[0m Loading 5m timeframe for ZAMAUSDT
[2m2026-01-29T07:32:37.009493Z[0m [32m INFO[0m [2mingestor_pairs::candles[0m[2m:[0m Inserted 34 5m candles for ZAMAUSDT
[2m2026-01-29T07:32:37.017510Z[0m [32m INFO[0m [2mingestor_pairs::candles[0m[2m:[0m Loading 15m timeframe for ZAMAUSDT
[2m2026-01-29T07:32:37.044896Z[0m [32m INFO[0m [2mingestor_pairs::candles[0m[2m:[0m Inserted 170 1m candles for ZAMAUSDT
[2m2026-01-29T07:32:37.056384Z[0m [32m INFO[0m [2mingestor_pairs::candles[0m[2m:[0m Loading 1h timeframe for ZAMAUSDT
[2m2026-01-29T07:32:37.416722Z[0m [32m INFO[0m [2mingestor_pairs::candles[0m[2m:[0m Inserted 3 1h candles for ZAMAUSDT
[2m2026-01-29T07:32:37.417446Z[0m [32m INFO[0m [2mingestor_pairs::candles[0m[2m:[0m Inserted 12 15m candles for ZAMAUSDT
[2m2026-01-29T07:32:37.425647Z[0m [32m INFO[0m [2mingestor_pairs::candles[0m[2m:[0m Loading 4h timeframe for ZAMAUSDT
[2m2026-01-29T07:32:37.427981Z[0m [32m INFO[0m [2mingestor_pairs::candles[0m[2m:[0m Loading 1d timeframe for ZAMAUSDT
[2m2026-01-29T07:32:37.821607Z[0m [32m INFO[0m [2mingestor_pairs::candles[0m[2m:[0m Inserted 0 1d candles for ZAMAUSDT
[2m2026-01-29T07:32:37.821743Z[0m [32m INFO[0m [2mingestor_pairs::candles[0m[2m:[0m Inserted 0 4h candles for ZAMAUSDT
[2m2026-01-29T07:32:37.831299Z[0m [32m INFO[0m [2mingestor_pairs::candles[0m[2m:[0m Loading 1m timeframe for FOGOUSDT
[2m2026-01-29T07:32:37.832720Z[0m [32m INFO[0m [2mingestor_pairs::candles[0m[2m:[0m Loading 5m timeframe for FOGOUSDT
[2m2026-01-29T07:32:38.237904Z[0m [32m INFO[0m [2mingestor_pairs::candles[0m[2m:[0m Inserted 34 5m candles for FOGOUSDT
[2m2026-01-29T07:32:38.246158Z[0m [32m INFO[0m [2mingestor_pairs::candles[0m[2m:[0m Loading 15m timeframe for FOGOUSDT
[2m2026-01-29T07:32:38.262643Z[0m [32m INFO[0m [2mingestor_pairs::candles[0m[2m:[0m Inserted 169 1m candles for FOGOUSDT
[2m2026-01-29T07:32:38.274070Z[0m [32m INFO[0m [2mingestor_pairs::candles[0m[2m:[0m Loading 1h timeframe for FOGOUSDT
[2m2026-01-29T07:32:38.647462Z[0m [32m INFO[0m [2mingestor_pairs::candles[0m[2m:[0m Inserted 3 1h candles for FOGOUSDT
[2m2026-01-29T07:32:38.648168Z[0m [32m INFO[0m [2mingestor_pairs::candles[0m[2m:[0m Inserted 12 15m candles for FOGOUSDT
[2m2026-01-29T07:32:38.655845Z[0m [32m INFO[0m [2mingestor_pairs::candles[0m[2m:[0m Loading 4h timeframe for FOGOUSDT
[2m2026-01-29T07:32:38.657105Z[0m [32m INFO[0m [2mingestor_pairs::candles[0m[2m:[0m Loading 1d timeframe for FOGOUSDT
[2m2026-01-29T07:32:39.050696Z[0m [32m INFO[0m [2mingestor_pairs::candles[0m[2m:[0m Inserted 0 4h candles for FOGOUSDT
[2m2026-01-29T07:32:39.050748Z[0m [32m INFO[0m [2mingestor_pairs::candles[0m[2m:[0m Inserted 0 1d candles for FOGOUSDT
[2m2026-01-29T07:32:39.060703Z[0m [32m INFO[0m [2mingestor_pairs::candles[0m[2m:[0m Loading 1m timeframe for FRAXUSDT
[2m2026-01-29T07:32:39.063578Z[0m [32m INFO[0m [2mingestor_pairs::candles[0m[2m:[0m Loading 5m timeframe for FRAXUSDT
[2m2026-01-29T07:32:39.467501Z[0m [32m INFO[0m [2mingestor_pairs::candles[0m[2m:[0m Inserted 34 5m candles for FRAXUSDT
[2m2026-01-29T07:32:39.474316Z[0m [32m INFO[0m [2mingestor_pairs::candles[0m[2m:[0m Loading 15m timeframe for FRAXUSDT
[2m2026-01-29T07:32:39.482229Z[0m [32m INFO[0m [2mingestor_pairs::candles[0m[2m:[0m Inserted 169 1m candles for FRAXUSDT
[2m2026-01-29T07:32:39.487505Z[0m [32m INFO[0m [2mingestor_pairs::candles[0m[2m:[0m Loading 1h timeframe for FRAXUSDT
[2m2026-01-29T07:32:39.778554Z[0m [32m INFO[0m [2mingestor_pairs::candles[0m[2m:[0m Inserted 12 15m candles for FRAXUSDT
[2m2026-01-29T07:32:39.788672Z[0m [32m INFO[0m [2mingestor_pairs::candles[0m[2m:[0m Loading 4h timeframe for FRAXUSDT
[2m2026-01-29T07:32:39.790691Z[0m [32m INFO[0m [2mingestor_pairs::candles[0m[2m:[0m Inserted 3 1h candles for FRAXUSDT
[2m2026-01-29T07:32:39.814516Z[0m [32m INFO[0m [2mingestor_pairs::candles[0m[2m:[0m Loading 1d timeframe for FRAXUSDT
[2m2026-01-29T07:32:40.097579Z[0m [32m INFO[0m [2mingestor_pairs::candles[0m[2m:[0m Inserted 0 4h candles for FRAXUSDT
[2m2026-01-29T07:32:40.106767Z[0m [32m INFO[0m [2mingestor_pairs::candles[0m[2m:[0m Loading 1m timeframe for SPORTFUNUSDT
[2m2026-01-29T07:32:40.127074Z[0m [32m INFO[0m [2mingestor_pairs::candles[0m[2m:[0m Inserted 0 1d candles for FRAXUSDT
[2m2026-01-29T07:32:40.138905Z[0m [32m INFO[0m [2mingestor_pairs::candles[0m[2m:[0m Loading 5m timeframe for SPORTFUNUSDT
[2m2026-01-29T07:32:40.491679Z[0m [32m INFO[0m [2mingestor_pairs::candles[0m[2m:[0m Inserted 34 5m candles for SPORTFUNUSDT
[2m2026-01-29T07:32:40.499271Z[0m [32m INFO[0m [2mingestor_pairs::candles[0m[2m:[0m Loading 15m timeframe for SPORTFUNUSDT
[2m2026-01-29T07:32:40.514625Z[0m [32m INFO[0m [2mingestor_pairs::candles[0m[2m:[0m Inserted 169 1m candles for SPORTFUNUSDT
[2m2026-01-29T07:32:40.527100Z[0m [32m INFO[0m [2mingestor_pairs::candles[0m[2m:[0m Loading 1h timeframe for SPORTFUNUSDT
[2m2026-01-29T07:32:40.897794Z[0m [32m INFO[0m [2mingestor_pairs::candles[0m[2m:[0m Inserted 3 1h candles for SPORTFUNUSDT
[2m2026-01-29T07:32:40.898472Z[0m [32m INFO[0m [2mingestor_pairs::candles[0m[2m:[0m Inserted 12 15m candles for SPORTFUNUSDT
[2m2026-01-29T07:32:40.907157Z[0m [32m INFO[0m [2mingestor_pairs::candles[0m[2m:[0m Loading 4h timeframe for SPORTFUNUSDT
[2m2026-01-29T07:32:40.908952Z[0m [32m INFO[0m [2mingestor_pairs::candles[0m[2m:[0m Loading 1d timeframe for SPORTFUNUSDT
[2m2026-01-29T07:32:41.301263Z[0m [32m INFO[0m [2mingestor_pairs::candles[0m[2m:[0m Inserted 0 1d candles for SPORTFUNUSDT
[2m2026-01-29T07:32:41.301431Z[0m [32m INFO[0m [2mingestor_pairs::candles[0m[2m:[0m Inserted 0 4h candles for SPORTFUNUSDT
[2m2026-01-29T07:32:41.309895Z[0m [32m INFO[0m [2mingestor_pairs::candles[0m[2m:[0m Loading 1m timeframe for AIAUSDT
[2m2026-01-29T07:32:41.310769Z[0m [32m INFO[0m [2mingestor_pairs::candles[0m[2m:[0m Loading 5m timeframe for AIAUSDT
[2m2026-01-29T07:32:41.655343Z[0m [32m INFO[0m [2mingestor_pairs::candles[0m[2m:[0m Inserted 34 5m candles for AIAUSDT
[2m2026-01-29T07:32:41.660221Z[0m [32m INFO[0m [2mingestor_pairs::candles[0m[2m:[0m Loading 15m timeframe for AIAUSDT
[2m2026-01-29T07:32:41.667462Z[0m [32m INFO[0m [2mingestor_pairs::candles[0m[2m:[0m Inserted 169 1m candles for AIAUSDT
[2m2026-01-29T07:32:41.673142Z[0m [32m INFO[0m [2mingestor_pairs::candles[0m[2m:[0m Loading 1h timeframe for AIAUSDT
[2m2026-01-29T07:32:42.025466Z[0m [32m INFO[0m [2mingestor_pairs::candles[0m[2m:[0m Inserted 12 15m candles for AIAUSDT
[2m2026-01-29T07:32:42.025584Z[0m [32m INFO[0m [2mingestor_pairs::candles[0m[2m:[0m Inserted 3 1h candles for AIAUSDT
[2m2026-01-29T07:32:42.034538Z[0m [32m INFO[0m [2mingestor_pairs::candles[0m[2m:[0m Loading 1d timeframe for AIAUSDT
[2m2026-01-29T07:32:42.036773Z[0m [32m INFO[0m [2mingestor_pairs::candles[0m[2m:[0m Loading 4h timeframe for AIAUSDT
[2m2026-01-29T07:32:42.429038Z[0m [32m INFO[0m [2mingestor_pairs::candles[0m[2m:[0m Inserted 0 4h candles for AIAUSDT
[2m2026-01-29T07:32:42.429048Z[0m [32m INFO[0m [2mingestor_pairs::candles[0m[2m:[0m Inserted 0 1d candles for AIAUSDT
[2m2026-01-29T07:32:42.439458Z[0m [32m INFO[0m [2mingestor_pairs::candles[0m[2m:[0m Loading 5m timeframe for ACUUSDT
[2m2026-01-29T07:32:42.440139Z[0m [32m INFO[0m [2mingestor_pairs::candles[0m[2m:[0m Loading 1m timeframe for ACUUSDT
[2m2026-01-29T07:32:42.850303Z[0m [32m INFO[0m [2mingestor_pairs::candles[0m[2m:[0m Inserted 34 5m candles for ACUUSDT
[2m2026-01-29T07:32:42.859822Z[0m [32m INFO[0m [2mingestor_pairs::candles[0m[2m:[0m Loading 15m timeframe for ACUUSDT
[2m2026-01-29T07:32:42.881751Z[0m [32m INFO[0m [2mingestor_pairs::candles[0m[2m:[0m Inserted 169 1m candles for ACUUSDT
[2m2026-01-29T07:32:42.901559Z[0m [32m INFO[0m [2mingestor_pairs::candles[0m[2m:[0m Loading 1h timeframe for ACUUSDT
[2m2026-01-29T07:32:43.257413Z[0m [32m INFO[0m [2mingestor_pairs::candles[0m[2m:[0m Inserted 12 15m candles for ACUUSDT
[2m2026-01-29T07:32:43.265727Z[0m [32m INFO[0m [2mingestor_pairs::candles[0m[2m:[0m Loading 4h timeframe for ACUUSDT
[2m2026-01-29T07:32:43.287127Z[0m [32m INFO[0m [2mingestor_pairs::candles[0m[2m:[0m Inserted 3 1h candles for ACUUSDT
[2m2026-01-29T07:32:43.299059Z[0m [32m INFO[0m [2mingestor_pairs::candles[0m[2m:[0m Loading 1d timeframe for ACUUSDT
[2m2026-01-29T07:32:43.658148Z[0m [32m INFO[0m [2mingestor_pairs::candles[0m[2m:[0m Inserted 0 1d candles for ACUUSDT
[2m2026-01-29T07:32:43.658148Z[0m [32m INFO[0m [2mingestor_pairs::candles[0m[2m:[0m Inserted 0 4h candles for ACUUSDT
[2m2026-01-29T07:32:43.661658Z[0m [32m INFO[0m [2mingestor_pairs::candles[0m[2m:[0m Loading 1h timeframe for 我踏马来了USDT
[2m2026-01-29T07:32:43.662315Z[0m [32m INFO[0m [2mingestor_pairs::candles[0m[2m:[0m Loading 1m timeframe for 我踏马来了USDT
[2m2026-01-29T07:32:43.972418Z[0m [32m INFO[0m [2mingestor_pairs::candles[0m[2m:[0m Inserted 3 1h candles for 我踏马来了USDT
[2m2026-01-29T07:32:43.981665Z[0m [32m INFO[0m [2mingestor_pairs::candles[0m[2m:[0m Loading 4h timeframe for 我踏马来了USDT
[2m2026-01-29T07:32:43.990994Z[0m [32m INFO[0m [2mingestor_pairs::candles[0m[2m:[0m Inserted 169 1m candles for 我踏马来了USDT
[2m2026-01-29T07:32:43.996683Z[0m [32m INFO[0m [2mingestor_pairs::candles[0m[2m:[0m Loading 1d timeframe for 我踏马来了USDT
[2m2026-01-29T07:32:44.283209Z[0m [32m INFO[0m [2mingestor_pairs::candles[0m[2m:[0m Inserted 0 4h candles for 我踏马来了USDT
[2m2026-01-29T07:32:44.293018Z[0m [32m INFO[0m [2mingestor_pairs::candles[0m[2m:[0m Loading 1m timeframe for ELSAUSDT
[2m2026-01-29T07:32:44.299243Z[0m [32m INFO[0m [2mingestor_pairs::candles[0m[2m:[0m Inserted 0 1d candles for 我踏马来了USDT
[2m2026-01-29T07:32:44.313187Z[0m [32m INFO[0m [2mingestor_pairs::candles[0m[2m:[0m Loading 5m timeframe for ELSAUSDT
[2m2026-01-29T07:32:44.690213Z[0m [32m INFO[0m [2mingestor_pairs::candles[0m[2m:[0m Inserted 34 5m candles for ELSAUSDT
[2m2026-01-29T07:32:44.696841Z[0m [32m INFO[0m [2mingestor_pairs::candles[0m[2m:[0m Loading 15m timeframe for ELSAUSDT
[2m2026-01-29T07:32:44.702532Z[0m [32m INFO[0m [2mingestor_pairs::candles[0m[2m:[0m Inserted 169 1m candles for ELSAUSDT
[2m2026-01-29T07:32:44.710689Z[0m [32m INFO[0m [2mingestor_pairs::candles[0m[2m:[0m Loading 1h timeframe for ELSAUSDT
[2m2026-01-29T07:32:45.004318Z[0m [32m INFO[0m [2mingestor_pairs::candles[0m[2m:[0m Inserted 12 15m candles for ELSAUSDT
[2m2026-01-29T07:32:45.011645Z[0m [32m INFO[0m [2mingestor_pairs::candles[0m[2m:[0m Inserted 3 1h candles for ELSAUSDT
[2m2026-01-29T07:32:45.013895Z[0m [32m INFO[0m [2mingestor_pairs::candles[0m[2m:[0m Loading 4h timeframe for ELSAUSDT
[2m2026-01-29T07:32:45.021135Z[0m [32m INFO[0m [2mingestor_pairs::candles[0m[2m:[0m Loading 1d timeframe for ELSAUSDT
[2m2026-01-29T07:32:45.396720Z[0m [32m INFO[0m [2mingestor_pairs::candles[0m[2m:[0m Inserted 0 4h candles for ELSAUSDT
[2m2026-01-29T07:32:45.396748Z[0m [32m INFO[0m [2mingestor_pairs::candles[0m[2m:[0m Inserted 0 1d candles for ELSAUSDT
[2m2026-01-29T07:32:45.406503Z[0m [32m INFO[0m [2mingestor_pairs::candles[0m[2m:[0m Loading 5m timeframe for SKRUSDT
[2m2026-01-29T07:32:45.409751Z[0m [32m INFO[0m [2mingestor_pairs::candles[0m[2m:[0m Loading 1m timeframe for SKRUSDT
[2m2026-01-29T07:32:45.818313Z[0m [32m INFO[0m [2mingestor_pairs::candles[0m[2m:[0m Inserted 34 5m candles for SKRUSDT
[2m2026-01-29T07:32:45.826052Z[0m [32m INFO[0m [2mingestor_pairs::candles[0m[2m:[0m Loading 15m timeframe for SKRUSDT
[2m2026-01-29T07:32:45.832084Z[0m [32m INFO[0m [2mingestor_pairs::candles[0m[2m:[0m Inserted 169 1m candles for SKRUSDT
[2m2026-01-29T07:32:45.837327Z[0m [32m INFO[0m [2mingestor_pairs::candles[0m[2m:[0m Loading 1h timeframe for SKRUSDT
[2m2026-01-29T07:32:46.160518Z[0m [32m INFO[0m [2mingestor_pairs::candles[0m[2m:[0m Inserted 12 15m candles for SKRUSDT
[2m2026-01-29T07:32:46.165697Z[0m [32m INFO[0m [2mingestor_pairs::candles[0m[2m:[0m Inserted 3 1h candles for SKRUSDT
[2m2026-01-29T07:32:46.170517Z[0m [32m INFO[0m [2mingestor_pairs::candles[0m[2m:[0m Loading 4h timeframe for SKRUSDT
[2m2026-01-29T07:32:46.174976Z[0m [32m INFO[0m [2mingestor_pairs::candles[0m[2m:[0m Loading 1d timeframe for SKRUSDT
[2m2026-01-29T07:32:46.478615Z[0m [32m INFO[0m [2mingestor_pairs::candles[0m[2m:[0m Inserted 0 4h candles for SKRUSDT
[2m2026-01-29T07:32:46.488451Z[0m [32m INFO[0m [2mingestor_pairs::candles[0m[2m:[0m Loading 1m timeframe for SPACEUSDT
[2m2026-01-29T07:32:46.489297Z[0m [32m INFO[0m [2mingestor_pairs::candles[0m[2m:[0m Inserted 0 1d candles for SKRUSDT
[2m2026-01-29T07:32:46.508524Z[0m [32m INFO[0m [2mingestor_pairs::candles[0m[2m:[0m Loading 5m timeframe for SPACEUSDT
[2m2026-01-29T07:32:46.825829Z[0m [32m INFO[0m [2mingestor_pairs::candles[0m[2m:[0m Inserted 169 1m candles for SPACEUSDT
[2m2026-01-29T07:32:46.826227Z[0m [32m INFO[0m [2mingestor_pairs::candles[0m[2m:[0m Inserted 34 5m candles for SPACEUSDT
[2m2026-01-29T07:32:46.833757Z[0m [32m INFO[0m [2mingestor_pairs::candles[0m[2m:[0m Loading 15m timeframe for SPACEUSDT
[2m2026-01-29T07:32:46.836083Z[0m [32m INFO[0m [2mingestor_pairs::candles[0m[2m:[0m Loading 1h timeframe for SPACEUSDT
[2m2026-01-29T07:32:47.245818Z[0m [32m INFO[0m [2mingestor_pairs::candles[0m[2m:[0m Inserted 3 1h candles for SPACEUSDT
[2m2026-01-29T07:32:47.246460Z[0m [32m INFO[0m [2mingestor_pairs::candles[0m[2m:[0m Inserted 12 15m candles for SPACEUSDT
[2m2026-01-29T07:32:47.254594Z[0m [32m INFO[0m [2mingestor_pairs::candles[0m[2m:[0m Loading 4h timeframe for SPACEUSDT
[2m2026-01-29T07:32:47.256247Z[0m [32m INFO[0m [2mingestor_pairs::candles[0m[2m:[0m Loading 1d timeframe for SPACEUSDT
[2m2026-01-29T07:32:47.651194Z[0m [32m INFO[0m [2mingestor_pairs::candles[0m[2m:[0m Inserted 0 1d candles for SPACEUSDT
[2m2026-01-29T07:32:47.651211Z[0m [32m INFO[0m [2mingestor_pairs::candles[0m[2m:[0m Inserted 0 4h candles for SPACEUSDT
[2m2026-01-29T07:32:47.660216Z[0m [32m INFO[0m [2mingestor_pairs::candles[0m[2m:[0m Loading 5m timeframe for FIGHTUSDT
[2m2026-01-29T07:32:47.663047Z[0m [32m INFO[0m [2mingestor_pairs::candles[0m[2m:[0m Loading 1m timeframe for FIGHTUSDT
[2m2026-01-29T07:32:48.068900Z[0m [32m INFO[0m [2mingestor_pairs::candles[0m[2m:[0m Inserted 34 5m candles for FIGHTUSDT
[2m2026-01-29T07:32:48.077421Z[0m [32m INFO[0m [2mingestor_pairs::candles[0m[2m:[0m Loading 15m timeframe for FIGHTUSDT
[2m2026-01-29T07:32:48.094430Z[0m [32m INFO[0m [2mingestor_pairs::candles[0m[2m:[0m Inserted 169 1m candles for FIGHTUSDT
[2m2026-01-29T07:32:48.109797Z[0m [32m INFO[0m [2mingestor_pairs::candles[0m[2m:[0m Loading 1h timeframe for FIGHTUSDT
[2m2026-01-29T07:32:48.393643Z[0m [32m INFO[0m [2mingestor_pairs::candles[0m[2m:[0m Inserted 12 15m candles for FIGHTUSDT
[2m2026-01-29T07:32:48.402312Z[0m [32m INFO[0m [2mingestor_pairs::candles[0m[2m:[0m Loading 4h timeframe for FIGHTUSDT
[2m2026-01-29T07:32:48.423753Z[0m [32m INFO[0m [2mingestor_pairs::candles[0m[2m:[0m Inserted 3 1h candles for FIGHTUSDT
[2m2026-01-29T07:32:48.435234Z[0m [32m INFO[0m [2mingestor_pairs::candles[0m[2m:[0m Loading 1d timeframe for FIGHTUSDT
[2m2026-01-29T07:32:48.776463Z[0m [32m INFO[0m [2mingestor_pairs::candles[0m[2m:[0m Inserted 0 4h candles for FIGHTUSDT
[2m2026-01-29T07:32:48.776464Z[0m [32m INFO[0m [2mingestor_pairs::candles[0m[2m:[0m Inserted 0 1d candles for FIGHTUSDT
[2m2026-01-29T07:32:48.784704Z[0m [32m INFO[0m [2mingestor_pairs::candles[0m[2m:[0m Loading 5m timeframe for BIRBUSDT
[2m2026-01-29T07:32:48.786205Z[0m [32m INFO[0m [2mingestor_pairs::candles[0m[2m:[0m Loading 1m timeframe for BIRBUSDT
[2m2026-01-29T07:32:49.298468Z[0m [32m INFO[0m [2mingestor_pairs::candles[0m[2m:[0m Inserted 28 5m candles for BIRBUSDT
[2m2026-01-29T07:32:49.307026Z[0m [32m INFO[0m [2mingestor_pairs::candles[0m[2m:[0m Loading 15m timeframe for BIRBUSDT
[2m2026-01-29T07:32:49.314854Z[0m [32m INFO[0m [2mingestor_pairs::candles[0m[2m:[0m Inserted 138 1m candles for BIRBUSDT
[2m2026-01-29T07:32:49.325758Z[0m [32m INFO[0m [2mingestor_pairs::candles[0m[2m:[0m Loading 1h timeframe for BIRBUSDT
[2m2026-01-29T07:32:49.705283Z[0m [32m INFO[0m [2mingestor_pairs::candles[0m[2m:[0m Inserted 3 1h candles for BIRBUSDT
[2m2026-01-29T07:32:49.705719Z[0m [32m INFO[0m [2mingestor_pairs::candles[0m[2m:[0m Inserted 10 15m candles for BIRBUSDT
[2m2026-01-29T07:32:49.714286Z[0m [32m INFO[0m [2mingestor_pairs::candles[0m[2m:[0m Loading 4h timeframe for BIRBUSDT
[2m2026-01-29T07:32:49.715977Z[0m [32m INFO[0m [2mingestor_pairs::candles[0m[2m:[0m Loading 1d timeframe for BIRBUSDT
[2m2026-01-29T07:32:50.114427Z[0m [32m INFO[0m [2mingestor_pairs::candles[0m[2m:[0m Inserted 1 4h candles for BIRBUSDT
[2m2026-01-29T07:32:50.114547Z[0m [32m INFO[0m [2mingestor_pairs::candles[0m[2m:[0m Inserted 1 1d candles for BIRBUSDT
[2m2026-01-29T07:32:50.123234Z[0m [32m INFO[0m [2mingestor_pairs::candles[0m[2m:[0m Loading 1m timeframe for GWEIUSDT
[2m2026-01-29T07:32:50.126120Z[0m [32m INFO[0m [2mingestor_pairs::candles[0m[2m:[0m Loading 5m timeframe for GWEIUSDT
[2m2026-01-29T07:32:50.527206Z[0m [32m INFO[0m [2mingestor_pairs::candles[0m[2m:[0m Inserted 25 5m candles for GWEIUSDT
[2m2026-01-29T07:32:50.535360Z[0m [32m INFO[0m [2mingestor_pairs::candles[0m[2m:[0m Loading 15m timeframe for GWEIUSDT
[2m2026-01-29T07:32:50.545287Z[0m [32m INFO[0m [2mingestor_pairs::candles[0m[2m:[0m Inserted 123 1m candles for GWEIUSDT
[2m2026-01-29T07:32:50.561165Z[0m [32m INFO[0m [2mingestor_pairs::candles[0m[2m:[0m Loading 1h timeframe for GWEIUSDT
[2m2026-01-29T07:32:50.851448Z[0m [32m INFO[0m [2mingestor_pairs::candles[0m[2m:[0m Inserted 9 15m candles for GWEIUSDT
[2m2026-01-29T07:32:50.860516Z[0m [32m INFO[0m [2mingestor_pairs::candles[0m[2m:[0m Loading 4h timeframe for GWEIUSDT
[2m2026-01-29T07:32:50.884764Z[0m [32m INFO[0m [2mingestor_pairs::candles[0m[2m:[0m Inserted 3 1h candles for GWEIUSDT
[2m2026-01-29T07:32:50.898303Z[0m [32m INFO[0m [2mingestor_pairs::candles[0m[2m:[0m Loading 1d timeframe for GWEIUSDT
[2m2026-01-29T07:32:51.241231Z[0m [32m INFO[0m [2mingestor_pairs::candles[0m[2m:[0m Inserted 1 4h candles for GWEIUSDT
[2m2026-01-29T07:32:51.250525Z[0m [32m INFO[0m [2mingestor_pairs::candles[0m[2m:[0m Loading 5m timeframe for 我踏马来了USDT
[2m2026-01-29T07:32:51.568872Z[0m [32m INFO[0m [2mingestor_pairs::candles[0m[2m:[0m Inserted 34 5m candles for 我踏马来了USDT
[2m2026-01-29T07:32:51.577252Z[0m [32m INFO[0m [2mingestor_pairs::candles[0m[2m:[0m Loading 15m timeframe for 我踏马来了USDT
[2m2026-01-29T07:32:51.855234Z[0m [32m INFO[0m [2mingestor_pairs::candles[0m[2m:[0m Inserted 1 1d candles for GWEIUSDT
[2m2026-01-29T07:32:51.897619Z[0m [32m INFO[0m [2mingestor_pairs::candles[0m[2m:[0m Inserted 12 15m candles for 我踏马来了USDT
[2m2026-01-29T07:32:51.897785Z[0m [32m INFO[0m [2mingestor_pairs::candles[0m[2m:[0m Historical candle loading completed
[2m2026-01-29T07:32:51.898445Z[0m [32m INFO[0m [2mingestor_pairs[0m[2m:[0m Historical candle loading completed
[2m2026-01-29T07:32:51.898460Z[0m [32m INFO[0m [2mingestor_pairs[0m[2m:[0m Starting realtime candle ingestion...
[2m2026-01-29T07:32:51.898671Z[0m [32m INFO[0m [2mingestor_pairs::candles[0m[2m:[0m Starting realtime candle ingestion via WebSocket...
[2m2026-01-29T07:32:51.937086Z[0m [33m WARN[0m [2mingestor_pairs::candles[0m[2m:[0m Too many streams (2292), limiting to 200
[2m2026-01-29T07:32:51.937205Z[0m [32m INFO[0m [2mingestor_pairs::candles[0m[2m:[0m Connecting to WebSocket with 200 streams
[2m2026-01-29T07:32:51.937273Z[0m [32m INFO[0m [2mconnections_lib::binance_websocket[0m[2m:[0m Connecting to Binance WS: wss://fstream.binance.com/stream?streams=btcusdt@trade/ethusdt@trade/btcusdt@kline_1m

thread 'tokio-runtime-worker' (2795932) panicked at /home/anton/.cargo/registry/src/index.crates.io-1949cf8c6b5b557f/rustls-0.23.36/src/crypto/mod.rs:249:14:

Could not automatically determine the process-level CryptoProvider from Rustls crate features.
Call CryptoProvider::install_default() before this point to select a provider manually, or make sure exactly one of the 'aws-lc-rs' and 'ring' features is enabled.
See the documentation of the CryptoProvider type for more information.
            
note: run with `RUST_BACKTRACE=1` environment variable to display a backtrace
